[32m[0.019][core]-[Info]-[DjiCore_Init:107) Payload SDK Version : V3.11.0-beta.0-build.2206 Mar 12 2025 12:41:40 [0m
[37m[0.021][utils]-[Debug]-[DjiCore_RootTask:131) work execution time: [0m
[37m[0.021][utils]-[Debug]-[DjiCore_RootTask:132) name	                execution time (ms)	  max execution time (ms) [0m
[37m[0.021][utils]-[Debug]-[DjiCore_RootTask:134) recorderWork                    	0       	0        [0m
[37m[0.021][utils]-[Debug]-[DjiCore_RootTask:134) flowControllerTask              	0       	0        [0m
[37m[0.027][adapter]-[Debug]-[DjiAccessAdapter_CheckUserUartBaudRateAndAircraftSeries:1546) Try (p, s, r, c) = (2, 0x0a06, 0x0300, 0x03fd) [0m
[37m[0.035][linker]-[Debug]-[DjiLinker_Init:129) init linker success, protocol:2, channelId:0 [0m
[37m[0.035][linker]-[Debug]-[DjiProtocol_v1Pack:123) <0000>V1-Send: 0x0A06->0x0300 0x03FD [0m
[37m[0.042][linker]-[Debug]-[DjiProtocol_v1Unpack:170) protocol frame length error [0m
[37m[0.055][linker]-[Debug]-[DjiProtocol_v1Unpack:170) protocol frame length error [0m
[37m[0.055][linker]-[Debug]-[DjiProtocol_v1Pack:123) <0x01>V1-Send: 0x0A06->0x0300 0x03FD [0m
[37m[0.060][linker]-[Debug]-[DjiProtocol_v1Unpack:170) protocol frame length error [0m
[37m[0.061][linker]-[Debug]-[DjiProtocol_v1Unpack:170) protocol frame length error [0m
[37m[0.062][linker]-[Debug]-[DjiProtocol_v1Unpack:170) protocol frame length error [0m
[37m[0.069][linker]-[Debug]-[DjiProtocol_v1Unpack:170) protocol frame length error [0m
[37m[0.075][linker]-[Debug]-[DjiProtocol_v1Pack:123) <0x02>V1-Send: 0x0A06->0x0300 0x03FD [0m
[37m[0.076][linker]-[Debug]-[DjiProtocol_v1Unpack:170) protocol frame length error [0m
[37m[0.094][linker]-[Debug]-[DjiProtocol_v1Unpack:170) protocol frame length error [0m
[37m[0.096][linker]-[Debug]-[DjiProtocol_v1Pack:123) <0x03>V1-Send: 0x0A06->0x0300 0x03FD [0m
[37m[0.104][linker]-[Debug]-[DjiProtocol_v1Unpack:170) protocol frame length error [0m
[37m[0.105][linker]-[Debug]-[DjiProtocol_v1Unpack:170) protocol frame length error [0m
[37m[0.116][linker]-[Debug]-[DjiProtocol_v1Pack:123) <0x04>V1-Send: 0x0A06->0x0300 0x03FD [0m
[37m[0.117][linker]-[Debug]-[DjiProtocol_v1Unpack:170) protocol frame length error [0m
[37m[0.126][linker]-[Debug]-[DjiProtocol_v1Unpack:170) protocol frame length error [0m
[37m[0.127][linker]-[Debug]-[DjiProtocol_v1Unpack:170) protocol frame length error [0m
[37m[0.137][linker]-[Debug]-[DjiLinker_DeInit:171) deinit linker success, protocol:2, channelId:0 [0m
[37m[0.137][adapter]-[Debug]-[DjiAccessAdapter_IdentifyUart0InfoAndAircraftSeries:713) Try (p, s, r, c) = (2, 0x0507, 0x0503, 0x03fd) [0m
[37m[0.144][linker]-[Debug]-[DjiLinker_Init:129) init linker success, protocol:2, channelId:0 [0m
[37m[0.144][linker]-[Debug]-[DjiProtocol_v1Pack:123) <0000>V1-Send: 0x0507->0x0503 0x03FD [0m
[37m[0.165][linker]-[Debug]-[DjiProtocol_v1Pack:123) <0x01>V1-Send: 0x0507->0x0503 0x03FD [0m
[37m[0.185][linker]-[Debug]-[DjiProtocol_v1Pack:123) <0x02>V1-Send: 0x0507->0x0503 0x03FD [0m
[37m[0.205][linker]-[Debug]-[DjiProtocol_v1Pack:123) <0x03>V1-Send: 0x0507->0x0503 0x03FD [0m
[37m[0.225][linker]-[Debug]-[DjiProtocol_v1Pack:123) <0x04>V1-Send: 0x0507->0x0503 0x03FD [0m
[37m[0.245][linker]-[Debug]-[DjiLinker_DeInit:171) deinit linker success, protocol:2, channelId:0 [0m
[37m[0.252][linker]-[Debug]-[DjiLinker_Init:129) init linker success, protocol:2, channelId:0 [0m
[37m[0.252][linker]-[Debug]-[DjiProtocol_v1Pack:123) <0000>V1-Send: 0x0507->0x0503 0x03FD [0m
[37m[0.273][linker]-[Debug]-[DjiProtocol_v1Pack:123) <0x01>V1-Send: 0x0507->0x0503 0x03FD [0m
[37m[0.293][linker]-[Debug]-[DjiProtocol_v1Pack:123) <0x02>V1-Send: 0x0507->0x0503 0x03FD [0m
[37m[0.313][linker]-[Debug]-[DjiProtocol_v1Pack:123) <0x03>V1-Send: 0x0507->0x0503 0x03FD [0m
[37m[0.333][linker]-[Debug]-[DjiProtocol_v1Pack:123) <0x04>V1-Send: 0x0507->0x0503 0x03FD [0m
[37m[0.353][linker]-[Debug]-[DjiLinker_DeInit:171) deinit linker success, protocol:2, channelId:0 [0m
[37m[0.360][linker]-[Debug]-[DjiProtocol_v1Unpack:170) protocol frame length error [0m
[37m[0.360][linker]-[Debug]-[DjiLinker_Init:129) init linker success, protocol:2, channelId:0 [0m
[37m[0.360][linker]-[Debug]-[DjiProtocol_v1Pack:123) <0000>V1-Send: 0x0507->0x0503 0x03FD [0m
[37m[0.363][linker]-[Debug]-[DjiProtocol_v1Unpack:170) protocol frame length error [0m
[37m[0.381][linker]-[Debug]-[DjiProtocol_v1Pack:123) <0x01>V1-Send: 0x0507->0x0503 0x03FD [0m
[37m[0.401][linker]-[Debug]-[DjiProtocol_v1Pack:123) <0x02>V1-Send: 0x0507->0x0503 0x03FD [0m
[37m[0.421][linker]-[Debug]-[DjiProtocol_v1Pack:123) <0x03>V1-Send: 0x0507->0x0503 0x03FD [0m
[37m[0.425][linker]-[Debug]-[DjiProtocol_v1Unpack:170) protocol frame length error [0m
[37m[0.437][linker]-[Debug]-[DjiProtocol_v1Unpack:170) protocol frame length error [0m
[37m[0.441][linker]-[Debug]-[DjiProtocol_v1Pack:123) <0x04>V1-Send: 0x0507->0x0503 0x03FD [0m
[37m[0.453][linker]-[Debug]-[DjiProtocol_v1Unpack:170) protocol frame length error [0m
[37m[0.461][linker]-[Debug]-[DjiLinker_DeInit:171) deinit linker success, protocol:2, channelId:0 [0m
[37m[0.468][linker]-[Debug]-[DjiLinker_Init:129) init linker success, protocol:2, channelId:0 [0m
[37m[0.468][linker]-[Debug]-[DjiProtocol_v1Pack:123) <0000>V1-Send: 0x0507->0x0503 0x03FD [0m
[37m[0.489][linker]-[Debug]-[DjiProtocol_v1Pack:123) <0x01>V1-Send: 0x0507->0x0503 0x03FD [0m
[37m[0.509][linker]-[Debug]-[DjiProtocol_v1Pack:123) <0x02>V1-Send: 0x0507->0x0503 0x03FD [0m
[37m[0.529][linker]-[Debug]-[DjiProtocol_v1Pack:123) <0x03>V1-Send: 0x0507->0x0503 0x03FD [0m
[37m[0.549][linker]-[Debug]-[DjiProtocol_v1Pack:123) <0x04>V1-Send: 0x0507->0x0503 0x03FD [0m
[37m[0.569][linker]-[Debug]-[DjiLinker_DeInit:171) deinit linker success, protocol:2, channelId:0 [0m
[37m[0.576][linker]-[Debug]-[DjiLinker_Init:129) init linker success, protocol:2, channelId:0 [0m
[37m[0.577][linker]-[Debug]-[DjiProtocol_v1Pack:123) <0000>V1-Send: 0x0507->0x0503 0x03FD [0m
[37m[0.597][linker]-[Debug]-[DjiProtocol_v1Pack:123) <0x01>V1-Send: 0x0507->0x0503 0x03FD [0m
[37m[0.617][linker]-[Debug]-[DjiProtocol_v1Pack:123) <0x02>V1-Send: 0x0507->0x0503 0x03FD [0m
[37m[0.637][linker]-[Debug]-[DjiProtocol_v1Pack:123) <0x03>V1-Send: 0x0507->0x0503 0x03FD [0m
[37m[0.657][linker]-[Debug]-[DjiProtocol_v1Pack:123) <0x04>V1-Send: 0x0507->0x0503 0x03FD [0m
[37m[0.678][linker]-[Debug]-[DjiLinker_DeInit:171) deinit linker success, protocol:2, channelId:0 [0m
[37m[0.678][adapter]-[Debug]-[DjiAccessAdapter_IdentifyUart0InfoAndAircraftSeries:776) Try (p, s, r, c) = (2, 0x0a06, 0x0300, 0x03fd) [0m
[37m[0.684][linker]-[Debug]-[DjiLinker_Init:129) init linker success, protocol:2, channelId:0 [0m
[37m[0.684][linker]-[Debug]-[DjiProtocol_v1Pack:123) <0000>V1-Send: 0x0A06->0x0300 0x03FD [0m
[37m[0.695][linker]-[Debug]-[DjiProtocol_v1Unpack:170) protocol frame length error [0m
[37m[0.705][linker]-[Debug]-[DjiProtocol_v1Pack:123) <0x01>V1-Send: 0x0A06->0x0300 0x03FD [0m
[37m[0.725][linker]-[Debug]-[DjiProtocol_v1Pack:123) <0x02>V1-Send: 0x0A06->0x0300 0x03FD [0m
[37m[0.745][linker]-[Debug]-[DjiProtocol_v1Pack:123) <0x03>V1-Send: 0x0A06->0x0300 0x03FD [0m
[37m[0.765][linker]-[Debug]-[DjiProtocol_v1Pack:123) <0x04>V1-Send: 0x0A06->0x0300 0x03FD [0m
[37m[0.785][linker]-[Debug]-[DjiLinker_DeInit:171) deinit linker success, protocol:2, channelId:0 [0m
[37m[0.792][linker]-[Debug]-[DjiLinker_Init:129) init linker success, protocol:2, channelId:0 [0m
[37m[0.792][linker]-[Debug]-[DjiProtocol_v1Pack:123) <0000>V1-Send: 0x0A06->0x0300 0x03FD [0m
[37m[0.812][linker]-[Debug]-[DjiProtocol_v1Pack:123) <0x01>V1-Send: 0x0A06->0x0300 0x03FD [0m
[37m[0.833][linker]-[Debug]-[DjiProtocol_v1Pack:123) <0x02>V1-Send: 0x0A06->0x0300 0x03FD [0m
[37m[0.853][linker]-[Debug]-[DjiProtocol_v1Pack:123) <0x03>V1-Send: 0x0A06->0x0300 0x03FD [0m
[37m[0.873][linker]-[Debug]-[DjiProtocol_v1Pack:123) <0x04>V1-Send: 0x0A06->0x0300 0x03FD [0m
[37m[0.893][linker]-[Debug]-[DjiLinker_DeInit:171) deinit linker success, protocol:2, channelId:0 [0m
[37m[0.900][linker]-[Debug]-[DjiProtocol_v1Unpack:170) protocol frame length error [0m
[37m[0.901][linker]-[Debug]-[DjiLinker_Init:129) init linker success, protocol:2, channelId:0 [0m
[37m[0.901][linker]-[Debug]-[DjiProtocol_v1Pack:123) <0000>V1-Send: 0x0A06->0x0300 0x03FD [0m
[37m[0.921][linker]-[Debug]-[DjiProtocol_v1Pack:123) <0x01>V1-Send: 0x0A06->0x0300 0x03FD [0m
[37m[0.940][linker]-[Debug]-[DjiProtocol_v1Unpack:170) protocol frame length error [0m
[37m[0.941][linker]-[Debug]-[DjiProtocol_v1Pack:123) <0x02>V1-Send: 0x0A06->0x0300 0x03FD [0m
[37m[0.961][linker]-[Debug]-[DjiProtocol_v1Pack:123) <0x03>V1-Send: 0x0A06->0x0300 0x03FD [0m
[37m[0.972][linker]-[Debug]-[DjiProtocol_v1Unpack:170) protocol frame length error [0m
[37m[0.976][linker]-[Debug]-[DjiProtocol_v1Unpack:170) protocol frame length error [0m
[37m[0.977][linker]-[Debug]-[DjiProtocol_v1Unpack:170) protocol frame length error [0m
[37m[0.981][linker]-[Debug]-[DjiProtocol_v1Pack:123) <0x04>V1-Send: 0x0A06->0x0300 0x03FD [0m
[37m[0.985][linker]-[Debug]-[DjiProtocol_v1Unpack:170) protocol frame length error [0m
[37m[1.002][linker]-[Debug]-[DjiLinker_DeInit:171) deinit linker success, protocol:2, channelId:0 [0m
[37m[1.009][linker]-[Debug]-[DjiLinker_Init:129) init linker success, protocol:2, channelId:0 [0m
[37m[1.009][linker]-[Debug]-[DjiProtocol_v1Pack:123) <0000>V1-Send: 0x0A06->0x0300 0x03FD [0m
[37m[1.029][linker]-[Debug]-[DjiProtocol_v1Pack:123) <0x01>V1-Send: 0x0A06->0x0300 0x03FD [0m
[37m[1.049][linker]-[Debug]-[DjiProtocol_v1Pack:123) <0x02>V1-Send: 0x0A06->0x0300 0x03FD [0m
[37m[1.069][linker]-[Debug]-[DjiProtocol_v1Pack:123) <0x03>V1-Send: 0x0A06->0x0300 0x03FD [0m
[37m[1.089][linker]-[Debug]-[DjiProtocol_v1Pack:123) <0x04>V1-Send: 0x0A06->0x0300 0x03FD [0m
[37m[1.100][utils]-[Debug]-[DjiCore_RootTask:131) work execution time: [0m
[37m[1.100][utils]-[Debug]-[DjiCore_RootTask:132) name	                execution time (ms)	  max execution time (ms) [0m
[37m[1.100][utils]-[Debug]-[DjiCore_RootTask:134) recorderWork                    	0       	0        [0m
[37m[1.100][utils]-[Debug]-[DjiCore_RootTask:134) flowControllerTask              	1       	1        [0m
[37m[1.110][linker]-[Debug]-[DjiLinker_DeInit:171) deinit linker success, protocol:2, channelId:0 [0m
[37m[1.117][linker]-[Debug]-[DjiLinker_Init:129) init linker success, protocol:2, channelId:0 [0m
[37m[1.117][linker]-[Debug]-[DjiProtocol_v1Pack:123) <0000>V1-Send: 0x0A06->0x0300 0x03FD [0m
[37m[1.137][linker]-[Debug]-[DjiProtocol_v1Pack:123) <0x01>V1-Send: 0x0A06->0x0300 0x03FD [0m
[37m[1.157][linker]-[Debug]-[DjiProtocol_v1Pack:123) <0x02>V1-Send: 0x0A06->0x0300 0x03FD [0m
[37m[1.177][linker]-[Debug]-[DjiProtocol_v1Pack:123) <0x03>V1-Send: 0x0A06->0x0300 0x03FD [0m
[37m[1.197][linker]-[Debug]-[DjiProtocol_v1Pack:123) <0x04>V1-Send: 0x0A06->0x0300 0x03FD [0m
[37m[1.218][linker]-[Debug]-[DjiLinker_DeInit:171) deinit linker success, protocol:2, channelId:0 [0m
[37m[1.218][adapter]-[Debug]-[DjiAccessAdapter_IdentifyUart0InfoAndAircraftSeries:840) Try (p, s, r, c) = (2, 0x0503, 0x0801, 0x0001) [0m
[37m[1.224][linker]-[Debug]-[DjiLinker_Init:129) init linker success, protocol:2, channelId:0 [0m
[37m[1.224][linker]-[Debug]-[DjiProtocol_v1Pack:123) <0000>V1-Send: 0x0503->0x0801 0x0001 [0m
[37m[1.234][linker]-[Debug]-[DjiProtocol_v1Unpack:170) protocol frame length error [0m
[37m[1.245][linker]-[Debug]-[DjiProtocol_v1Pack:123) <0x01>V1-Send: 0x0503->0x0801 0x0001 [0m
[37m[1.265][linker]-[Debug]-[DjiProtocol_v1Pack:123) <0x02>V1-Send: 0x0503->0x0801 0x0001 [0m
[37m[1.285][linker]-[Debug]-[DjiProtocol_v1Pack:123) <0x03>V1-Send: 0x0503->0x0801 0x0001 [0m
[37m[1.305][linker]-[Debug]-[DjiProtocol_v1Pack:123) <0x04>V1-Send: 0x0503->0x0801 0x0001 [0m
[37m[1.325][linker]-[Debug]-[DjiLinker_DeInit:171) deinit linker success, protocol:2, channelId:0 [0m
[37m[1.332][linker]-[Debug]-[DjiLinker_Init:129) init linker success, protocol:2, channelId:0 [0m
[37m[1.332][linker]-[Debug]-[DjiProtocol_v1Pack:123) <0000>V1-Send: 0x0503->0x0801 0x0001 [0m
[37m[1.353][linker]-[Debug]-[DjiProtocol_v1Pack:123) <0x01>V1-Send: 0x0503->0x0801 0x0001 [0m
[37m[1.373][linker]-[Debug]-[DjiProtocol_v1Pack:123) <0x02>V1-Send: 0x0503->0x0801 0x0001 [0m
[37m[1.393][linker]-[Debug]-[DjiProtocol_v1Pack:123) <0x03>V1-Send: 0x0503->0x0801 0x0001 [0m
[37m[1.413][linker]-[Debug]-[DjiProtocol_v1Pack:123) <0x04>V1-Send: 0x0503->0x0801 0x0001 [0m
[37m[1.433][linker]-[Debug]-[DjiLinker_DeInit:171) deinit linker success, protocol:2, channelId:0 [0m
[37m[1.440][linker]-[Debug]-[DjiLinker_Init:129) init linker success, protocol:2, channelId:0 [0m
[37m[1.440][linker]-[Debug]-[DjiProtocol_v1Pack:123) <0000>V1-Send: 0x0503->0x0801 0x0001 [0m
[37m[1.445][linker]-[Debug]-[DjiProtocol_v1Unpack:170) protocol frame length error [0m
[37m[1.452][linker]-[Debug]-[DjiProtocol_v1Unpack:170) protocol frame length error [0m
[37m[1.460][linker]-[Debug]-[DjiProtocol_v1Pack:123) <0x01>V1-Send: 0x0503->0x0801 0x0001 [0m
[37m[1.469][linker]-[Debug]-[DjiProtocol_v1Unpack:170) protocol frame length error [0m
[37m[1.481][linker]-[Debug]-[DjiProtocol_v1Pack:123) <0x02>V1-Send: 0x0503->0x0801 0x0001 [0m
[37m[1.498][linker]-[Debug]-[DjiProtocol_v1Unpack:170) protocol frame length error [0m
[37m[1.501][linker]-[Debug]-[DjiProtocol_v1Pack:123) <0x03>V1-Send: 0x0503->0x0801 0x0001 [0m
[37m[1.513][linker]-[Debug]-[DjiProtocol_v1Unpack:170) protocol frame length error [0m
[37m[1.521][linker]-[Debug]-[DjiProtocol_v1Pack:123) <0x04>V1-Send: 0x0503->0x0801 0x0001 [0m
[33m[1.528][linker]-[Warn]-[DjiProtocol_v1Unpack:178) protocol frame crc8 error [0m
[37m[1.533][linker]-[Debug]-[DjiProtocol_v1Unpack:170) protocol frame length error [0m
[37m[1.542][linker]-[Debug]-[DjiLinker_DeInit:171) deinit linker success, protocol:2, channelId:0 [0m
[37m[1.553][linker]-[Debug]-[DjiLinker_Init:129) init linker success, protocol:2, channelId:0 [0m
[37m[1.553][linker]-[Debug]-[DjiProtocol_v1Pack:123) <0000>V1-Send: 0x0503->0x0801 0x0001 [0m
[37m[1.573][linker]-[Debug]-[DjiProtocol_v1Pack:123) <0x01>V1-Send: 0x0503->0x0801 0x0001 [0m
[37m[1.593][linker]-[Debug]-[DjiProtocol_v1Pack:123) <0x02>V1-Send: 0x0503->0x0801 0x0001 [0m
[37m[1.613][linker]-[Debug]-[DjiProtocol_v1Pack:123) <0x03>V1-Send: 0x0503->0x0801 0x0001 [0m
[37m[1.634][linker]-[Debug]-[DjiProtocol_v1Pack:123) <0x04>V1-Send: 0x0503->0x0801 0x0001 [0m
[37m[1.654][linker]-[Debug]-[DjiLinker_DeInit:171) deinit linker success, protocol:2, channelId:0 [0m
[37m[1.661][linker]-[Debug]-[DjiLinker_Init:129) init linker success, protocol:2, channelId:0 [0m
[37m[1.661][linker]-[Debug]-[DjiProtocol_v1Pack:123) <0000>V1-Send: 0x0503->0x0801 0x0001 [0m
[37m[1.681][linker]-[Debug]-[DjiProtocol_v1Pack:123) <0x01>V1-Send: 0x0503->0x0801 0x0001 [0m
[37m[1.701][linker]-[Debug]-[DjiProtocol_v1Pack:123) <0x02>V1-Send: 0x0503->0x0801 0x0001 [0m
[37m[1.722][linker]-[Debug]-[DjiProtocol_v1Pack:123) <0x03>V1-Send: 0x0503->0x0801 0x0001 [0m
[37m[1.742][linker]-[Debug]-[DjiProtocol_v1Pack:123) <0x04>V1-Send: 0x0503->0x0801 0x0001 [0m
[37m[1.762][linker]-[Debug]-[DjiLinker_DeInit:171) deinit linker success, protocol:2, channelId:0 [0m
[37m[1.762][adapter]-[Debug]-[DjiAccessAdapter_IdentifyUart0InfoAndAircraftSeries:907) Try (p, s, r, c) = (2, 0x0503, 0x0701, 0x0001) [0m
[37m[1.769][linker]-[Debug]-[DjiLinker_Init:129) init linker success, protocol:2, channelId:0 [0m
[37m[1.769][linker]-[Debug]-[DjiProtocol_v1Pack:123) <0000>V1-Send: 0x0503->0x0701 0x0001 [0m
[37m[1.789][linker]-[Debug]-[DjiProtocol_v1Pack:123) <0x01>V1-Send: 0x0503->0x0701 0x0001 [0m
[37m[1.804][linker]-[Debug]-[DjiProtocol_v1Unpack:170) protocol frame length error [0m
[37m[1.809][linker]-[Debug]-[DjiProtocol_v1Pack:123) <0x02>V1-Send: 0x0503->0x0701 0x0001 [0m
[37m[1.830][linker]-[Debug]-[DjiProtocol_v1Pack:123) <0x03>V1-Send: 0x0503->0x0701 0x0001 [0m
[37m[1.850][linker]-[Debug]-[DjiProtocol_v1Pack:123) <0x04>V1-Send: 0x0503->0x0701 0x0001 [0m
[37m[1.870][linker]-[Debug]-[DjiLinker_DeInit:171) deinit linker success, protocol:2, channelId:0 [0m
[37m[1.877][linker]-[Debug]-[DjiLinker_Init:129) init linker success, protocol:2, channelId:0 [0m
[37m[1.877][linker]-[Debug]-[DjiProtocol_v1Pack:123) <0000>V1-Send: 0x0503->0x0701 0x0001 [0m
[37m[1.897][linker]-[Debug]-[DjiProtocol_v1Pack:123) <0x01>V1-Send: 0x0503->0x0701 0x0001 [0m
[37m[1.917][linker]-[Debug]-[DjiProtocol_v1Pack:123) <0x02>V1-Send: 0x0503->0x0701 0x0001 [0m
[37m[1.938][linker]-[Debug]-[DjiProtocol_v1Pack:123) <0x03>V1-Send: 0x0503->0x0701 0x0001 [0m
[37m[1.958][linker]-[Debug]-[DjiProtocol_v1Pack:123) <0x04>V1-Send: 0x0503->0x0701 0x0001 [0m
[37m[1.980][linker]-[Debug]-[DjiLinker_DeInit:171) deinit linker success, protocol:2, channelId:0 [0m
[37m[1.988][linker]-[Debug]-[DjiLinker_Init:129) init linker success, protocol:2, channelId:0 [0m
[37m[1.988][linker]-[Debug]-[DjiProtocol_v1Pack:123) <0000>V1-Send: 0x0503->0x0701 0x0001 [0m
[37m[1.993][linker]-[Debug]-[DjiProtocol_v1Unpack:170) protocol frame length error [0m
[37m[1.996][linker]-[Debug]-[DjiProtocol_v1Unpack:170) protocol frame length error [0m
[37m[2.007][linker]-[Debug]-[DjiProtocol_v1Unpack:170) protocol frame length error [0m
[37m[2.009][linker]-[Debug]-[DjiProtocol_v1Pack:123) <0x01>V1-Send: 0x0503->0x0701 0x0001 [0m
[37m[2.014][linker]-[Debug]-[DjiProtocol_v1Unpack:170) protocol frame length error [0m
[37m[2.014][linker]-[Debug]-[DjiProtocol_v1Unpack:170) protocol frame length error [0m
[37m[2.029][linker]-[Debug]-[DjiProtocol_v1Pack:123) <0x02>V1-Send: 0x0503->0x0701 0x0001 [0m
[37m[2.029][linker]-[Debug]-[DjiProtocol_v1Unpack:170) protocol frame length error [0m
[37m[2.049][linker]-[Debug]-[DjiProtocol_v1Pack:123) <0x03>V1-Send: 0x0503->0x0701 0x0001 [0m
[37m[2.061][linker]-[Debug]-[DjiProtocol_v1Unpack:170) protocol frame length error [0m
[37m[2.066][linker]-[Debug]-[DjiProtocol_v1Unpack:170) protocol frame length error [0m
[37m[2.069][linker]-[Debug]-[DjiProtocol_v1Pack:123) <0x04>V1-Send: 0x0503->0x0701 0x0001 [0m
[37m[2.069][linker]-[Debug]-[DjiProtocol_v1Unpack:170) protocol frame length error [0m
[37m[2.085][linker]-[Debug]-[DjiProtocol_v1Unpack:170) protocol frame length error [0m
[37m[2.088][linker]-[Debug]-[DjiProtocol_v1Unpack:170) protocol frame length error [0m
[37m[2.089][linker]-[Debug]-[DjiLinker_DeInit:171) deinit linker success, protocol:2, channelId:0 [0m
[37m[2.096][linker]-[Debug]-[DjiLinker_Init:129) init linker success, protocol:2, channelId:0 [0m
[37m[2.096][linker]-[Debug]-[DjiProtocol_v1Pack:123) <0000>V1-Send: 0x0503->0x0701 0x0001 [0m
[37m[2.117][linker]-[Debug]-[DjiProtocol_v1Pack:123) <0x01>V1-Send: 0x0503->0x0701 0x0001 [0m
[37m[2.137][linker]-[Debug]-[DjiProtocol_v1Pack:123) <0x02>V1-Send: 0x0503->0x0701 0x0001 [0m
[37m[2.157][linker]-[Debug]-[DjiProtocol_v1Pack:123) <0x03>V1-Send: 0x0503->0x0701 0x0001 [0m
[37m[2.177][linker]-[Debug]-[DjiProtocol_v1Pack:123) <0x04>V1-Send: 0x0503->0x0701 0x0001 [0m
[37m[2.180][utils]-[Debug]-[DjiCore_RootTask:131) work execution time: [0m
[37m[2.180][utils]-[Debug]-[DjiCore_RootTask:132) name	                execution time (ms)	  max execution time (ms) [0m
[37m[2.180][utils]-[Debug]-[DjiCore_RootTask:134) recorderWork                    	1       	1        [0m
[37m[2.180][utils]-[Debug]-[DjiCore_RootTask:134) flowControllerTask              	0       	1        [0m
[37m[2.198][linker]-[Debug]-[DjiLinker_DeInit:171) deinit linker success, protocol:2, channelId:0 [0m
[37m[2.205][linker]-[Debug]-[DjiLinker_Init:129) init linker success, protocol:2, channelId:0 [0m
[37m[2.205][linker]-[Debug]-[DjiProtocol_v1Pack:123) <0000>V1-Send: 0x0503->0x0701 0x0001 [0m
[37m[2.225][linker]-[Debug]-[DjiProtocol_v1Pack:123) <0x01>V1-Send: 0x0503->0x0701 0x0001 [0m
[37m[2.245][linker]-[Debug]-[DjiProtocol_v1Pack:123) <0x02>V1-Send: 0x0503->0x0701 0x0001 [0m
[37m[2.265][linker]-[Debug]-[DjiProtocol_v1Pack:123) <0x03>V1-Send: 0x0503->0x0701 0x0001 [0m
[37m[2.285][linker]-[Debug]-[DjiProtocol_v1Pack:123) <0x04>V1-Send: 0x0503->0x0701 0x0001 [0m
[37m[2.306][linker]-[Debug]-[DjiLinker_DeInit:171) deinit linker success, protocol:2, channelId:0 [0m
[37m[2.306][adapter]-[Debug]-[DjiAccessAdapter_IdentifyUart0InfoAndAircraftSeries:974) Try (p, s, r, c) = (2, 0x0a07, 0x0300, 0x03fd) [0m
[37m[2.312][linker]-[Debug]-[DjiLinker_Init:129) init linker success, protocol:2, channelId:0 [0m
[37m[2.313][linker]-[Debug]-[DjiProtocol_v1Pack:123) <0000>V1-Send: 0x0A07->0x0300 0x03FD [0m
[37m[2.333][linker]-[Debug]-[DjiProtocol_v1Pack:123) <0x01>V1-Send: 0x0A07->0x0300 0x03FD [0m
[37m[2.353][linker]-[Debug]-[DjiProtocol_v1Pack:123) <0x02>V1-Send: 0x0A07->0x0300 0x03FD [0m
[37m[2.373][linker]-[Debug]-[DjiProtocol_v1Pack:123) <0x03>V1-Send: 0x0A07->0x0300 0x03FD [0m
[37m[2.393][linker]-[Debug]-[DjiProtocol_v1Pack:123) <0x04>V1-Send: 0x0A07->0x0300 0x03FD [0m
[37m[2.413][linker]-[Debug]-[DjiLinker_DeInit:171) deinit linker success, protocol:2, channelId:0 [0m
[37m[2.420][linker]-[Debug]-[DjiLinker_Init:129) init linker success, protocol:2, channelId:0 [0m
[37m[2.420][linker]-[Debug]-[DjiProtocol_v1Pack:123) <0000>V1-Send: 0x0A07->0x0300 0x03FD [0m
[37m[2.440][linker]-[Debug]-[DjiProtocol_v1Pack:123) <0x01>V1-Send: 0x0A07->0x0300 0x03FD [0m
[37m[2.460][linker]-[Debug]-[DjiProtocol_v1Pack:123) <0x02>V1-Send: 0x0A07->0x0300 0x03FD [0m
[37m[2.481][linker]-[Debug]-[DjiProtocol_v1Pack:123) <0x03>V1-Send: 0x0A07->0x0300 0x03FD [0m
[37m[2.501][linker]-[Debug]-[DjiProtocol_v1Pack:123) <0x04>V1-Send: 0x0A07->0x0300 0x03FD [0m
[37m[2.521][linker]-[Debug]-[DjiLinker_DeInit:171) deinit linker success, protocol:2, channelId:0 [0m
[37m[2.529][linker]-[Debug]-[DjiLinker_Init:129) init linker success, protocol:2, channelId:0 [0m
[37m[2.529][linker]-[Debug]-[DjiProtocol_v1Pack:123) <0000>V1-Send: 0x0A07->0x0300 0x03FD [0m
[37m[2.533][linker]-[Debug]-[DjiProtocol_v1Unpack:170) protocol frame length error [0m
[37m[2.534][linker]-[Debug]-[DjiProtocol_v1Unpack:170) protocol frame length error [0m
[37m[2.549][linker]-[Debug]-[DjiProtocol_v1Pack:123) <0x01>V1-Send: 0x0A07->0x0300 0x03FD [0m
[37m[2.551][linker]-[Debug]-[DjiProtocol_v1Unpack:170) protocol frame length error [0m
[37m[2.569][linker]-[Debug]-[DjiProtocol_v1Pack:123) <0x02>V1-Send: 0x0A07->0x0300 0x03FD [0m
[37m[2.582][linker]-[Debug]-[DjiProtocol_v1Unpack:170) protocol frame length error [0m
[37m[2.589][linker]-[Debug]-[DjiProtocol_v1Pack:123) <0x03>V1-Send: 0x0A07->0x0300 0x03FD [0m
[37m[2.608][linker]-[Debug]-[DjiProtocol_v1Unpack:170) protocol frame length error [0m
[37m[2.609][linker]-[Debug]-[DjiProtocol_v1Pack:123) <0x04>V1-Send: 0x0A07->0x0300 0x03FD [0m
[37m[2.611][linker]-[Debug]-[DjiProtocol_v1Unpack:170) protocol frame length error [0m
[37m[2.615][linker]-[Debug]-[DjiProtocol_v1Unpack:170) protocol frame length error [0m
[37m[2.630][linker]-[Debug]-[DjiLinker_DeInit:171) deinit linker success, protocol:2, channelId:0 [0m
[37m[2.637][linker]-[Debug]-[DjiLinker_Init:129) init linker success, protocol:2, channelId:0 [0m
[37m[2.637][linker]-[Debug]-[DjiProtocol_v1Pack:123) <0000>V1-Send: 0x0A07->0x0300 0x03FD [0m
[37m[2.657][linker]-[Debug]-[DjiProtocol_v1Pack:123) <0x01>V1-Send: 0x0A07->0x0300 0x03FD [0m
[37m[2.677][linker]-[Debug]-[DjiProtocol_v1Pack:123) <0x02>V1-Send: 0x0A07->0x0300 0x03FD [0m
[37m[2.697][linker]-[Debug]-[DjiProtocol_v1Pack:123) <0x03>V1-Send: 0x0A07->0x0300 0x03FD [0m
[37m[2.717][linker]-[Debug]-[DjiProtocol_v1Pack:123) <0x04>V1-Send: 0x0A07->0x0300 0x03FD [0m
[37m[2.738][linker]-[Debug]-[DjiLinker_DeInit:171) deinit linker success, protocol:2, channelId:0 [0m
[37m[2.745][linker]-[Debug]-[DjiLinker_Init:129) init linker success, protocol:2, channelId:0 [0m
[37m[2.745][linker]-[Debug]-[DjiProtocol_v1Pack:123) <0000>V1-Send: 0x0A07->0x0300 0x03FD [0m
[37m[2.765][linker]-[Debug]-[DjiProtocol_v1Pack:123) <0x01>V1-Send: 0x0A07->0x0300 0x03FD [0m
[37m[2.785][linker]-[Debug]-[DjiProtocol_v1Pack:123) <0x02>V1-Send: 0x0A07->0x0300 0x03FD [0m
[37m[2.805][linker]-[Debug]-[DjiProtocol_v1Pack:123) <0x03>V1-Send: 0x0A07->0x0300 0x03FD [0m
[37m[2.825][linker]-[Debug]-[DjiProtocol_v1Pack:123) <0x04>V1-Send: 0x0A07->0x0300 0x03FD [0m
[37m[2.846][linker]-[Debug]-[DjiLinker_DeInit:171) deinit linker success, protocol:2, channelId:0 [0m
[37m[2.846][adapter]-[Debug]-[DjiAccessAdapter_IdentifyUart0InfoAndAircraftSeries:1046) Try (p, s, r, c) = (1, 0x0a00, 0x0300, 0x0000) [0m
[37m[2.853][linker]-[Debug]-[DjiLinker_Init:129) init linker success, protocol:1, channelId:0 [0m
[37m[2.853][linker]-[Debug]-[DjiProtocol_sdkPack:183) SDK-Send: 0x0A->0x03 0x0000 [0m
[37m[2.873][linker]-[Debug]-[DjiProtocol_sdkPack:183) SDK-Send: 0x0A->0x03 0x0000 [0m
[37m[2.894][linker]-[Debug]-[DjiProtocol_sdkPack:183) SDK-Send: 0x0A->0x03 0x0000 [0m
[37m[2.914][linker]-[Debug]-[DjiProtocol_sdkPack:183) SDK-Send: 0x0A->0x03 0x0000 [0m
[37m[2.934][linker]-[Debug]-[DjiProtocol_sdkPack:183) SDK-Send: 0x0A->0x03 0x0000 [0m
[37m[2.954][linker]-[Debug]-[DjiLinker_DeInit:171) deinit linker success, protocol:1, channelId:0 [0m
[37m[2.962][linker]-[Debug]-[DjiProtocol_sdkUnpack:219) protocol frame length error [0m
[37m[2.962][linker]-[Debug]-[DjiLinker_Init:129) init linker success, protocol:1, channelId:0 [0m
[37m[2.962][linker]-[Debug]-[DjiProtocol_sdkPack:183) SDK-Send: 0x0A->0x03 0x0000 [0m
[37m[2.963][linker]-[Debug]-[DjiProtocol_sdkUnpack:219) protocol frame length error [0m
[37m[2.973][linker]-[Debug]-[DjiProtocol_sdkUnpack:219) protocol frame length error [0m
[37m[2.982][linker]-[Debug]-[DjiProtocol_sdkPack:183) SDK-Send: 0x0A->0x03 0x0000 [0m
[37m[2.992][linker]-[Debug]-[DjiProtocol_sdkUnpack:219) protocol frame length error [0m
[37m[3.002][linker]-[Debug]-[DjiProtocol_sdkPack:183) SDK-Send: 0x0A->0x03 0x0000 [0m
[31m[3.015][linker]-[Error]-[DjiProtocol_sdkUnpack:228) protocol frame crc16 error:0x783A 0xBF70 [0m
[37m[3.016][linker]-[Debug]-[DjiProtocol_sdkUnpack:219) protocol frame length error [0m
[37m[3.022][linker]-[Debug]-[DjiProtocol_sdkPack:183) SDK-Send: 0x0A->0x03 0x0000 [0m
[31m[3.030][linker]-[Error]-[DjiProtocol_sdkUnpack:228) protocol frame crc16 error:0x0D57 0x3C91 [0m
[37m[3.035][linker]-[Debug]-[DjiProtocol_sdkUnpack:219) protocol frame length error [0m
[37m[3.042][linker]-[Debug]-[DjiProtocol_sdkPack:183) SDK-Send: 0x0A->0x03 0x0000 [0m
[37m[3.064][linker]-[Debug]-[DjiLinker_DeInit:171) deinit linker success, protocol:1, channelId:0 [0m
[31m[3.082][linker]-[Error]-[DjiProtocol_sdkUnpack:237) protocol frame crc32 error [0m
[31m[3.082][linker]-[Error]-[DjiProtocol_sdkUnpack:237) protocol frame crc32 error [0m
[37m[3.082][linker]-[Debug]-[DjiProtocol_sdkUnpack:276) SDK-Recv: 0x03->0x0A 0x0205 [0m
[37m[3.082][linker]-[Debug]-[DjiProtocol_sdkUnpack:219) protocol frame length error [0m
[37m[3.082][linker]-[Debug]-[DjiLinker_Init:129) init linker success, protocol:1, channelId:0 [0m
[37m[3.082][linker]-[Debug]-[DjiProtocol_sdkPack:183) SDK-Send: 0x0A->0x03 0x0000 [0m
[31m[3.082][linker]-[Error]-[DjiProtocol_sdkUnpack:237) protocol frame crc32 error [0m
[37m[3.085][linker]-[Debug]-[DjiProtocol_sdkUnpack:276) SDK-Recv: 0x03->0x0A 0x0205 [0m
[37m[3.087][linker]-[Debug]-[DjiProtocol_sdkUnpack:276) SDK-Recv: 0x03->0x0A 0x0205 [0m
[37m[3.088][linker]-[Debug]-[DjiProtocol_sdkUnpack:276) SDK-Recv: 0x03->0x0A 0x0205 [0m
[37m[3.089][linker]-[Debug]-[DjiProtocol_sdkUnpack:276) SDK-Recv: 0x03->0x0A 0x0205 [0m
[37m[3.091][linker]-[Debug]-[DjiProtocol_sdkUnpack:276) SDK-Recv: 0x03->0x0A 0x0205 [0m
[37m[3.093][linker]-[Debug]-[DjiProtocol_sdkUnpack:276) SDK-Recv: 0x03->0x0A 0x0205 [0m
[37m[3.094][linker]-[Debug]-[DjiProtocol_sdkUnpack:276) SDK-Recv: 0x03->0x0A 0x0205 [0m
[37m[3.097][linker]-[Debug]-[DjiProtocol_sdkUnpack:276) SDK-Recv: 0x03->0x0A 0x0205 [0m
[37m[3.097][linker]-[Debug]-[DjiProtocol_sdkUnpack:276) SDK-Recv: 0x03->0x0A 0x0205 [0m
[37m[3.098][linker]-[Debug]-[DjiProtocol_sdkUnpack:276) SDK-Recv: 0x03->0x0A 0x0205 [0m
[37m[3.101][linker]-[Debug]-[DjiProtocol_sdkUnpack:276) SDK-Recv: 0x03->0x0A 0x0205 [0m
[37m[3.102][linker]-[Debug]-[DjiProtocol_sdkUnpack:276) SDK-Recv: 0x03->0x0A 0x0205 [0m
[37m[3.102][linker]-[Debug]-[DjiProtocol_sdkPack:183) SDK-Send: 0x0A->0x03 0x0000 [0m
[37m[3.103][linker]-[Debug]-[DjiProtocol_sdkUnpack:276) SDK-Recv: 0x03->0x0A 0x0205 [0m
[37m[3.107][linker]-[Debug]-[DjiProtocol_sdkUnpack:276) SDK-Recv: 0x03->0x0A 0x0205 [0m
[37m[3.108][linker]-[Debug]-[DjiProtocol_sdkUnpack:276) SDK-Recv: 0x03->0x0A 0x0205 [0m
[37m[3.108][linker]-[Debug]-[DjiProtocol_sdkUnpack:276) SDK-Recv: 0x03->0x0A 0x0205 [0m
[37m[3.111][linker]-[Debug]-[DjiProtocol_sdkUnpack:276) SDK-Recv: 0x03->0x0A 0x0205 [0m
[37m[3.112][linker]-[Debug]-[DjiProtocol_sdkUnpack:276) SDK-Recv: 0x03->0x0A 0x0205 [0m
[37m[3.113][linker]-[Debug]-[DjiProtocol_sdkUnpack:276) SDK-Recv: 0x03->0x0A 0x0205 [0m
[37m[3.117][linker]-[Debug]-[DjiProtocol_sdkUnpack:276) SDK-Recv: 0x03->0x0A 0x0205 [0m
[37m[3.118][linker]-[Debug]-[DjiProtocol_sdkUnpack:276) SDK-Recv: 0x03->0x0A 0x0205 [0m
[37m[3.118][linker]-[Debug]-[DjiProtocol_sdkUnpack:276) SDK-Recv: 0x03->0x0A 0x0205 [0m
[37m[3.120][linker]-[Debug]-[DjiProtocol_sdkUnpack:219) protocol frame length error [0m
[37m[3.120][linker]-[Debug]-[DjiProtocol_sdkUnpack:219) protocol frame length error [0m
[37m[3.122][linker]-[Debug]-[DjiProtocol_sdkUnpack:276) SDK-Recv: 0x03->0x0A 0x0205 [0m
[37m[3.123][linker]-[Debug]-[DjiProtocol_sdkPack:183) SDK-Send: 0x0A->0x03 0x0000 [0m
[37m[3.123][linker]-[Debug]-[DjiProtocol_sdkUnpack:276) SDK-Recv: 0x03->0x0A 0x0205 [0m
[37m[3.126][linker]-[Debug]-[DjiProtocol_sdkUnpack:276) SDK-Recv: 0x03->0x0A 0x0205 [0m
[37m[3.128][linker]-[Debug]-[DjiProtocol_sdkUnpack:276) SDK-Recv: 0x03->0x0A 0x0205 [0m
[37m[3.128][linker]-[Debug]-[DjiProtocol_sdkUnpack:276) SDK-Recv: 0x03->0x0A 0x0205 [0m
[37m[3.131][linker]-[Debug]-[DjiProtocol_sdkUnpack:276) SDK-Recv: 0x03->0x0A 0x0205 [0m
[37m[3.132][linker]-[Debug]-[DjiProtocol_sdkUnpack:276) SDK-Recv: 0x03->0x0A 0x0205 [0m
[37m[3.133][linker]-[Debug]-[DjiProtocol_sdkUnpack:276) SDK-Recv: 0x03->0x0A 0x0205 [0m
[37m[3.135][linker]-[Debug]-[DjiProtocol_sdkUnpack:276) SDK-Recv: 0x03->0x0A 0x0205 [0m
[37m[3.136][linker]-[Debug]-[DjiProtocol_sdkUnpack:276) SDK-Recv: 0x03->0x0A 0x0205 [0m
[37m[3.137][linker]-[Debug]-[DjiProtocol_sdkUnpack:276) SDK-Recv: 0x03->0x0A 0x0205 [0m
[37m[3.139][linker]-[Debug]-[DjiProtocol_sdkUnpack:276) SDK-Recv: 0x03->0x0A 0x0205 [0m
[37m[3.142][linker]-[Debug]-[DjiProtocol_sdkUnpack:276) SDK-Recv: 0x03->0x0A 0x0205 [0m
[37m[3.143][linker]-[Debug]-[DjiProtocol_sdkPack:183) SDK-Send: 0x0A->0x03 0x0000 [0m
[37m[3.143][linker]-[Debug]-[DjiProtocol_sdkUnpack:276) SDK-Recv: 0x03->0x0A 0x0205 [0m
[37m[3.144][linker]-[Debug]-[DjiProtocol_sdkUnpack:276) SDK-Recv: 0x03->0x0A 0x0205 [0m
[37m[3.147][linker]-[Debug]-[DjiProtocol_sdkUnpack:276) SDK-Recv: 0x03->0x0A 0x0205 [0m
[37m[3.147][linker]-[Debug]-[DjiProtocol_sdkUnpack:276) SDK-Recv: 0x03->0x0A 0x0205 [0m
[37m[3.148][linker]-[Debug]-[DjiProtocol_sdkUnpack:276) SDK-Recv: 0x03->0x0A 0x0205 [0m
[37m[3.152][linker]-[Debug]-[DjiProtocol_sdkUnpack:276) SDK-Recv: 0x03->0x0A 0x0205 [0m
[37m[3.153][linker]-[Debug]-[DjiProtocol_sdkUnpack:276) SDK-Recv: 0x03->0x0A 0x0205 [0m
[37m[3.154][linker]-[Debug]-[DjiProtocol_sdkUnpack:276) SDK-Recv: 0x03->0x0A 0x0205 [0m
[37m[3.157][linker]-[Debug]-[DjiProtocol_sdkUnpack:276) SDK-Recv: 0x03->0x0A 0x0205 [0m
[37m[3.158][linker]-[Debug]-[DjiProtocol_sdkUnpack:276) SDK-Recv: 0x03->0x0A 0x0205 [0m
[37m[3.159][linker]-[Debug]-[DjiProtocol_sdkUnpack:276) SDK-Recv: 0x03->0x0A 0x0205 [0m
[37m[3.161][linker]-[Debug]-[DjiProtocol_sdkUnpack:276) SDK-Recv: 0x03->0x0A 0x0205 [0m
[37m[3.162][linker]-[Debug]-[DjiProtocol_sdkUnpack:276) SDK-Recv: 0x03->0x0A 0x0205 [0m
[37m[3.163][linker]-[Debug]-[DjiProtocol_sdkPack:183) SDK-Send: 0x0A->0x03 0x0000 [0m
[37m[3.163][linker]-[Debug]-[DjiProtocol_sdkUnpack:276) SDK-Recv: 0x03->0x0A 0x0205 [0m
[37m[3.167][linker]-[Debug]-[DjiProtocol_sdkUnpack:276) SDK-Recv: 0x03->0x0A 0x0205 [0m
[37m[3.168][linker]-[Debug]-[DjiProtocol_sdkUnpack:276) SDK-Recv: 0x03->0x0A 0x0205 [0m
[37m[3.168][linker]-[Debug]-[DjiProtocol_sdkUnpack:276) SDK-Recv: 0x03->0x0A 0x0205 [0m
[37m[3.171][linker]-[Debug]-[DjiProtocol_sdkUnpack:276) SDK-Recv: 0x03->0x0A 0x0205 [0m
[37m[3.172][linker]-[Debug]-[DjiProtocol_sdkUnpack:276) SDK-Recv: 0x03->0x0A 0x0205 [0m
[31m[3.174][linker]-[Error]-[DjiProtocol_sdkUnpack:237) protocol frame crc32 error [0m
[37m[3.177][linker]-[Debug]-[DjiProtocol_sdkUnpack:276) SDK-Recv: 0x03->0x0A 0x0205 [0m
[31m[3.178][linker]-[Error]-[DjiProtocol_sdkUnpack:237) protocol frame crc32 error [0m
[37m[3.183][linker]-[Debug]-[DjiProtocol_sdkUnpack:276) SDK-Recv: 0x03->0x0A 0x0205 [0m
[37m[3.184][linker]-[Debug]-[DjiLinker_DeInit:171) deinit linker success, protocol:1, channelId:0 [0m
[37m[3.193][linker]-[Debug]-[DjiLinker_Init:129) init linker success, protocol:1, channelId:0 [0m
[37m[3.193][linker]-[Debug]-[DjiProtocol_sdkPack:183) SDK-Send: 0x0A->0x03 0x0000 [0m
[37m[3.214][linker]-[Debug]-[DjiProtocol_sdkPack:183) SDK-Send: 0x0A->0x03 0x0000 [0m
[37m[3.234][linker]-[Debug]-[DjiProtocol_sdkPack:183) SDK-Send: 0x0A->0x03 0x0000 [0m
[37m[3.254][linker]-[Debug]-[DjiProtocol_sdkPack:183) SDK-Send: 0x0A->0x03 0x0000 [0m
[37m[3.274][utils]-[Debug]-[DjiCore_RootTask:131) work execution time: [0m
[37m[3.274][utils]-[Debug]-[DjiCore_RootTask:132) name	                execution time (ms)	  max execution time (ms) [0m
[37m[3.274][utils]-[Debug]-[DjiCore_RootTask:134) recorderWork                    	0       	1        [0m
[37m[3.274][utils]-[Debug]-[DjiCore_RootTask:134) flowControllerTask              	0       	1        [0m
[37m[3.275][linker]-[Debug]-[DjiProtocol_sdkPack:183) SDK-Send: 0x0A->0x03 0x0000 [0m
[37m[3.296][linker]-[Debug]-[DjiLinker_DeInit:171) deinit linker success, protocol:1, channelId:0 [0m
[37m[3.309][linker]-[Debug]-[DjiLinker_Init:129) init linker success, protocol:1, channelId:0 [0m
[37m[3.309][linker]-[Debug]-[DjiProtocol_sdkPack:183) SDK-Send: 0x0A->0x03 0x0000 [0m
[37m[3.329][linker]-[Debug]-[DjiProtocol_sdkPack:183) SDK-Send: 0x0A->0x03 0x0000 [0m
[37m[3.349][linker]-[Debug]-[DjiProtocol_sdkPack:183) SDK-Send: 0x0A->0x03 0x0000 [0m
[37m[3.369][linker]-[Debug]-[DjiProtocol_sdkPack:183) SDK-Send: 0x0A->0x03 0x0000 [0m
[37m[3.389][linker]-[Debug]-[DjiProtocol_sdkPack:183) SDK-Send: 0x0A->0x03 0x0000 [0m
[37m[3.410][linker]-[Debug]-[DjiLinker_DeInit:171) deinit linker success, protocol:1, channelId:0 [0m
[32m[3.410][adapter]-[Info]-[DjiAccessAdapter_Init:279) Try identify UART0 connection failed. Probably because SDK adapter or aircraft not finish init or UART connect error. [0m
[37m[3.460][adapter]-[Debug]-[DjiAccessAdapter_CheckUserUartBaudRateAndAircraftSeries:1546) Try (p, s, r, c) = (2, 0x0a06, 0x0300, 0x03fd) [0m
[37m[3.476][linker]-[Debug]-[DjiLinker_Init:129) init linker success, protocol:2, channelId:0 [0m
[37m[3.476][linker]-[Debug]-[DjiProtocol_v1Pack:123) <0000>V1-Send: 0x0A06->0x0300 0x03FD [0m
[37m[3.481][linker]-[Debug]-[DjiProtocol_v1Unpack:170) protocol frame length error [0m
[37m[3.491][linker]-[Debug]-[DjiProtocol_v1Unpack:170) protocol frame length error [0m
[37m[3.497][linker]-[Debug]-[DjiProtocol_v1Pack:123) <0x01>V1-Send: 0x0A06->0x0300 0x03FD [0m
[37m[3.505][linker]-[Debug]-[DjiProtocol_v1Unpack:170) protocol frame length error [0m
[37m[3.517][linker]-[Debug]-[DjiProtocol_v1Pack:123) <0x02>V1-Send: 0x0A06->0x0300 0x03FD [0m
[37m[3.533][linker]-[Debug]-[DjiProtocol_v1Unpack:170) protocol frame length error [0m
[37m[3.536][linker]-[Debug]-[DjiProtocol_v1Unpack:170) protocol frame length error [0m
[37m[3.537][linker]-[Debug]-[DjiProtocol_v1Pack:123) <0x03>V1-Send: 0x0A06->0x0300 0x03FD [0m
[37m[3.540][linker]-[Debug]-[DjiProtocol_v1Unpack:170) protocol frame length error [0m
[37m[3.551][linker]-[Debug]-[DjiProtocol_v1Unpack:170) protocol frame length error [0m
[37m[3.557][linker]-[Debug]-[DjiProtocol_v1Pack:123) <0x04>V1-Send: 0x0A06->0x0300 0x03FD [0m
[37m[3.569][linker]-[Debug]-[DjiProtocol_v1Unpack:170) protocol frame length error [0m
[37m[3.578][linker]-[Debug]-[DjiLinker_DeInit:171) deinit linker success, protocol:2, channelId:0 [0m
[37m[3.578][adapter]-[Debug]-[DjiAccessAdapter_IdentifyUart0InfoAndAircraftSeries:713) Try (p, s, r, c) = (2, 0x0507, 0x0503, 0x03fd) [0m
[37m[3.586][linker]-[Debug]-[DjiLinker_Init:129) init linker success, protocol:2, channelId:0 [0m
[37m[3.586][linker]-[Debug]-[DjiProtocol_v1Pack:123) <0000>V1-Send: 0x0507->0x0503 0x03FD [0m
[37m[3.606][linker]-[Debug]-[DjiProtocol_v1Pack:123) <0x01>V1-Send: 0x0507->0x0503 0x03FD [0m
[37m[3.626][linker]-[Debug]-[DjiProtocol_v1Pack:123) <0x02>V1-Send: 0x0507->0x0503 0x03FD [0m
[37m[3.647][linker]-[Debug]-[DjiProtocol_v1Pack:123) <0x03>V1-Send: 0x0507->0x0503 0x03FD [0m
[37m[3.667][linker]-[Debug]-[DjiProtocol_v1Pack:123) <0x04>V1-Send: 0x0507->0x0503 0x03FD [0m
[37m[3.687][linker]-[Debug]-[DjiLinker_DeInit:171) deinit linker success, protocol:2, channelId:0 [0m
[37m[3.694][linker]-[Debug]-[DjiLinker_Init:129) init linker success, protocol:2, channelId:0 [0m
[37m[3.695][linker]-[Debug]-[DjiProtocol_v1Pack:123) <0000>V1-Send: 0x0507->0x0503 0x03FD [0m
[37m[3.715][linker]-[Debug]-[DjiProtocol_v1Pack:123) <0x01>V1-Send: 0x0507->0x0503 0x03FD [0m
[37m[3.735][linker]-[Debug]-[DjiProtocol_v1Pack:123) <0x02>V1-Send: 0x0507->0x0503 0x03FD [0m
[37m[3.755][linker]-[Debug]-[DjiProtocol_v1Pack:123) <0x03>V1-Send: 0x0507->0x0503 0x03FD [0m
[37m[3.775][linker]-[Debug]-[DjiProtocol_v1Pack:123) <0x04>V1-Send: 0x0507->0x0503 0x03FD [0m
[37m[3.796][linker]-[Debug]-[DjiLinker_DeInit:171) deinit linker success, protocol:2, channelId:0 [0m
[37m[3.803][linker]-[Debug]-[DjiProtocol_v1Unpack:170) protocol frame length error [0m
[37m[3.803][linker]-[Debug]-[DjiLinker_Init:129) init linker success, protocol:2, channelId:0 [0m
[37m[3.803][linker]-[Debug]-[DjiProtocol_v1Pack:123) <0000>V1-Send: 0x0507->0x0503 0x03FD [0m
[37m[3.823][linker]-[Debug]-[DjiProtocol_v1Pack:123) <0x01>V1-Send: 0x0507->0x0503 0x03FD [0m
[37m[3.830][linker]-[Debug]-[DjiProtocol_v1Unpack:170) protocol frame length error [0m
[37m[3.843][linker]-[Debug]-[DjiProtocol_v1Pack:123) <0x02>V1-Send: 0x0507->0x0503 0x03FD [0m
[37m[3.851][linker]-[Debug]-[DjiProtocol_v1Unpack:170) protocol frame length error [0m
[37m[3.863][linker]-[Debug]-[DjiProtocol_v1Pack:123) <0x03>V1-Send: 0x0507->0x0503 0x03FD [0m
[37m[3.878][linker]-[Debug]-[DjiProtocol_v1Unpack:170) protocol frame length error [0m
[37m[3.878][linker]-[Debug]-[DjiProtocol_v1Unpack:170) protocol frame length error [0m
[37m[3.880][linker]-[Debug]-[DjiProtocol_v1Unpack:170) protocol frame length error [0m
[37m[3.883][linker]-[Debug]-[DjiProtocol_v1Unpack:170) protocol frame length error [0m
[37m[3.884][linker]-[Debug]-[DjiProtocol_v1Pack:123) <0x04>V1-Send: 0x0507->0x0503 0x03FD [0m
[37m[3.886][linker]-[Debug]-[DjiProtocol_v1Unpack:170) protocol frame length error [0m
[37m[3.889][linker]-[Debug]-[DjiProtocol_v1Unpack:170) protocol frame length error [0m
[37m[3.892][linker]-[Debug]-[DjiProtocol_v1Unpack:170) protocol frame length error [0m
[37m[3.896][linker]-[Debug]-[DjiProtocol_v1Unpack:170) protocol frame length error [0m
[37m[3.904][linker]-[Debug]-[DjiLinker_DeInit:171) deinit linker success, protocol:2, channelId:0 [0m
[37m[3.911][linker]-[Debug]-[DjiLinker_Init:129) init linker success, protocol:2, channelId:0 [0m
[37m[3.911][linker]-[Debug]-[DjiProtocol_v1Pack:123) <0000>V1-Send: 0x0507->0x0503 0x03FD [0m
[37m[3.932][linker]-[Debug]-[DjiProtocol_v1Pack:123) <0x01>V1-Send: 0x0507->0x0503 0x03FD [0m
[37m[3.952][linker]-[Debug]-[DjiProtocol_v1Pack:123) <0x02>V1-Send: 0x0507->0x0503 0x03FD [0m
[37m[3.972][linker]-[Debug]-[DjiProtocol_v1Pack:123) <0x03>V1-Send: 0x0507->0x0503 0x03FD [0m
[37m[3.992][linker]-[Debug]-[DjiProtocol_v1Pack:123) <0x04>V1-Send: 0x0507->0x0503 0x03FD [0m
[37m[4.013][linker]-[Debug]-[DjiLinker_DeInit:171) deinit linker success, protocol:2, channelId:0 [0m
[37m[4.023][linker]-[Debug]-[DjiLinker_Init:129) init linker success, protocol:2, channelId:0 [0m
[37m[4.023][linker]-[Debug]-[DjiProtocol_v1Pack:123) <0000>V1-Send: 0x0507->0x0503 0x03FD [0m
[37m[4.043][linker]-[Debug]-[DjiProtocol_v1Pack:123) <0x01>V1-Send: 0x0507->0x0503 0x03FD [0m
[37m[4.063][linker]-[Debug]-[DjiProtocol_v1Pack:123) <0x02>V1-Send: 0x0507->0x0503 0x03FD [0m
[37m[4.083][linker]-[Debug]-[DjiProtocol_v1Pack:123) <0x03>V1-Send: 0x0507->0x0503 0x03FD [0m
[37m[4.104][linker]-[Debug]-[DjiProtocol_v1Pack:123) <0x04>V1-Send: 0x0507->0x0503 0x03FD [0m
[37m[4.124][linker]-[Debug]-[DjiLinker_DeInit:171) deinit linker success, protocol:2, channelId:0 [0m
[37m[4.125][adapter]-[Debug]-[DjiAccessAdapter_IdentifyUart0InfoAndAircraftSeries:776) Try (p, s, r, c) = (2, 0x0a06, 0x0300, 0x03fd) [0m
[37m[4.134][linker]-[Debug]-[DjiLinker_Init:129) init linker success, protocol:2, channelId:0 [0m
[37m[4.134][linker]-[Debug]-[DjiProtocol_v1Pack:123) <0000>V1-Send: 0x0A06->0x0300 0x03FD [0m
[37m[4.154][linker]-[Debug]-[DjiProtocol_v1Pack:123) <0x01>V1-Send: 0x0A06->0x0300 0x03FD [0m
[37m[4.174][linker]-[Debug]-[DjiProtocol_v1Pack:123) <0x02>V1-Send: 0x0A06->0x0300 0x03FD [0m
[37m[4.194][linker]-[Debug]-[DjiProtocol_v1Pack:123) <0x03>V1-Send: 0x0A06->0x0300 0x03FD [0m
[37m[4.215][linker]-[Debug]-[DjiProtocol_v1Pack:123) <0x04>V1-Send: 0x0A06->0x0300 0x03FD [0m
[37m[4.235][linker]-[Debug]-[DjiLinker_DeInit:171) deinit linker success, protocol:2, channelId:0 [0m
[37m[4.245][linker]-[Debug]-[DjiProtocol_v1Unpack:170) protocol frame length error [0m
[37m[4.245][linker]-[Debug]-[DjiLinker_Init:129) init linker success, protocol:2, channelId:0 [0m
[37m[4.245][linker]-[Debug]-[DjiProtocol_v1Pack:123) <0000>V1-Send: 0x0A06->0x0300 0x03FD [0m
[37m[4.265][linker]-[Debug]-[DjiProtocol_v1Pack:123) <0x01>V1-Send: 0x0A06->0x0300 0x03FD [0m
[37m[4.285][linker]-[Debug]-[DjiProtocol_v1Pack:123) <0x02>V1-Send: 0x0A06->0x0300 0x03FD [0m
[37m[4.305][linker]-[Debug]-[DjiProtocol_v1Pack:123) <0x03>V1-Send: 0x0A06->0x0300 0x03FD [0m
[37m[4.325][linker]-[Debug]-[DjiProtocol_v1Pack:123) <0x04>V1-Send: 0x0A06->0x0300 0x03FD [0m
[37m[4.346][linker]-[Debug]-[DjiLinker_DeInit:171) deinit linker success, protocol:2, channelId:0 [0m
[37m[4.356][linker]-[Debug]-[DjiLinker_Init:129) init linker success, protocol:2, channelId:0 [0m
[37m[4.356][linker]-[Debug]-[DjiProtocol_v1Pack:123) <0000>V1-Send: 0x0A06->0x0300 0x03FD [0m
[37m[4.358][linker]-[Debug]-[DjiProtocol_v1Unpack:170) protocol frame length error [0m
[37m[4.363][utils]-[Debug]-[DjiCore_RootTask:131) work execution time: [0m
[37m[4.363][utils]-[Debug]-[DjiCore_RootTask:132) name	                execution time (ms)	  max execution time (ms) [0m
[37m[4.363][utils]-[Debug]-[DjiCore_RootTask:134) recorderWork                    	0       	1        [0m
[37m[4.363][utils]-[Debug]-[DjiCore_RootTask:134) flowControllerTask              	1       	1        [0m
[37m[4.368][linker]-[Debug]-[DjiProtocol_v1Unpack:170) protocol frame length error [0m
[37m[4.376][linker]-[Debug]-[DjiProtocol_v1Pack:123) <0x01>V1-Send: 0x0A06->0x0300 0x03FD [0m
[37m[4.387][linker]-[Debug]-[DjiProtocol_v1Unpack:170) protocol frame length error [0m
[37m[4.396][linker]-[Debug]-[DjiProtocol_v1Pack:123) <0x02>V1-Send: 0x0A06->0x0300 0x03FD [0m
[37m[4.408][linker]-[Debug]-[DjiProtocol_v1Unpack:170) protocol frame length error [0m
[37m[4.417][linker]-[Debug]-[DjiProtocol_v1Pack:123) <0x03>V1-Send: 0x0A06->0x0300 0x03FD [0m
[37m[4.421][linker]-[Debug]-[DjiProtocol_v1Unpack:170) protocol frame length error [0m
[37m[4.425][linker]-[Debug]-[DjiProtocol_v1Unpack:170) protocol frame length error [0m
[37m[4.436][linker]-[Debug]-[DjiProtocol_v1Unpack:170) protocol frame length error [0m
[37m[4.437][linker]-[Debug]-[DjiProtocol_v1Pack:123) <0x04>V1-Send: 0x0A06->0x0300 0x03FD [0m
[37m[4.440][linker]-[Debug]-[DjiProtocol_v1Unpack:170) protocol frame length error [0m
[37m[4.449][linker]-[Debug]-[DjiProtocol_v1Unpack:170) protocol frame length error [0m
[37m[4.457][linker]-[Debug]-[DjiLinker_DeInit:171) deinit linker success, protocol:2, channelId:0 [0m
[37m[4.467][linker]-[Debug]-[DjiLinker_Init:129) init linker success, protocol:2, channelId:0 [0m
[37m[4.467][linker]-[Debug]-[DjiProtocol_v1Pack:123) <0000>V1-Send: 0x0A06->0x0300 0x03FD [0m
[37m[4.487][linker]-[Debug]-[DjiProtocol_v1Pack:123) <0x01>V1-Send: 0x0A06->0x0300 0x03FD [0m
[37m[4.507][linker]-[Debug]-[DjiProtocol_v1Pack:123) <0x02>V1-Send: 0x0A06->0x0300 0x03FD [0m
[37m[4.527][linker]-[Debug]-[DjiProtocol_v1Pack:123) <0x03>V1-Send: 0x0A06->0x0300 0x03FD [0m
[37m[4.547][linker]-[Debug]-[DjiProtocol_v1Pack:123) <0x04>V1-Send: 0x0A06->0x0300 0x03FD [0m
[37m[4.568][linker]-[Debug]-[DjiLinker_DeInit:171) deinit linker success, protocol:2, channelId:0 [0m
[37m[4.577][linker]-[Debug]-[DjiLinker_Init:129) init linker success, protocol:2, channelId:0 [0m
[37m[4.577][linker]-[Debug]-[DjiProtocol_v1Pack:123) <0000>V1-Send: 0x0A06->0x0300 0x03FD [0m
[37m[4.597][linker]-[Debug]-[DjiProtocol_v1Pack:123) <0x01>V1-Send: 0x0A06->0x0300 0x03FD [0m
[37m[4.617][linker]-[Debug]-[DjiProtocol_v1Pack:123) <0x02>V1-Send: 0x0A06->0x0300 0x03FD [0m
[37m[4.638][linker]-[Debug]-[DjiProtocol_v1Pack:123) <0x03>V1-Send: 0x0A06->0x0300 0x03FD [0m
[37m[4.658][linker]-[Debug]-[DjiProtocol_v1Pack:123) <0x04>V1-Send: 0x0A06->0x0300 0x03FD [0m
[37m[4.678][linker]-[Debug]-[DjiLinker_DeInit:171) deinit linker success, protocol:2, channelId:0 [0m
[37m[4.678][adapter]-[Debug]-[DjiAccessAdapter_IdentifyUart0InfoAndAircraftSeries:840) Try (p, s, r, c) = (2, 0x0503, 0x0801, 0x0001) [0m
[37m[4.688][linker]-[Debug]-[DjiLinker_Init:129) init linker success, protocol:2, channelId:0 [0m
[37m[4.688][linker]-[Debug]-[DjiProtocol_v1Pack:123) <0000>V1-Send: 0x0503->0x0801 0x0001 [0m
[37m[4.708][linker]-[Debug]-[DjiProtocol_v1Pack:123) <0x01>V1-Send: 0x0503->0x0801 0x0001 [0m
[37m[4.726][linker]-[Debug]-[DjiProtocol_v1Unpack:170) protocol frame length error [0m
[37m[4.728][linker]-[Debug]-[DjiProtocol_v1Pack:123) <0x02>V1-Send: 0x0503->0x0801 0x0001 [0m
[37m[4.748][linker]-[Debug]-[DjiProtocol_v1Pack:123) <0x03>V1-Send: 0x0503->0x0801 0x0001 [0m
[37m[4.768][linker]-[Debug]-[DjiProtocol_v1Pack:123) <0x04>V1-Send: 0x0503->0x0801 0x0001 [0m
[37m[4.789][linker]-[Debug]-[DjiLinker_DeInit:171) deinit linker success, protocol:2, channelId:0 [0m
[37m[4.798][linker]-[Debug]-[DjiLinker_Init:129) init linker success, protocol:2, channelId:0 [0m
[37m[4.798][linker]-[Debug]-[DjiProtocol_v1Pack:123) <0000>V1-Send: 0x0503->0x0801 0x0001 [0m
[37m[4.818][linker]-[Debug]-[DjiProtocol_v1Pack:123) <0x01>V1-Send: 0x0503->0x0801 0x0001 [0m
[37m[4.838][linker]-[Debug]-[DjiProtocol_v1Pack:123) <0x02>V1-Send: 0x0503->0x0801 0x0001 [0m
[37m[4.858][linker]-[Debug]-[DjiProtocol_v1Pack:123) <0x03>V1-Send: 0x0503->0x0801 0x0001 [0m
[37m[4.879][linker]-[Debug]-[DjiProtocol_v1Pack:123) <0x04>V1-Send: 0x0503->0x0801 0x0001 [0m
[37m[4.899][linker]-[Debug]-[DjiLinker_DeInit:171) deinit linker success, protocol:2, channelId:0 [0m
[37m[4.909][linker]-[Debug]-[DjiLinker_Init:129) init linker success, protocol:2, channelId:0 [0m
[37m[4.909][linker]-[Debug]-[DjiProtocol_v1Pack:123) <0000>V1-Send: 0x0503->0x0801 0x0001 [0m
[37m[4.921][linker]-[Debug]-[DjiProtocol_v1Unpack:170) protocol frame length error [0m
[37m[4.924][linker]-[Debug]-[DjiProtocol_v1Unpack:170) protocol frame length error [0m
[37m[4.928][linker]-[Debug]-[DjiProtocol_v1Unpack:170) protocol frame length error [0m
[37m[4.929][linker]-[Debug]-[DjiProtocol_v1Pack:123) <0x01>V1-Send: 0x0503->0x0801 0x0001 [0m
[37m[4.940][linker]-[Debug]-[DjiProtocol_v1Unpack:170) protocol frame length error [0m
[37m[4.949][linker]-[Debug]-[DjiProtocol_v1Pack:123) <0x02>V1-Send: 0x0503->0x0801 0x0001 [0m
[37m[4.955][linker]-[Debug]-[DjiProtocol_v1Unpack:170) protocol frame length error [0m
[37m[4.969][linker]-[Debug]-[DjiProtocol_v1Pack:123) <0x03>V1-Send: 0x0503->0x0801 0x0001 [0m
[33m[4.985][linker]-[Warn]-[DjiProtocol_v1Unpack:178) protocol frame crc8 error [0m
[37m[4.989][linker]-[Debug]-[DjiProtocol_v1Pack:123) <0x04>V1-Send: 0x0503->0x0801 0x0001 [0m
[37m[5.001][linker]-[Debug]-[DjiProtocol_v1Unpack:170) protocol frame length error [0m
[37m[5.010][linker]-[Debug]-[DjiProtocol_v1Unpack:170) protocol frame length error [0m
[37m[5.010][linker]-[Debug]-[DjiLinker_DeInit:171) deinit linker success, protocol:2, channelId:0 [0m
[37m[5.024][linker]-[Debug]-[DjiLinker_Init:129) init linker success, protocol:2, channelId:0 [0m
[37m[5.024][linker]-[Debug]-[DjiProtocol_v1Pack:123) <0000>V1-Send: 0x0503->0x0801 0x0001 [0m
[37m[5.044][linker]-[Debug]-[DjiProtocol_v1Pack:123) <0x01>V1-Send: 0x0503->0x0801 0x0001 [0m
[37m[5.064][linker]-[Debug]-[DjiProtocol_v1Pack:123) <0x02>V1-Send: 0x0503->0x0801 0x0001 [0m
[37m[5.084][linker]-[Debug]-[DjiProtocol_v1Pack:123) <0x03>V1-Send: 0x0503->0x0801 0x0001 [0m
[37m[5.105][linker]-[Debug]-[DjiProtocol_v1Pack:123) <0x04>V1-Send: 0x0503->0x0801 0x0001 [0m
[37m[5.125][linker]-[Debug]-[DjiLinker_DeInit:171) deinit linker success, protocol:2, channelId:0 [0m
[37m[5.133][linker]-[Debug]-[DjiLinker_Init:129) init linker success, protocol:2, channelId:0 [0m
[37m[5.133][linker]-[Debug]-[DjiProtocol_v1Pack:123) <0000>V1-Send: 0x0503->0x0801 0x0001 [0m
[37m[5.153][linker]-[Debug]-[DjiProtocol_v1Pack:123) <0x01>V1-Send: 0x0503->0x0801 0x0001 [0m
[37m[5.173][linker]-[Debug]-[DjiProtocol_v1Pack:123) <0x02>V1-Send: 0x0503->0x0801 0x0001 [0m
[37m[5.193][linker]-[Debug]-[DjiProtocol_v1Pack:123) <0x03>V1-Send: 0x0503->0x0801 0x0001 [0m
[37m[5.213][linker]-[Debug]-[DjiProtocol_v1Pack:123) <0x04>V1-Send: 0x0503->0x0801 0x0001 [0m
[37m[5.234][linker]-[Debug]-[DjiLinker_DeInit:171) deinit linker success, protocol:2, channelId:0 [0m
[37m[5.234][adapter]-[Debug]-[DjiAccessAdapter_IdentifyUart0InfoAndAircraftSeries:907) Try (p, s, r, c) = (2, 0x0503, 0x0701, 0x0001) [0m
[37m[5.241][linker]-[Debug]-[DjiLinker_Init:129) init linker success, protocol:2, channelId:0 [0m
[37m[5.241][linker]-[Debug]-[DjiProtocol_v1Pack:123) <0000>V1-Send: 0x0503->0x0701 0x0001 [0m
[37m[5.261][linker]-[Debug]-[DjiProtocol_v1Pack:123) <0x01>V1-Send: 0x0503->0x0701 0x0001 [0m
[37m[5.281][linker]-[Debug]-[DjiProtocol_v1Pack:123) <0x02>V1-Send: 0x0503->0x0701 0x0001 [0m
[37m[5.301][linker]-[Debug]-[DjiProtocol_v1Pack:123) <0x03>V1-Send: 0x0503->0x0701 0x0001 [0m
[37m[5.322][linker]-[Debug]-[DjiProtocol_v1Pack:123) <0x04>V1-Send: 0x0503->0x0701 0x0001 [0m
[37m[5.342][linker]-[Debug]-[DjiLinker_DeInit:171) deinit linker success, protocol:2, channelId:0 [0m
[37m[5.349][linker]-[Debug]-[DjiLinker_Init:129) init linker success, protocol:2, channelId:0 [0m
[37m[5.349][linker]-[Debug]-[DjiProtocol_v1Pack:123) <0000>V1-Send: 0x0503->0x0701 0x0001 [0m
[37m[5.369][linker]-[Debug]-[DjiProtocol_v1Pack:123) <0x01>V1-Send: 0x0503->0x0701 0x0001 [0m
[37m[5.389][linker]-[Debug]-[DjiProtocol_v1Pack:123) <0x02>V1-Send: 0x0503->0x0701 0x0001 [0m
[37m[5.409][linker]-[Debug]-[DjiProtocol_v1Pack:123) <0x03>V1-Send: 0x0503->0x0701 0x0001 [0m
[37m[5.430][linker]-[Debug]-[DjiProtocol_v1Pack:123) <0x04>V1-Send: 0x0503->0x0701 0x0001 [0m
[37m[5.450][linker]-[Debug]-[DjiLinker_DeInit:171) deinit linker success, protocol:2, channelId:0 [0m
[37m[5.456][utils]-[Debug]-[DjiCore_RootTask:131) work execution time: [0m
[37m[5.456][utils]-[Debug]-[DjiCore_RootTask:132) name	                execution time (ms)	  max execution time (ms) [0m
[37m[5.456][utils]-[Debug]-[DjiCore_RootTask:134) recorderWork                    	0       	1        [0m
[37m[5.456][utils]-[Debug]-[DjiCore_RootTask:134) flowControllerTask              	1       	1        [0m
[37m[5.457][linker]-[Debug]-[DjiLinker_Init:129) init linker success, protocol:2, channelId:0 [0m
[37m[5.457][linker]-[Debug]-[DjiProtocol_v1Pack:123) <0000>V1-Send: 0x0503->0x0701 0x0001 [0m
[37m[5.458][linker]-[Debug]-[DjiProtocol_v1Unpack:170) protocol frame length error [0m
[37m[5.477][linker]-[Debug]-[DjiProtocol_v1Pack:123) <0x01>V1-Send: 0x0503->0x0701 0x0001 [0m
[37m[5.479][linker]-[Debug]-[DjiProtocol_v1Unpack:170) protocol frame length error [0m
[37m[5.483][linker]-[Debug]-[DjiProtocol_v1Unpack:170) protocol frame length error [0m
[37m[5.498][linker]-[Debug]-[DjiProtocol_v1Pack:123) <0x02>V1-Send: 0x0503->0x0701 0x0001 [0m
[37m[5.513][linker]-[Debug]-[DjiProtocol_v1Unpack:170) protocol frame length error [0m
[37m[5.518][linker]-[Debug]-[DjiProtocol_v1Pack:123) <0x03>V1-Send: 0x0503->0x0701 0x0001 [0m
[37m[5.526][linker]-[Debug]-[DjiProtocol_v1Unpack:170) protocol frame length error [0m
[37m[5.531][linker]-[Debug]-[DjiProtocol_v1Unpack:170) protocol frame length error [0m
[37m[5.538][linker]-[Debug]-[DjiProtocol_v1Pack:123) <0x04>V1-Send: 0x0503->0x0701 0x0001 [0m
[37m[5.543][linker]-[Debug]-[DjiProtocol_v1Unpack:170) protocol frame length error [0m
[37m[5.545][linker]-[Debug]-[DjiProtocol_v1Unpack:170) protocol frame length error [0m
[37m[5.546][linker]-[Debug]-[DjiProtocol_v1Unpack:170) protocol frame length error [0m
[37m[5.548][linker]-[Debug]-[DjiProtocol_v1Unpack:170) protocol frame length error [0m
[37m[5.551][linker]-[Debug]-[DjiProtocol_v1Unpack:170) protocol frame length error [0m
[37m[5.558][linker]-[Debug]-[DjiLinker_DeInit:171) deinit linker success, protocol:2, channelId:0 [0m
[37m[5.565][linker]-[Debug]-[DjiLinker_Init:129) init linker success, protocol:2, channelId:0 [0m
[37m[5.565][linker]-[Debug]-[DjiProtocol_v1Pack:123) <0000>V1-Send: 0x0503->0x0701 0x0001 [0m
[37m[5.586][linker]-[Debug]-[DjiProtocol_v1Pack:123) <0x01>V1-Send: 0x0503->0x0701 0x0001 [0m
[37m[5.606][linker]-[Debug]-[DjiProtocol_v1Pack:123) <0x02>V1-Send: 0x0503->0x0701 0x0001 [0m
[37m[5.626][linker]-[Debug]-[DjiProtocol_v1Pack:123) <0x03>V1-Send: 0x0503->0x0701 0x0001 [0m
[37m[5.646][linker]-[Debug]-[DjiProtocol_v1Pack:123) <0x04>V1-Send: 0x0503->0x0701 0x0001 [0m
[37m[5.666][linker]-[Debug]-[DjiLinker_DeInit:171) deinit linker success, protocol:2, channelId:0 [0m
[37m[5.673][linker]-[Debug]-[DjiLinker_Init:129) init linker success, protocol:2, channelId:0 [0m
[37m[5.674][linker]-[Debug]-[DjiProtocol_v1Pack:123) <0000>V1-Send: 0x0503->0x0701 0x0001 [0m
[37m[5.694][linker]-[Debug]-[DjiProtocol_v1Pack:123) <0x01>V1-Send: 0x0503->0x0701 0x0001 [0m
[37m[5.714][linker]-[Debug]-[DjiProtocol_v1Pack:123) <0x02>V1-Send: 0x0503->0x0701 0x0001 [0m
[37m[5.734][linker]-[Debug]-[DjiProtocol_v1Pack:123) <0x03>V1-Send: 0x0503->0x0701 0x0001 [0m
[37m[5.754][linker]-[Debug]-[DjiProtocol_v1Pack:123) <0x04>V1-Send: 0x0503->0x0701 0x0001 [0m
[37m[5.774][linker]-[Debug]-[DjiLinker_DeInit:171) deinit linker success, protocol:2, channelId:0 [0m
[37m[5.775][adapter]-[Debug]-[DjiAccessAdapter_IdentifyUart0InfoAndAircraftSeries:974) Try (p, s, r, c) = (2, 0x0a07, 0x0300, 0x03fd) [0m
[37m[5.782][linker]-[Debug]-[DjiLinker_Init:129) init linker success, protocol:2, channelId:0 [0m
[37m[5.782][linker]-[Debug]-[DjiProtocol_v1Pack:123) <0000>V1-Send: 0x0A07->0x0300 0x03FD [0m
[37m[5.802][linker]-[Debug]-[DjiProtocol_v1Pack:123) <0x01>V1-Send: 0x0A07->0x0300 0x03FD [0m
[37m[5.822][linker]-[Debug]-[DjiProtocol_v1Pack:123) <0x02>V1-Send: 0x0A07->0x0300 0x03FD [0m
[37m[5.842][linker]-[Debug]-[DjiProtocol_v1Pack:123) <0x03>V1-Send: 0x0A07->0x0300 0x03FD [0m
[37m[5.862][linker]-[Debug]-[DjiProtocol_v1Pack:123) <0x04>V1-Send: 0x0A07->0x0300 0x03FD [0m
[37m[5.883][linker]-[Debug]-[DjiLinker_DeInit:171) deinit linker success, protocol:2, channelId:0 [0m
[37m[5.890][linker]-[Debug]-[DjiLinker_Init:129) init linker success, protocol:2, channelId:0 [0m
[37m[5.890][linker]-[Debug]-[DjiProtocol_v1Pack:123) <0000>V1-Send: 0x0A07->0x0300 0x03FD [0m
[37m[5.910][linker]-[Debug]-[DjiProtocol_v1Pack:123) <0x01>V1-Send: 0x0A07->0x0300 0x03FD [0m
[37m[5.930][linker]-[Debug]-[DjiProtocol_v1Pack:123) <0x02>V1-Send: 0x0A07->0x0300 0x03FD [0m
[37m[5.950][linker]-[Debug]-[DjiProtocol_v1Pack:123) <0x03>V1-Send: 0x0A07->0x0300 0x03FD [0m
[37m[5.970][linker]-[Debug]-[DjiProtocol_v1Pack:123) <0x04>V1-Send: 0x0A07->0x0300 0x03FD [0m
[37m[5.991][linker]-[Debug]-[DjiLinker_DeInit:171) deinit linker success, protocol:2, channelId:0 [0m
[37m[5.998][linker]-[Debug]-[DjiLinker_Init:129) init linker success, protocol:2, channelId:0 [0m
[37m[5.998][linker]-[Debug]-[DjiProtocol_v1Pack:123) <0000>V1-Send: 0x0A07->0x0300 0x03FD [0m
[37m[6.015][linker]-[Debug]-[DjiProtocol_v1Unpack:170) protocol frame length error [0m
[37m[6.018][linker]-[Debug]-[DjiProtocol_v1Pack:123) <0x01>V1-Send: 0x0A07->0x0300 0x03FD [0m
[37m[6.026][linker]-[Debug]-[DjiProtocol_v1Unpack:170) protocol frame length error [0m
[37m[6.038][linker]-[Debug]-[DjiProtocol_v1Pack:123) <0x02>V1-Send: 0x0A07->0x0300 0x03FD [0m
[37m[6.058][linker]-[Debug]-[DjiProtocol_v1Pack:123) <0x03>V1-Send: 0x0A07->0x0300 0x03FD [0m
[37m[6.065][linker]-[Debug]-[DjiProtocol_v1Unpack:170) protocol frame length error [0m
[37m[6.076][linker]-[Debug]-[DjiProtocol_v1Unpack:170) protocol frame length error [0m
[37m[6.078][linker]-[Debug]-[DjiProtocol_v1Unpack:170) protocol frame length error [0m
[37m[6.078][linker]-[Debug]-[DjiProtocol_v1Pack:123) <0x04>V1-Send: 0x0A07->0x0300 0x03FD [0m
[33m[6.094][linker]-[Warn]-[DjiProtocol_v1Unpack:178) protocol frame crc8 error [0m
[37m[6.099][linker]-[Debug]-[DjiLinker_DeInit:171) deinit linker success, protocol:2, channelId:0 [0m
[37m[6.109][linker]-[Debug]-[DjiLinker_Init:129) init linker success, protocol:2, channelId:0 [0m
[37m[6.109][linker]-[Debug]-[DjiProtocol_v1Pack:123) <0000>V1-Send: 0x0A07->0x0300 0x03FD [0m
[37m[6.129][linker]-[Debug]-[DjiProtocol_v1Pack:123) <0x01>V1-Send: 0x0A07->0x0300 0x03FD [0m
[37m[6.149][linker]-[Debug]-[DjiProtocol_v1Pack:123) <0x02>V1-Send: 0x0A07->0x0300 0x03FD [0m
[37m[6.170][linker]-[Debug]-[DjiProtocol_v1Pack:123) <0x03>V1-Send: 0x0A07->0x0300 0x03FD [0m
[37m[6.190][linker]-[Debug]-[DjiProtocol_v1Pack:123) <0x04>V1-Send: 0x0A07->0x0300 0x03FD [0m
[37m[6.211][linker]-[Debug]-[DjiLinker_DeInit:171) deinit linker success, protocol:2, channelId:0 [0m
[37m[6.218][linker]-[Debug]-[DjiLinker_Init:129) init linker success, protocol:2, channelId:0 [0m
[37m[6.218][linker]-[Debug]-[DjiProtocol_v1Pack:123) <0000>V1-Send: 0x0A07->0x0300 0x03FD [0m
[37m[6.238][linker]-[Debug]-[DjiProtocol_v1Pack:123) <0x01>V1-Send: 0x0A07->0x0300 0x03FD [0m
[37m[6.258][linker]-[Debug]-[DjiProtocol_v1Pack:123) <0x02>V1-Send: 0x0A07->0x0300 0x03FD [0m
[37m[6.278][linker]-[Debug]-[DjiProtocol_v1Pack:123) <0x03>V1-Send: 0x0A07->0x0300 0x03FD [0m
[37m[6.298][linker]-[Debug]-[DjiProtocol_v1Pack:123) <0x04>V1-Send: 0x0A07->0x0300 0x03FD [0m
[37m[6.319][linker]-[Debug]-[DjiLinker_DeInit:171) deinit linker success, protocol:2, channelId:0 [0m
[37m[6.319][adapter]-[Debug]-[DjiAccessAdapter_IdentifyUart0InfoAndAircraftSeries:1046) Try (p, s, r, c) = (1, 0x0a00, 0x0300, 0x0000) [0m
[37m[6.326][linker]-[Debug]-[DjiLinker_Init:129) init linker success, protocol:1, channelId:0 [0m
[37m[6.326][linker]-[Debug]-[DjiProtocol_sdkPack:183) SDK-Send: 0x0A->0x03 0x0000 [0m
[37m[6.346][linker]-[Debug]-[DjiProtocol_sdkPack:183) SDK-Send: 0x0A->0x03 0x0000 [0m
[37m[6.366][linker]-[Debug]-[DjiProtocol_sdkPack:183) SDK-Send: 0x0A->0x03 0x0000 [0m
[37m[6.386][linker]-[Debug]-[DjiProtocol_sdkPack:183) SDK-Send: 0x0A->0x03 0x0000 [0m
[37m[6.406][linker]-[Debug]-[DjiProtocol_sdkPack:183) SDK-Send: 0x0A->0x03 0x0000 [0m
[37m[6.427][linker]-[Debug]-[DjiLinker_DeInit:171) deinit linker success, protocol:1, channelId:0 [0m
[37m[6.434][linker]-[Debug]-[DjiLinker_Init:129) init linker success, protocol:1, channelId:0 [0m
[37m[6.434][linker]-[Debug]-[DjiProtocol_sdkPack:183) SDK-Send: 0x0A->0x03 0x0000 [0m
[37m[6.437][linker]-[Debug]-[DjiProtocol_sdkUnpack:219) protocol frame length error [0m
[37m[6.441][linker]-[Debug]-[DjiProtocol_sdkUnpack:219) protocol frame length error [0m
[37m[6.444][linker]-[Debug]-[DjiProtocol_sdkUnpack:219) protocol frame length error [0m
[37m[6.454][linker]-[Debug]-[DjiProtocol_sdkPack:183) SDK-Send: 0x0A->0x03 0x0000 [0m
[37m[6.464][linker]-[Debug]-[DjiProtocol_sdkUnpack:219) protocol frame length error [0m
[37m[6.474][linker]-[Debug]-[DjiProtocol_sdkPack:183) SDK-Send: 0x0A->0x03 0x0000 [0m
[37m[6.488][linker]-[Debug]-[DjiProtocol_sdkUnpack:219) protocol frame length error [0m
[37m[6.491][linker]-[Debug]-[DjiProtocol_sdkUnpack:219) protocol frame length error [0m
[37m[6.492][linker]-[Debug]-[DjiProtocol_sdkUnpack:219) protocol frame length error [0m
[37m[6.494][linker]-[Debug]-[DjiProtocol_sdkPack:183) SDK-Send: 0x0A->0x03 0x0000 [0m
[37m[6.504][linker]-[Debug]-[DjiProtocol_sdkUnpack:219) protocol frame length error [0m
[37m[6.506][linker]-[Debug]-[DjiProtocol_sdkUnpack:219) protocol frame length error [0m
[37m[6.514][linker]-[Debug]-[DjiProtocol_sdkPack:183) SDK-Send: 0x0A->0x03 0x0000 [0m
[31m[6.523][linker]-[Error]-[DjiProtocol_sdkUnpack:228) protocol frame crc16 error:0x180B 0xC1AB [0m
[37m[6.524][linker]-[Debug]-[DjiProtocol_sdkUnpack:219) protocol frame length error [0m
[37m[6.535][linker]-[Debug]-[DjiLinker_DeInit:171) deinit linker success, protocol:1, channelId:0 [0m
[37m[6.535][utils]-[Debug]-[DjiCore_RootTask:131) work execution time: [0m
[37m[6.535][utils]-[Debug]-[DjiCore_RootTask:132) name	                execution time (ms)	  max execution time (ms) [0m
[37m[6.535][utils]-[Debug]-[DjiCore_RootTask:134) recorderWork                    	1       	1        [0m
[37m[6.535][utils]-[Debug]-[DjiCore_RootTask:134) flowControllerTask              	1       	1        [0m
[37m[6.547][linker]-[Debug]-[DjiProtocol_sdkUnpack:219) protocol frame length error [0m
[31m[6.547][linker]-[Error]-[DjiProtocol_sdkUnpack:237) protocol frame crc32 error [0m
[37m[6.547][linker]-[Debug]-[DjiLinker_Init:129) init linker success, protocol:1, channelId:0 [0m
[37m[6.547][linker]-[Debug]-[DjiProtocol_sdkPack:183) SDK-Send: 0x0A->0x03 0x0000 [0m
[37m[6.547][linker]-[Debug]-[DjiProtocol_sdkUnpack:276) SDK-Recv: 0x03->0x0A 0x0205 [0m
[37m[6.548][linker]-[Debug]-[DjiProtocol_sdkUnpack:276) SDK-Recv: 0x03->0x0A 0x0205 [0m
[31m[6.549][linker]-[Error]-[DjiProtocol_sdkUnpack:237) protocol frame crc32 error [0m
[37m[6.553][linker]-[Debug]-[DjiProtocol_sdkUnpack:276) SDK-Recv: 0x03->0x0A 0x0205 [0m
[37m[6.554][linker]-[Debug]-[DjiProtocol_sdkUnpack:276) SDK-Recv: 0x03->0x0A 0x0205 [0m
[37m[6.557][linker]-[Debug]-[DjiProtocol_sdkUnpack:276) SDK-Recv: 0x03->0x0A 0x0205 [0m
[37m[6.558][linker]-[Debug]-[DjiProtocol_sdkUnpack:276) SDK-Recv: 0x03->0x0A 0x0205 [0m
[37m[6.559][linker]-[Debug]-[DjiProtocol_sdkUnpack:276) SDK-Recv: 0x03->0x0A 0x0205 [0m
[37m[6.561][linker]-[Debug]-[DjiProtocol_sdkUnpack:276) SDK-Recv: 0x03->0x0A 0x0205 [0m
[37m[6.562][linker]-[Debug]-[DjiProtocol_sdkUnpack:276) SDK-Recv: 0x03->0x0A 0x0205 [0m
[37m[6.564][linker]-[Debug]-[DjiProtocol_sdkUnpack:276) SDK-Recv: 0x03->0x0A 0x0205 [0m
[37m[6.567][linker]-[Debug]-[DjiProtocol_sdkUnpack:276) SDK-Recv: 0x03->0x0A 0x0205 [0m
[37m[6.567][linker]-[Debug]-[DjiProtocol_sdkUnpack:276) SDK-Recv: 0x03->0x0A 0x0205 [0m
[37m[6.567][linker]-[Debug]-[DjiProtocol_sdkPack:183) SDK-Send: 0x0A->0x03 0x0000 [0m
[37m[6.568][linker]-[Debug]-[DjiProtocol_sdkUnpack:276) SDK-Recv: 0x03->0x0A 0x0205 [0m
[37m[6.571][linker]-[Debug]-[DjiProtocol_sdkUnpack:276) SDK-Recv: 0x03->0x0A 0x0205 [0m
[37m[6.572][linker]-[Debug]-[DjiProtocol_sdkUnpack:276) SDK-Recv: 0x03->0x0A 0x0205 [0m
[37m[6.573][linker]-[Debug]-[DjiProtocol_sdkUnpack:276) SDK-Recv: 0x03->0x0A 0x0205 [0m
[37m[6.574][linker]-[Debug]-[DjiProtocol_sdkUnpack:276) SDK-Recv: 0x03->0x0A 0x0205 [0m
[31m[6.578][linker]-[Error]-[DjiProtocol_sdkUnpack:237) protocol frame crc32 error [0m
[37m[6.579][linker]-[Debug]-[DjiProtocol_sdkUnpack:276) SDK-Recv: 0x03->0x0A 0x0205 [0m
[37m[6.581][linker]-[Debug]-[DjiProtocol_sdkUnpack:219) protocol frame length error [0m
[31m[6.583][linker]-[Error]-[DjiProtocol_sdkUnpack:237) protocol frame crc32 error [0m
[31m[6.586][linker]-[Error]-[DjiProtocol_sdkUnpack:237) protocol frame crc32 error [0m
[37m[6.587][linker]-[Debug]-[DjiProtocol_sdkPack:183) SDK-Send: 0x0A->0x03 0x0000 [0m
[37m[6.589][linker]-[Debug]-[DjiProtocol_sdkUnpack:276) SDK-Recv: 0x03->0x0A 0x0205 [0m
[37m[6.592][linker]-[Debug]-[DjiProtocol_sdkUnpack:276) SDK-Recv: 0x03->0x0A 0x0205 [0m
[37m[6.593][linker]-[Debug]-[DjiProtocol_sdkUnpack:276) SDK-Recv: 0x03->0x0A 0x0205 [0m
[37m[6.596][linker]-[Debug]-[DjiProtocol_sdkUnpack:276) SDK-Recv: 0x03->0x0A 0x0205 [0m
[37m[6.597][linker]-[Debug]-[DjiProtocol_sdkUnpack:276) SDK-Recv: 0x03->0x0A 0x0205 [0m
[37m[6.597][linker]-[Debug]-[DjiProtocol_sdkUnpack:276) SDK-Recv: 0x03->0x0A 0x0205 [0m
[37m[6.598][linker]-[Debug]-[DjiProtocol_sdkUnpack:276) SDK-Recv: 0x03->0x0A 0x0205 [0m
[37m[6.602][linker]-[Debug]-[DjiProtocol_sdkUnpack:276) SDK-Recv: 0x03->0x0A 0x0205 [0m
[37m[6.603][linker]-[Debug]-[DjiProtocol_sdkUnpack:276) SDK-Recv: 0x03->0x0A 0x0205 [0m
[37m[6.604][linker]-[Debug]-[DjiProtocol_sdkUnpack:276) SDK-Recv: 0x03->0x0A 0x0205 [0m
[37m[6.606][linker]-[Debug]-[DjiProtocol_sdkUnpack:276) SDK-Recv: 0x03->0x0A 0x0205 [0m
[37m[6.607][linker]-[Debug]-[DjiProtocol_sdkUnpack:276) SDK-Recv: 0x03->0x0A 0x0205 [0m
[37m[6.608][linker]-[Debug]-[DjiProtocol_sdkPack:183) SDK-Send: 0x0A->0x03 0x0000 [0m
[37m[6.609][linker]-[Debug]-[DjiProtocol_sdkUnpack:276) SDK-Recv: 0x03->0x0A 0x0205 [0m
[37m[6.611][linker]-[Debug]-[DjiProtocol_sdkUnpack:276) SDK-Recv: 0x03->0x0A 0x0205 [0m
[37m[6.612][linker]-[Debug]-[DjiProtocol_sdkUnpack:276) SDK-Recv: 0x03->0x0A 0x0205 [0m
[37m[6.615][linker]-[Debug]-[DjiProtocol_sdkUnpack:276) SDK-Recv: 0x03->0x0A 0x0205 [0m
[37m[6.616][linker]-[Debug]-[DjiProtocol_sdkUnpack:276) SDK-Recv: 0x03->0x0A 0x0205 [0m
[37m[6.618][linker]-[Debug]-[DjiProtocol_sdkUnpack:276) SDK-Recv: 0x03->0x0A 0x0205 [0m
[37m[6.618][linker]-[Debug]-[DjiProtocol_sdkUnpack:276) SDK-Recv: 0x03->0x0A 0x0205 [0m
[31m[6.620][linker]-[Error]-[DjiProtocol_sdkUnpack:228) protocol frame crc16 error:0x0C00 0x4F12 [0m
[37m[6.622][linker]-[Debug]-[DjiProtocol_sdkUnpack:276) SDK-Recv: 0x03->0x0A 0x0205 [0m
[37m[6.623][linker]-[Debug]-[DjiProtocol_sdkUnpack:276) SDK-Recv: 0x03->0x0A 0x0205 [0m
[37m[6.626][linker]-[Debug]-[DjiProtocol_sdkUnpack:276) SDK-Recv: 0x03->0x0A 0x0205 [0m
[37m[6.628][linker]-[Debug]-[DjiProtocol_sdkUnpack:276) SDK-Recv: 0x03->0x0A 0x0205 [0m
[37m[6.628][linker]-[Debug]-[DjiProtocol_sdkUnpack:276) SDK-Recv: 0x03->0x0A 0x0205 [0m
[37m[6.629][linker]-[Debug]-[DjiProtocol_sdkPack:183) SDK-Send: 0x0A->0x03 0x0000 [0m
[37m[6.630][linker]-[Debug]-[DjiProtocol_sdkUnpack:276) SDK-Recv: 0x03->0x0A 0x0205 [0m
[37m[6.632][linker]-[Debug]-[DjiProtocol_sdkUnpack:276) SDK-Recv: 0x03->0x0A 0x0205 [0m
[37m[6.633][linker]-[Debug]-[DjiProtocol_sdkUnpack:276) SDK-Recv: 0x03->0x0A 0x0205 [0m
[37m[6.634][linker]-[Debug]-[DjiProtocol_sdkUnpack:276) SDK-Recv: 0x03->0x0A 0x0205 [0m
[37m[6.636][linker]-[Debug]-[DjiProtocol_sdkUnpack:276) SDK-Recv: 0x03->0x0A 0x0205 [0m
[37m[6.638][linker]-[Debug]-[DjiProtocol_sdkUnpack:276) SDK-Recv: 0x03->0x0A 0x0205 [0m
[37m[6.639][linker]-[Debug]-[DjiProtocol_sdkUnpack:276) SDK-Recv: 0x03->0x0A 0x0205 [0m
[37m[6.641][linker]-[Debug]-[DjiProtocol_sdkUnpack:276) SDK-Recv: 0x03->0x0A 0x0205 [0m
[37m[6.643][linker]-[Debug]-[DjiProtocol_sdkUnpack:276) SDK-Recv: 0x03->0x0A 0x0205 [0m
[37m[6.645][linker]-[Debug]-[DjiProtocol_sdkUnpack:276) SDK-Recv: 0x03->0x0A 0x0205 [0m
[37m[6.647][linker]-[Debug]-[DjiProtocol_sdkUnpack:276) SDK-Recv: 0x03->0x0A 0x0205 [0m
[37m[6.647][linker]-[Debug]-[DjiProtocol_sdkUnpack:276) SDK-Recv: 0x03->0x0A 0x0205 [0m
[37m[6.648][linker]-[Debug]-[DjiProtocol_sdkUnpack:276) SDK-Recv: 0x03->0x0A 0x0205 [0m
[37m[6.650][linker]-[Debug]-[DjiLinker_DeInit:171) deinit linker success, protocol:1, channelId:0 [0m
[31m[6.661][linker]-[Error]-[DjiProtocol_sdkUnpack:228) protocol frame crc16 error:0x7886 0xB4F8 [0m
[37m[6.661][linker]-[Debug]-[DjiLinker_Init:129) init linker success, protocol:1, channelId:0 [0m
[37m[6.661][linker]-[Debug]-[DjiProtocol_sdkPack:183) SDK-Send: 0x0A->0x03 0x0000 [0m
[37m[6.681][linker]-[Debug]-[DjiProtocol_sdkPack:183) SDK-Send: 0x0A->0x03 0x0000 [0m
[37m[6.701][linker]-[Debug]-[DjiProtocol_sdkPack:183) SDK-Send: 0x0A->0x03 0x0000 [0m
[37m[6.722][linker]-[Debug]-[DjiProtocol_sdkPack:183) SDK-Send: 0x0A->0x03 0x0000 [0m
[37m[6.742][linker]-[Debug]-[DjiProtocol_sdkPack:183) SDK-Send: 0x0A->0x03 0x0000 [0m
[37m[6.763][linker]-[Debug]-[DjiLinker_DeInit:171) deinit linker success, protocol:1, channelId:0 [0m
[37m[6.772][linker]-[Debug]-[DjiLinker_Init:129) init linker success, protocol:1, channelId:0 [0m
[37m[6.772][linker]-[Debug]-[DjiProtocol_sdkPack:183) SDK-Send: 0x0A->0x03 0x0000 [0m
[37m[6.792][linker]-[Debug]-[DjiProtocol_sdkPack:183) SDK-Send: 0x0A->0x03 0x0000 [0m
[37m[6.813][linker]-[Debug]-[DjiProtocol_sdkPack:183) SDK-Send: 0x0A->0x03 0x0000 [0m
[37m[6.833][linker]-[Debug]-[DjiProtocol_sdkPack:183) SDK-Send: 0x0A->0x03 0x0000 [0m
[37m[6.853][linker]-[Debug]-[DjiProtocol_sdkPack:183) SDK-Send: 0x0A->0x03 0x0000 [0m
[37m[6.873][linker]-[Debug]-[DjiLinker_DeInit:171) deinit linker success, protocol:1, channelId:0 [0m
[32m[6.873][adapter]-[Info]-[DjiAccessAdapter_Init:279) Try identify UART0 connection failed. Probably because SDK adapter or aircraft not finish init or UART connect error. [0m
[37m[6.924][adapter]-[Debug]-[DjiAccessAdapter_CheckUserUartBaudRateAndAircraftSeries:1546) Try (p, s, r, c) = (2, 0x0a06, 0x0300, 0x03fd) [0m
[37m[6.937][linker]-[Debug]-[DjiLinker_Init:129) init linker success, protocol:2, channelId:0 [0m
[37m[6.937][linker]-[Debug]-[DjiProtocol_v1Pack:123) <0000>V1-Send: 0x0A06->0x0300 0x03FD [0m
[37m[6.944][linker]-[Debug]-[DjiProtocol_v1Unpack:170) protocol frame length error [0m
[37m[6.948][linker]-[Debug]-[DjiProtocol_v1Unpack:170) protocol frame length error [0m
[37m[6.957][linker]-[Debug]-[DjiProtocol_v1Pack:123) <0x01>V1-Send: 0x0A06->0x0300 0x03FD [0m
[37m[6.958][linker]-[Debug]-[DjiProtocol_v1Unpack:170) protocol frame length error [0m
[37m[6.963][linker]-[Debug]-[DjiProtocol_v1Unpack:170) protocol frame length error [0m
[37m[6.974][linker]-[Debug]-[DjiProtocol_v1Unpack:170) protocol frame length error [0m
[37m[6.977][linker]-[Debug]-[DjiProtocol_v1Pack:123) <0x02>V1-Send: 0x0A06->0x0300 0x03FD [0m
[37m[6.978][linker]-[Debug]-[DjiProtocol_v1Unpack:170) protocol frame length error [0m
[37m[6.984][linker]-[Debug]-[DjiProtocol_v1Unpack:170) protocol frame length error [0m
[37m[6.996][linker]-[Debug]-[DjiProtocol_v1Unpack:170) protocol frame length error [0m
[37m[6.996][linker]-[Debug]-[DjiProtocol_v1Unpack:170) protocol frame length error [0m
[37m[6.997][linker]-[Debug]-[DjiProtocol_v1Pack:123) <0x03>V1-Send: 0x0A06->0x0300 0x03FD [0m
[37m[7.001][linker]-[Debug]-[DjiProtocol_v1Unpack:170) protocol frame length error [0m
[37m[7.006][linker]-[Debug]-[DjiProtocol_v1Unpack:170) protocol frame length error [0m
[37m[7.006][linker]-[Debug]-[DjiProtocol_v1Unpack:170) protocol frame length error [0m
[37m[7.018][linker]-[Debug]-[DjiProtocol_v1Pack:123) <0x04>V1-Send: 0x0A06->0x0300 0x03FD [0m
[37m[7.025][linker]-[Debug]-[DjiProtocol_v1Unpack:170) protocol frame length error [0m
[37m[7.038][linker]-[Debug]-[DjiLinker_DeInit:171) deinit linker success, protocol:2, channelId:0 [0m
[37m[7.038][adapter]-[Debug]-[DjiAccessAdapter_IdentifyUart0InfoAndAircraftSeries:713) Try (p, s, r, c) = (2, 0x0507, 0x0503, 0x03fd) [0m
[37m[7.045][linker]-[Debug]-[DjiLinker_Init:129) init linker success, protocol:2, channelId:0 [0m
[37m[7.045][linker]-[Debug]-[DjiProtocol_v1Pack:123) <0000>V1-Send: 0x0507->0x0503 0x03FD [0m
[37m[7.065][linker]-[Debug]-[DjiProtocol_v1Pack:123) <0x01>V1-Send: 0x0507->0x0503 0x03FD [0m
[37m[7.085][linker]-[Debug]-[DjiProtocol_v1Pack:123) <0x02>V1-Send: 0x0507->0x0503 0x03FD [0m
[37m[7.105][linker]-[Debug]-[DjiProtocol_v1Pack:123) <0x03>V1-Send: 0x0507->0x0503 0x03FD [0m
[37m[7.125][linker]-[Debug]-[DjiProtocol_v1Pack:123) <0x04>V1-Send: 0x0507->0x0503 0x03FD [0m
[37m[7.146][linker]-[Debug]-[DjiLinker_DeInit:171) deinit linker success, protocol:2, channelId:0 [0m
[37m[7.153][linker]-[Debug]-[DjiLinker_Init:129) init linker success, protocol:2, channelId:0 [0m
[37m[7.153][linker]-[Debug]-[DjiProtocol_v1Pack:123) <0000>V1-Send: 0x0507->0x0503 0x03FD [0m
[37m[7.173][linker]-[Debug]-[DjiProtocol_v1Pack:123) <0x01>V1-Send: 0x0507->0x0503 0x03FD [0m
[37m[7.193][linker]-[Debug]-[DjiProtocol_v1Pack:123) <0x02>V1-Send: 0x0507->0x0503 0x03FD [0m
[37m[7.213][linker]-[Debug]-[DjiProtocol_v1Pack:123) <0x03>V1-Send: 0x0507->0x0503 0x03FD [0m
[37m[7.233][linker]-[Debug]-[DjiProtocol_v1Pack:123) <0x04>V1-Send: 0x0507->0x0503 0x03FD [0m
[37m[7.254][linker]-[Debug]-[DjiLinker_DeInit:171) deinit linker success, protocol:2, channelId:0 [0m
[37m[7.260][linker]-[Debug]-[DjiProtocol_v1Unpack:170) protocol frame length error [0m
[37m[7.260][linker]-[Debug]-[DjiProtocol_v1Unpack:170) protocol frame length error [0m
[37m[7.260][linker]-[Debug]-[DjiLinker_Init:129) init linker success, protocol:2, channelId:0 [0m
[37m[7.260][linker]-[Debug]-[DjiProtocol_v1Pack:123) <0000>V1-Send: 0x0507->0x0503 0x03FD [0m
[37m[7.281][linker]-[Debug]-[DjiProtocol_v1Pack:123) <0x01>V1-Send: 0x0507->0x0503 0x03FD [0m
[37m[7.292][linker]-[Debug]-[DjiProtocol_v1Unpack:170) protocol frame length error [0m
[37m[7.294][linker]-[Debug]-[DjiProtocol_v1Unpack:170) protocol frame length error [0m
[37m[7.301][linker]-[Debug]-[DjiProtocol_v1Pack:123) <0x02>V1-Send: 0x0507->0x0503 0x03FD [0m
[37m[7.321][linker]-[Debug]-[DjiProtocol_v1Pack:123) <0x03>V1-Send: 0x0507->0x0503 0x03FD [0m
[37m[7.331][linker]-[Debug]-[DjiProtocol_v1Unpack:170) protocol frame length error [0m
[37m[7.341][linker]-[Debug]-[DjiProtocol_v1Pack:123) <0x04>V1-Send: 0x0507->0x0503 0x03FD [0m
[37m[7.361][linker]-[Debug]-[DjiProtocol_v1Unpack:170) protocol frame length error [0m
[37m[7.361][linker]-[Debug]-[DjiLinker_DeInit:171) deinit linker success, protocol:2, channelId:0 [0m
[37m[7.368][linker]-[Debug]-[DjiLinker_Init:129) init linker success, protocol:2, channelId:0 [0m
[37m[7.368][linker]-[Debug]-[DjiProtocol_v1Pack:123) <0000>V1-Send: 0x0507->0x0503 0x03FD [0m
[37m[7.388][linker]-[Debug]-[DjiProtocol_v1Pack:123) <0x01>V1-Send: 0x0507->0x0503 0x03FD [0m
[37m[7.409][linker]-[Debug]-[DjiProtocol_v1Pack:123) <0x02>V1-Send: 0x0507->0x0503 0x03FD [0m
[37m[7.429][linker]-[Debug]-[DjiProtocol_v1Pack:123) <0x03>V1-Send: 0x0507->0x0503 0x03FD [0m
[37m[7.449][linker]-[Debug]-[DjiProtocol_v1Pack:123) <0x04>V1-Send: 0x0507->0x0503 0x03FD [0m
[37m[7.469][linker]-[Debug]-[DjiLinker_DeInit:171) deinit linker success, protocol:2, channelId:0 [0m
[37m[7.476][linker]-[Debug]-[DjiLinker_Init:129) init linker success, protocol:2, channelId:0 [0m
[37m[7.476][linker]-[Debug]-[DjiProtocol_v1Pack:123) <0000>V1-Send: 0x0507->0x0503 0x03FD [0m
[37m[7.496][linker]-[Debug]-[DjiProtocol_v1Pack:123) <0x01>V1-Send: 0x0507->0x0503 0x03FD [0m
[37m[7.516][linker]-[Debug]-[DjiProtocol_v1Pack:123) <0x02>V1-Send: 0x0507->0x0503 0x03FD [0m
[37m[7.536][linker]-[Debug]-[DjiProtocol_v1Pack:123) <0x03>V1-Send: 0x0507->0x0503 0x03FD [0m
[37m[7.557][linker]-[Debug]-[DjiProtocol_v1Pack:123) <0x04>V1-Send: 0x0507->0x0503 0x03FD [0m
[37m[7.577][linker]-[Debug]-[DjiLinker_DeInit:171) deinit linker success, protocol:2, channelId:0 [0m
[37m[7.577][adapter]-[Debug]-[DjiAccessAdapter_IdentifyUart0InfoAndAircraftSeries:776) Try (p, s, r, c) = (2, 0x0a06, 0x0300, 0x03fd) [0m
[37m[7.585][linker]-[Debug]-[DjiLinker_Init:129) init linker success, protocol:2, channelId:0 [0m
[37m[7.585][linker]-[Debug]-[DjiProtocol_v1Pack:123) <0000>V1-Send: 0x0A06->0x0300 0x03FD [0m
[37m[7.605][linker]-[Debug]-[DjiProtocol_v1Pack:123) <0x01>V1-Send: 0x0A06->0x0300 0x03FD [0m
[37m[7.625][linker]-[Debug]-[DjiProtocol_v1Pack:123) <0x02>V1-Send: 0x0A06->0x0300 0x03FD [0m
[37m[7.629][utils]-[Debug]-[DjiCore_RootTask:131) work execution time: [0m
[37m[7.629][utils]-[Debug]-[DjiCore_RootTask:132) name	                execution time (ms)	  max execution time (ms) [0m
[37m[7.629][utils]-[Debug]-[DjiCore_RootTask:134) recorderWork                    	1       	1        [0m
[37m[7.629][utils]-[Debug]-[DjiCore_RootTask:134) flowControllerTask              	0       	1        [0m
[37m[7.645][linker]-[Debug]-[DjiProtocol_v1Pack:123) <0x03>V1-Send: 0x0A06->0x0300 0x03FD [0m
[37m[7.666][linker]-[Debug]-[DjiProtocol_v1Pack:123) <0x04>V1-Send: 0x0A06->0x0300 0x03FD [0m
[37m[7.686][linker]-[Debug]-[DjiLinker_DeInit:171) deinit linker success, protocol:2, channelId:0 [0m
[37m[7.693][linker]-[Debug]-[DjiLinker_Init:129) init linker success, protocol:2, channelId:0 [0m
[37m[7.693][linker]-[Debug]-[DjiProtocol_v1Pack:123) <0000>V1-Send: 0x0A06->0x0300 0x03FD [0m
[37m[7.713][linker]-[Debug]-[DjiProtocol_v1Pack:123) <0x01>V1-Send: 0x0A06->0x0300 0x03FD [0m
[37m[7.734][linker]-[Debug]-[DjiProtocol_v1Pack:123) <0x02>V1-Send: 0x0A06->0x0300 0x03FD [0m
[37m[7.754][linker]-[Debug]-[DjiProtocol_v1Pack:123) <0x03>V1-Send: 0x0A06->0x0300 0x03FD [0m
[37m[7.774][linker]-[Debug]-[DjiProtocol_v1Pack:123) <0x04>V1-Send: 0x0A06->0x0300 0x03FD [0m
[37m[7.794][linker]-[Debug]-[DjiLinker_DeInit:171) deinit linker success, protocol:2, channelId:0 [0m
[37m[7.801][linker]-[Debug]-[DjiLinker_Init:129) init linker success, protocol:2, channelId:0 [0m
[37m[7.801][linker]-[Debug]-[DjiProtocol_v1Pack:123) <0000>V1-Send: 0x0A06->0x0300 0x03FD [0m
[37m[7.818][linker]-[Debug]-[DjiProtocol_v1Unpack:170) protocol frame length error [0m
[37m[7.818][linker]-[Debug]-[DjiProtocol_v1Unpack:170) protocol frame length error [0m
[37m[7.822][linker]-[Debug]-[DjiProtocol_v1Pack:123) <0x01>V1-Send: 0x0A06->0x0300 0x03FD [0m
[37m[7.835][linker]-[Debug]-[DjiProtocol_v1Unpack:170) protocol frame length error [0m
[37m[7.842][linker]-[Debug]-[DjiProtocol_v1Pack:123) <0x02>V1-Send: 0x0A06->0x0300 0x03FD [0m
[37m[7.858][linker]-[Debug]-[DjiProtocol_v1Unpack:170) protocol frame length error [0m
[37m[7.862][linker]-[Debug]-[DjiProtocol_v1Pack:123) <0x03>V1-Send: 0x0A06->0x0300 0x03FD [0m
[37m[7.865][linker]-[Debug]-[DjiProtocol_v1Unpack:170) protocol frame length error [0m
[37m[7.871][linker]-[Debug]-[DjiProtocol_v1Unpack:170) protocol frame length error [0m
[37m[7.874][linker]-[Debug]-[DjiProtocol_v1Unpack:170) protocol frame length error [0m
[37m[7.882][linker]-[Debug]-[DjiProtocol_v1Pack:123) <0x04>V1-Send: 0x0A06->0x0300 0x03FD [0m
[37m[7.883][linker]-[Debug]-[DjiProtocol_v1Unpack:170) protocol frame length error [0m
[37m[7.896][linker]-[Debug]-[DjiProtocol_v1Unpack:170) protocol frame length error [0m
[37m[7.897][linker]-[Debug]-[DjiProtocol_v1Unpack:170) protocol frame length error [0m
[37m[7.902][linker]-[Debug]-[DjiLinker_DeInit:171) deinit linker success, protocol:2, channelId:0 [0m
[37m[7.910][linker]-[Debug]-[DjiLinker_Init:129) init linker success, protocol:2, channelId:0 [0m
[37m[7.910][linker]-[Debug]-[DjiProtocol_v1Pack:123) <0000>V1-Send: 0x0A06->0x0300 0x03FD [0m
[37m[7.930][linker]-[Debug]-[DjiProtocol_v1Pack:123) <0x01>V1-Send: 0x0A06->0x0300 0x03FD [0m
[37m[7.950][linker]-[Debug]-[DjiProtocol_v1Pack:123) <0x02>V1-Send: 0x0A06->0x0300 0x03FD [0m
[37m[7.972][linker]-[Debug]-[DjiProtocol_v1Pack:123) <0x03>V1-Send: 0x0A06->0x0300 0x03FD [0m
[37m[7.992][linker]-[Debug]-[DjiProtocol_v1Pack:123) <0x04>V1-Send: 0x0A06->0x0300 0x03FD [0m
[37m[8.013][linker]-[Debug]-[DjiLinker_DeInit:171) deinit linker success, protocol:2, channelId:0 [0m
[37m[8.020][linker]-[Debug]-[DjiLinker_Init:129) init linker success, protocol:2, channelId:0 [0m
[37m[8.020][linker]-[Debug]-[DjiProtocol_v1Pack:123) <0000>V1-Send: 0x0A06->0x0300 0x03FD [0m
[37m[8.040][linker]-[Debug]-[DjiProtocol_v1Pack:123) <0x01>V1-Send: 0x0A06->0x0300 0x03FD [0m
[37m[8.060][linker]-[Debug]-[DjiProtocol_v1Pack:123) <0x02>V1-Send: 0x0A06->0x0300 0x03FD [0m
[37m[8.080][linker]-[Debug]-[DjiProtocol_v1Pack:123) <0x03>V1-Send: 0x0A06->0x0300 0x03FD [0m
[37m[8.100][linker]-[Debug]-[DjiProtocol_v1Pack:123) <0x04>V1-Send: 0x0A06->0x0300 0x03FD [0m
[37m[8.121][linker]-[Debug]-[DjiLinker_DeInit:171) deinit linker success, protocol:2, channelId:0 [0m
[37m[8.121][adapter]-[Debug]-[DjiAccessAdapter_IdentifyUart0InfoAndAircraftSeries:840) Try (p, s, r, c) = (2, 0x0503, 0x0801, 0x0001) [0m
[37m[8.128][linker]-[Debug]-[DjiLinker_Init:129) init linker success, protocol:2, channelId:0 [0m
[37m[8.128][linker]-[Debug]-[DjiProtocol_v1Pack:123) <0000>V1-Send: 0x0503->0x0801 0x0001 [0m
[37m[8.148][linker]-[Debug]-[DjiProtocol_v1Pack:123) <0x01>V1-Send: 0x0503->0x0801 0x0001 [0m
[37m[8.168][linker]-[Debug]-[DjiProtocol_v1Pack:123) <0x02>V1-Send: 0x0503->0x0801 0x0001 [0m
[37m[8.188][linker]-[Debug]-[DjiProtocol_v1Pack:123) <0x03>V1-Send: 0x0503->0x0801 0x0001 [0m
[37m[8.209][linker]-[Debug]-[DjiProtocol_v1Pack:123) <0x04>V1-Send: 0x0503->0x0801 0x0001 [0m
[37m[8.229][linker]-[Debug]-[DjiLinker_DeInit:171) deinit linker success, protocol:2, channelId:0 [0m
[37m[8.236][linker]-[Debug]-[DjiLinker_Init:129) init linker success, protocol:2, channelId:0 [0m
[37m[8.236][linker]-[Debug]-[DjiProtocol_v1Pack:123) <0000>V1-Send: 0x0503->0x0801 0x0001 [0m
[37m[8.256][linker]-[Debug]-[DjiProtocol_v1Pack:123) <0x01>V1-Send: 0x0503->0x0801 0x0001 [0m
[37m[8.277][linker]-[Debug]-[DjiProtocol_v1Pack:123) <0x02>V1-Send: 0x0503->0x0801 0x0001 [0m
[37m[8.297][linker]-[Debug]-[DjiProtocol_v1Pack:123) <0x03>V1-Send: 0x0503->0x0801 0x0001 [0m
[37m[8.317][linker]-[Debug]-[DjiProtocol_v1Pack:123) <0x04>V1-Send: 0x0503->0x0801 0x0001 [0m
[37m[8.337][linker]-[Debug]-[DjiLinker_DeInit:171) deinit linker success, protocol:2, channelId:0 [0m
[37m[8.345][linker]-[Debug]-[DjiLinker_Init:129) init linker success, protocol:2, channelId:0 [0m
[37m[8.345][linker]-[Debug]-[DjiProtocol_v1Pack:123) <0000>V1-Send: 0x0503->0x0801 0x0001 [0m
[37m[8.358][linker]-[Debug]-[DjiProtocol_v1Unpack:170) protocol frame length error [0m
[37m[8.365][linker]-[Debug]-[DjiProtocol_v1Pack:123) <0x01>V1-Send: 0x0503->0x0801 0x0001 [0m
[37m[8.379][linker]-[Debug]-[DjiProtocol_v1Unpack:170) protocol frame length error [0m
[37m[8.383][linker]-[Debug]-[DjiProtocol_v1Unpack:170) protocol frame length error [0m
[37m[8.385][linker]-[Debug]-[DjiProtocol_v1Pack:123) <0x02>V1-Send: 0x0503->0x0801 0x0001 [0m
[37m[8.393][linker]-[Debug]-[DjiProtocol_v1Unpack:170) protocol frame length error [0m
[37m[8.400][linker]-[Debug]-[DjiProtocol_v1Unpack:170) protocol frame length error [0m
[37m[8.402][linker]-[Debug]-[DjiProtocol_v1Unpack:170) protocol frame length error [0m
[37m[8.405][linker]-[Debug]-[DjiProtocol_v1Pack:123) <0x03>V1-Send: 0x0503->0x0801 0x0001 [0m
[37m[8.406][linker]-[Debug]-[DjiProtocol_v1Unpack:170) protocol frame length error [0m
[37m[8.406][linker]-[Debug]-[DjiProtocol_v1Unpack:170) protocol frame length error [0m
[37m[8.425][linker]-[Debug]-[DjiProtocol_v1Pack:123) <0x04>V1-Send: 0x0503->0x0801 0x0001 [0m
[37m[8.446][linker]-[Debug]-[DjiLinker_DeInit:171) deinit linker success, protocol:2, channelId:0 [0m
[37m[8.453][linker]-[Debug]-[DjiLinker_Init:129) init linker success, protocol:2, channelId:0 [0m
[37m[8.453][linker]-[Debug]-[DjiProtocol_v1Pack:123) <0000>V1-Send: 0x0503->0x0801 0x0001 [0m
[37m[8.473][linker]-[Debug]-[DjiProtocol_v1Pack:123) <0x01>V1-Send: 0x0503->0x0801 0x0001 [0m
[37m[8.493][linker]-[Debug]-[DjiProtocol_v1Pack:123) <0x02>V1-Send: 0x0503->0x0801 0x0001 [0m
[37m[8.513][linker]-[Debug]-[DjiProtocol_v1Pack:123) <0x03>V1-Send: 0x0503->0x0801 0x0001 [0m
[37m[8.533][linker]-[Debug]-[DjiProtocol_v1Pack:123) <0x04>V1-Send: 0x0503->0x0801 0x0001 [0m
[37m[8.554][linker]-[Debug]-[DjiLinker_DeInit:171) deinit linker success, protocol:2, channelId:0 [0m
[37m[8.561][linker]-[Debug]-[DjiLinker_Init:129) init linker success, protocol:2, channelId:0 [0m
[37m[8.561][linker]-[Debug]-[DjiProtocol_v1Pack:123) <0000>V1-Send: 0x0503->0x0801 0x0001 [0m
[37m[8.581][linker]-[Debug]-[DjiProtocol_v1Pack:123) <0x01>V1-Send: 0x0503->0x0801 0x0001 [0m
[37m[8.602][linker]-[Debug]-[DjiProtocol_v1Pack:123) <0x02>V1-Send: 0x0503->0x0801 0x0001 [0m
[37m[8.622][linker]-[Debug]-[DjiProtocol_v1Pack:123) <0x03>V1-Send: 0x0503->0x0801 0x0001 [0m
[37m[8.642][linker]-[Debug]-[DjiProtocol_v1Pack:123) <0x04>V1-Send: 0x0503->0x0801 0x0001 [0m
[37m[8.662][linker]-[Debug]-[DjiLinker_DeInit:171) deinit linker success, protocol:2, channelId:0 [0m
[37m[8.662][adapter]-[Debug]-[DjiAccessAdapter_IdentifyUart0InfoAndAircraftSeries:907) Try (p, s, r, c) = (2, 0x0503, 0x0701, 0x0001) [0m
[37m[8.669][linker]-[Debug]-[DjiLinker_Init:129) init linker success, protocol:2, channelId:0 [0m
[37m[8.669][linker]-[Debug]-[DjiProtocol_v1Pack:123) <0000>V1-Send: 0x0503->0x0701 0x0001 [0m
[37m[8.689][linker]-[Debug]-[DjiProtocol_v1Pack:123) <0x01>V1-Send: 0x0503->0x0701 0x0001 [0m
[37m[8.708][utils]-[Debug]-[DjiCore_RootTask:131) work execution time: [0m
[37m[8.708][utils]-[Debug]-[DjiCore_RootTask:132) name	                execution time (ms)	  max execution time (ms) [0m
[37m[8.708][utils]-[Debug]-[DjiCore_RootTask:134) recorderWork                    	0       	1        [0m
[37m[8.708][utils]-[Debug]-[DjiCore_RootTask:134) flowControllerTask              	0       	1        [0m
[37m[8.710][linker]-[Debug]-[DjiProtocol_v1Pack:123) <0x02>V1-Send: 0x0503->0x0701 0x0001 [0m
[37m[8.730][linker]-[Debug]-[DjiProtocol_v1Pack:123) <0x03>V1-Send: 0x0503->0x0701 0x0001 [0m
[37m[8.750][linker]-[Debug]-[DjiProtocol_v1Pack:123) <0x04>V1-Send: 0x0503->0x0701 0x0001 [0m
[37m[8.770][linker]-[Debug]-[DjiLinker_DeInit:171) deinit linker success, protocol:2, channelId:0 [0m
[37m[8.777][linker]-[Debug]-[DjiLinker_Init:129) init linker success, protocol:2, channelId:0 [0m
[37m[8.777][linker]-[Debug]-[DjiProtocol_v1Pack:123) <0000>V1-Send: 0x0503->0x0701 0x0001 [0m
[37m[8.797][linker]-[Debug]-[DjiProtocol_v1Pack:123) <0x01>V1-Send: 0x0503->0x0701 0x0001 [0m
[37m[8.818][linker]-[Debug]-[DjiProtocol_v1Pack:123) <0x02>V1-Send: 0x0503->0x0701 0x0001 [0m
[37m[8.838][linker]-[Debug]-[DjiProtocol_v1Pack:123) <0x03>V1-Send: 0x0503->0x0701 0x0001 [0m
[37m[8.858][linker]-[Debug]-[DjiProtocol_v1Pack:123) <0x04>V1-Send: 0x0503->0x0701 0x0001 [0m
[37m[8.878][linker]-[Debug]-[DjiLinker_DeInit:171) deinit linker success, protocol:2, channelId:0 [0m
[37m[8.886][linker]-[Debug]-[DjiProtocol_v1Unpack:170) protocol frame length error [0m
[37m[8.886][linker]-[Debug]-[DjiLinker_Init:129) init linker success, protocol:2, channelId:0 [0m
[37m[8.886][linker]-[Debug]-[DjiProtocol_v1Pack:123) <0000>V1-Send: 0x0503->0x0701 0x0001 [0m
[37m[8.888][linker]-[Debug]-[DjiProtocol_v1Unpack:170) protocol frame length error [0m
[37m[8.903][linker]-[Debug]-[DjiProtocol_v1Unpack:170) protocol frame length error [0m
[37m[8.906][linker]-[Debug]-[DjiProtocol_v1Pack:123) <0x01>V1-Send: 0x0503->0x0701 0x0001 [0m
[37m[8.913][linker]-[Debug]-[DjiProtocol_v1Unpack:170) protocol frame length error [0m
[37m[8.914][linker]-[Debug]-[DjiProtocol_v1Unpack:170) protocol frame length error [0m
[37m[8.916][linker]-[Debug]-[DjiProtocol_v1Unpack:170) protocol frame length error [0m
[37m[8.916][linker]-[Debug]-[DjiProtocol_v1Unpack:170) protocol frame length error [0m
[37m[8.917][linker]-[Debug]-[DjiProtocol_v1Unpack:170) protocol frame length error [0m
[37m[8.919][linker]-[Debug]-[DjiProtocol_v1Unpack:170) protocol frame length error [0m
[37m[8.922][linker]-[Debug]-[DjiProtocol_v1Unpack:170) protocol frame length error [0m
[37m[8.923][linker]-[Debug]-[DjiProtocol_v1Unpack:170) protocol frame length error [0m
[37m[8.923][linker]-[Debug]-[DjiProtocol_v1Unpack:170) protocol frame length error [0m
[37m[8.926][linker]-[Debug]-[DjiProtocol_v1Unpack:170) protocol frame length error [0m
[37m[8.926][linker]-[Debug]-[DjiProtocol_v1Pack:123) <0x02>V1-Send: 0x0503->0x0701 0x0001 [0m
[37m[8.927][linker]-[Debug]-[DjiProtocol_v1Unpack:170) protocol frame length error [0m
[37m[8.927][linker]-[Debug]-[DjiProtocol_v1Unpack:170) protocol frame length error [0m
[37m[8.928][linker]-[Debug]-[DjiProtocol_v1Unpack:170) protocol frame length error [0m
[37m[8.929][linker]-[Debug]-[DjiProtocol_v1Unpack:170) protocol frame length error [0m
[37m[8.932][linker]-[Debug]-[DjiProtocol_v1Unpack:170) protocol frame length error [0m
[37m[8.933][linker]-[Debug]-[DjiProtocol_v1Unpack:170) protocol frame length error [0m
[37m[8.933][linker]-[Debug]-[DjiProtocol_v1Unpack:170) protocol frame length error [0m
[37m[8.938][linker]-[Debug]-[DjiProtocol_v1Unpack:170) protocol frame length error [0m
[37m[8.938][linker]-[Debug]-[DjiProtocol_v1Unpack:170) protocol frame length error [0m
[37m[8.939][linker]-[Debug]-[DjiProtocol_v1Unpack:170) protocol frame length error [0m
[37m[8.943][linker]-[Debug]-[DjiProtocol_v1Unpack:170) protocol frame length error [0m
[37m[8.944][linker]-[Debug]-[DjiProtocol_v1Unpack:170) protocol frame length error [0m
[37m[8.946][linker]-[Debug]-[DjiProtocol_v1Pack:123) <0x03>V1-Send: 0x0503->0x0701 0x0001 [0m
[37m[8.948][linker]-[Debug]-[DjiProtocol_v1Unpack:170) protocol frame length error [0m
[37m[8.948][linker]-[Debug]-[DjiProtocol_v1Unpack:170) protocol frame length error [0m
[37m[8.949][linker]-[Debug]-[DjiProtocol_v1Unpack:170) protocol frame length error [0m
[37m[8.952][linker]-[Debug]-[DjiProtocol_v1Unpack:170) protocol frame length error [0m
[37m[8.952][linker]-[Debug]-[DjiProtocol_v1Unpack:170) protocol frame length error [0m
[37m[8.953][linker]-[Debug]-[DjiProtocol_v1Unpack:170) protocol frame length error [0m
[37m[8.954][linker]-[Debug]-[DjiProtocol_v1Unpack:170) protocol frame length error [0m
[37m[8.957][linker]-[Debug]-[DjiProtocol_v1Unpack:170) protocol frame length error [0m
[37m[8.957][linker]-[Debug]-[DjiProtocol_v1Unpack:170) protocol frame length error [0m
[37m[8.959][linker]-[Debug]-[DjiProtocol_v1Unpack:170) protocol frame length error [0m
[37m[8.963][linker]-[Debug]-[DjiProtocol_v1Unpack:170) protocol frame length error [0m
[37m[8.964][linker]-[Debug]-[DjiProtocol_v1Unpack:170) protocol frame length error [0m
[37m[8.964][linker]-[Debug]-[DjiProtocol_v1Unpack:170) protocol frame length error [0m
[37m[8.966][linker]-[Debug]-[DjiProtocol_v1Pack:123) <0x04>V1-Send: 0x0503->0x0701 0x0001 [0m
[37m[8.967][linker]-[Debug]-[DjiProtocol_v1Unpack:170) protocol frame length error [0m
[37m[8.968][linker]-[Debug]-[DjiProtocol_v1Unpack:170) protocol frame length error [0m
[37m[8.969][linker]-[Debug]-[DjiProtocol_v1Unpack:170) protocol frame length error [0m
[37m[8.971][linker]-[Debug]-[DjiProtocol_v1Unpack:170) protocol frame length error [0m
[37m[8.972][linker]-[Debug]-[DjiProtocol_v1Unpack:170) protocol frame length error [0m
[37m[8.973][linker]-[Debug]-[DjiProtocol_v1Unpack:170) protocol frame length error [0m
[37m[8.973][linker]-[Debug]-[DjiProtocol_v1Unpack:170) protocol frame length error [0m
[37m[8.973][linker]-[Debug]-[DjiProtocol_v1Unpack:170) protocol frame length error [0m
[37m[8.976][linker]-[Debug]-[DjiProtocol_v1Unpack:170) protocol frame length error [0m
[37m[8.977][linker]-[Debug]-[DjiProtocol_v1Unpack:170) protocol frame length error [0m
[37m[8.978][linker]-[Debug]-[DjiProtocol_v1Unpack:170) protocol frame length error [0m
[37m[8.982][linker]-[Debug]-[DjiProtocol_v1Unpack:170) protocol frame length error [0m
[37m[8.983][linker]-[Debug]-[DjiProtocol_v1Unpack:170) protocol frame length error [0m
[37m[8.984][linker]-[Debug]-[DjiProtocol_v1Unpack:170) protocol frame length error [0m
[37m[8.987][linker]-[Debug]-[DjiLinker_DeInit:171) deinit linker success, protocol:2, channelId:0 [0m
[37m[8.994][linker]-[Debug]-[DjiProtocol_v1Unpack:170) protocol frame length error [0m
[37m[8.994][linker]-[Debug]-[DjiLinker_Init:129) init linker success, protocol:2, channelId:0 [0m
[37m[8.994][linker]-[Debug]-[DjiProtocol_v1Pack:123) <0000>V1-Send: 0x0503->0x0701 0x0001 [0m
[37m[9.014][linker]-[Debug]-[DjiProtocol_v1Pack:123) <0x01>V1-Send: 0x0503->0x0701 0x0001 [0m
[37m[9.034][linker]-[Debug]-[DjiProtocol_v1Pack:123) <0x02>V1-Send: 0x0503->0x0701 0x0001 [0m
[37m[9.055][linker]-[Debug]-[DjiProtocol_v1Pack:123) <0x03>V1-Send: 0x0503->0x0701 0x0001 [0m
[37m[9.075][linker]-[Debug]-[DjiProtocol_v1Pack:123) <0x04>V1-Send: 0x0503->0x0701 0x0001 [0m
[37m[9.095][linker]-[Debug]-[DjiLinker_DeInit:171) deinit linker success, protocol:2, channelId:0 [0m
[37m[9.104][linker]-[Debug]-[DjiLinker_Init:129) init linker success, protocol:2, channelId:0 [0m
[37m[9.104][linker]-[Debug]-[DjiProtocol_v1Pack:123) <0000>V1-Send: 0x0503->0x0701 0x0001 [0m
[37m[9.124][linker]-[Debug]-[DjiProtocol_v1Pack:123) <0x01>V1-Send: 0x0503->0x0701 0x0001 [0m
[37m[9.144][linker]-[Debug]-[DjiProtocol_v1Pack:123) <0x02>V1-Send: 0x0503->0x0701 0x0001 [0m
[37m[9.164][linker]-[Debug]-[DjiProtocol_v1Pack:123) <0x03>V1-Send: 0x0503->0x0701 0x0001 [0m
[37m[9.184][linker]-[Debug]-[DjiProtocol_v1Pack:123) <0x04>V1-Send: 0x0503->0x0701 0x0001 [0m
[37m[9.205][linker]-[Debug]-[DjiLinker_DeInit:171) deinit linker success, protocol:2, channelId:0 [0m
[37m[9.205][adapter]-[Debug]-[DjiAccessAdapter_IdentifyUart0InfoAndAircraftSeries:974) Try (p, s, r, c) = (2, 0x0a07, 0x0300, 0x03fd) [0m
[37m[9.212][linker]-[Debug]-[DjiLinker_Init:129) init linker success, protocol:2, channelId:0 [0m
[37m[9.212][linker]-[Debug]-[DjiProtocol_v1Pack:123) <0000>V1-Send: 0x0A07->0x0300 0x03FD [0m
[37m[9.232][linker]-[Debug]-[DjiProtocol_v1Pack:123) <0x01>V1-Send: 0x0A07->0x0300 0x03FD [0m
[37m[9.252][linker]-[Debug]-[DjiProtocol_v1Pack:123) <0x02>V1-Send: 0x0A07->0x0300 0x03FD [0m
[37m[9.272][linker]-[Debug]-[DjiProtocol_v1Pack:123) <0x03>V1-Send: 0x0A07->0x0300 0x03FD [0m
[37m[9.293][linker]-[Debug]-[DjiProtocol_v1Pack:123) <0x04>V1-Send: 0x0A07->0x0300 0x03FD [0m
[37m[9.313][linker]-[Debug]-[DjiLinker_DeInit:171) deinit linker success, protocol:2, channelId:0 [0m
[37m[9.321][linker]-[Debug]-[DjiLinker_Init:129) init linker success, protocol:2, channelId:0 [0m
[37m[9.321][linker]-[Debug]-[DjiProtocol_v1Pack:123) <0000>V1-Send: 0x0A07->0x0300 0x03FD [0m
[37m[9.341][linker]-[Debug]-[DjiProtocol_v1Pack:123) <0x01>V1-Send: 0x0A07->0x0300 0x03FD [0m
[37m[9.361][linker]-[Debug]-[DjiProtocol_v1Pack:123) <0x02>V1-Send: 0x0A07->0x0300 0x03FD [0m
[37m[9.381][linker]-[Debug]-[DjiProtocol_v1Pack:123) <0x03>V1-Send: 0x0A07->0x0300 0x03FD [0m
[37m[9.401][linker]-[Debug]-[DjiProtocol_v1Pack:123) <0x04>V1-Send: 0x0A07->0x0300 0x03FD [0m
[37m[9.422][linker]-[Debug]-[DjiLinker_DeInit:171) deinit linker success, protocol:2, channelId:0 [0m
[37m[9.430][linker]-[Debug]-[DjiLinker_Init:129) init linker success, protocol:2, channelId:0 [0m
[37m[9.430][linker]-[Debug]-[DjiProtocol_v1Pack:123) <0000>V1-Send: 0x0A07->0x0300 0x03FD [0m
[37m[9.433][linker]-[Debug]-[DjiProtocol_v1Unpack:170) protocol frame length error [0m
[37m[9.441][linker]-[Debug]-[DjiProtocol_v1Unpack:170) protocol frame length error [0m
[37m[9.450][linker]-[Debug]-[DjiProtocol_v1Pack:123) <0x01>V1-Send: 0x0A07->0x0300 0x03FD [0m
[37m[9.455][linker]-[Debug]-[DjiProtocol_v1Unpack:170) protocol frame length error [0m
[37m[9.470][linker]-[Debug]-[DjiProtocol_v1Pack:123) <0x02>V1-Send: 0x0A07->0x0300 0x03FD [0m
[37m[9.490][linker]-[Debug]-[DjiProtocol_v1Pack:123) <0x03>V1-Send: 0x0A07->0x0300 0x03FD [0m
[37m[9.501][linker]-[Debug]-[DjiProtocol_v1Unpack:170) protocol frame length error [0m
[37m[9.503][linker]-[Debug]-[DjiProtocol_v1Unpack:170) protocol frame length error [0m
[37m[9.510][linker]-[Debug]-[DjiProtocol_v1Pack:123) <0x04>V1-Send: 0x0A07->0x0300 0x03FD [0m
[37m[9.513][linker]-[Debug]-[DjiProtocol_v1Unpack:170) protocol frame length error [0m
[37m[9.518][linker]-[Debug]-[DjiProtocol_v1Unpack:170) protocol frame length error [0m
[37m[9.531][linker]-[Debug]-[DjiLinker_DeInit:171) deinit linker success, protocol:2, channelId:0 [0m
[37m[9.539][linker]-[Debug]-[DjiLinker_Init:129) init linker success, protocol:2, channelId:0 [0m
[37m[9.539][linker]-[Debug]-[DjiProtocol_v1Pack:123) <0000>V1-Send: 0x0A07->0x0300 0x03FD [0m
[37m[9.560][linker]-[Debug]-[DjiProtocol_v1Pack:123) <0x01>V1-Send: 0x0A07->0x0300 0x03FD [0m
[37m[9.580][linker]-[Debug]-[DjiProtocol_v1Pack:123) <0x02>V1-Send: 0x0A07->0x0300 0x03FD [0m
[37m[9.600][linker]-[Debug]-[DjiProtocol_v1Pack:123) <0x03>V1-Send: 0x0A07->0x0300 0x03FD [0m
[37m[9.620][linker]-[Debug]-[DjiProtocol_v1Pack:123) <0x04>V1-Send: 0x0A07->0x0300 0x03FD [0m
[37m[9.641][linker]-[Debug]-[DjiLinker_DeInit:171) deinit linker success, protocol:2, channelId:0 [0m
[37m[9.649][linker]-[Debug]-[DjiLinker_Init:129) init linker success, protocol:2, channelId:0 [0m
[37m[9.649][linker]-[Debug]-[DjiProtocol_v1Pack:123) <0000>V1-Send: 0x0A07->0x0300 0x03FD [0m
[37m[9.669][linker]-[Debug]-[DjiProtocol_v1Pack:123) <0x01>V1-Send: 0x0A07->0x0300 0x03FD [0m
[37m[9.689][linker]-[Debug]-[DjiProtocol_v1Pack:123) <0x02>V1-Send: 0x0A07->0x0300 0x03FD [0m
[37m[9.709][linker]-[Debug]-[DjiProtocol_v1Pack:123) <0x03>V1-Send: 0x0A07->0x0300 0x03FD [0m
[37m[9.729][linker]-[Debug]-[DjiProtocol_v1Pack:123) <0x04>V1-Send: 0x0A07->0x0300 0x03FD [0m
[37m[9.750][linker]-[Debug]-[DjiLinker_DeInit:171) deinit linker success, protocol:2, channelId:0 [0m
[37m[9.750][adapter]-[Debug]-[DjiAccessAdapter_IdentifyUart0InfoAndAircraftSeries:1046) Try (p, s, r, c) = (1, 0x0a00, 0x0300, 0x0000) [0m
[37m[9.757][linker]-[Debug]-[DjiLinker_Init:129) init linker success, protocol:1, channelId:0 [0m
[37m[9.757][linker]-[Debug]-[DjiProtocol_sdkPack:183) SDK-Send: 0x0A->0x03 0x0000 [0m
[37m[9.777][linker]-[Debug]-[DjiProtocol_sdkPack:183) SDK-Send: 0x0A->0x03 0x0000 [0m
[37m[9.788][utils]-[Debug]-[DjiCore_RootTask:131) work execution time: [0m
[37m[9.788][utils]-[Debug]-[DjiCore_RootTask:132) name	                execution time (ms)	  max execution time (ms) [0m
[37m[9.788][utils]-[Debug]-[DjiCore_RootTask:134) recorderWork                    	1       	1        [0m
[37m[9.788][utils]-[Debug]-[DjiCore_RootTask:134) flowControllerTask              	0       	1        [0m
[37m[9.797][linker]-[Debug]-[DjiProtocol_sdkPack:183) SDK-Send: 0x0A->0x03 0x0000 [0m
[37m[9.817][linker]-[Debug]-[DjiProtocol_sdkPack:183) SDK-Send: 0x0A->0x03 0x0000 [0m
[37m[9.837][linker]-[Debug]-[DjiProtocol_sdkPack:183) SDK-Send: 0x0A->0x03 0x0000 [0m
[37m[9.858][linker]-[Debug]-[DjiLinker_DeInit:171) deinit linker success, protocol:1, channelId:0 [0m
[37m[9.865][linker]-[Debug]-[DjiLinker_Init:129) init linker success, protocol:1, channelId:0 [0m
[37m[9.865][linker]-[Debug]-[DjiProtocol_sdkPack:183) SDK-Send: 0x0A->0x03 0x0000 [0m
[37m[9.867][linker]-[Debug]-[DjiProtocol_sdkUnpack:219) protocol frame length error [0m
[37m[9.874][linker]-[Debug]-[DjiProtocol_sdkUnpack:219) protocol frame length error [0m
[37m[9.879][linker]-[Debug]-[DjiProtocol_sdkUnpack:219) protocol frame length error [0m
[37m[9.882][linker]-[Debug]-[DjiProtocol_sdkUnpack:219) protocol frame length error [0m
[37m[9.885][linker]-[Debug]-[DjiProtocol_sdkPack:183) SDK-Send: 0x0A->0x03 0x0000 [0m
[37m[9.895][linker]-[Debug]-[DjiProtocol_sdkUnpack:219) protocol frame length error [0m
[37m[9.900][linker]-[Debug]-[DjiProtocol_sdkUnpack:219) protocol frame length error [0m
[37m[9.905][linker]-[Debug]-[DjiProtocol_sdkUnpack:219) protocol frame length error [0m
[37m[9.905][linker]-[Debug]-[DjiProtocol_sdkPack:183) SDK-Send: 0x0A->0x03 0x0000 [0m
[37m[9.925][linker]-[Debug]-[DjiProtocol_sdkPack:183) SDK-Send: 0x0A->0x03 0x0000 [0m
[37m[9.946][linker]-[Debug]-[DjiProtocol_sdkPack:183) SDK-Send: 0x0A->0x03 0x0000 [0m
[37m[9.946][linker]-[Debug]-[DjiProtocol_sdkUnpack:219) protocol frame length error [0m
[37m[9.949][linker]-[Debug]-[DjiProtocol_sdkUnpack:219) protocol frame length error [0m
[37m[9.957][linker]-[Debug]-[DjiProtocol_sdkUnpack:219) protocol frame length error [0m
[37m[9.966][linker]-[Debug]-[DjiLinker_DeInit:171) deinit linker success, protocol:1, channelId:0 [0m
[37m[9.974][linker]-[Debug]-[DjiProtocol_sdkUnpack:219) protocol frame length error [0m
[37m[9.974][linker]-[Debug]-[DjiProtocol_sdkUnpack:276) SDK-Recv: 0x03->0x0A 0x0205 [0m
[37m[9.974][linker]-[Debug]-[DjiProtocol_sdkUnpack:276) SDK-Recv: 0x03->0x0A 0x0205 [0m
[37m[9.975][linker]-[Debug]-[DjiProtocol_sdkUnpack:276) SDK-Recv: 0x03->0x0A 0x0205 [0m
[37m[9.975][linker]-[Debug]-[DjiLinker_Init:129) init linker success, protocol:1, channelId:0 [0m
[37m[9.975][linker]-[Debug]-[DjiProtocol_sdkPack:183) SDK-Send: 0x0A->0x03 0x0000 [0m
[37m[9.977][linker]-[Debug]-[DjiProtocol_sdkUnpack:276) SDK-Recv: 0x03->0x0A 0x0205 [0m
[37m[9.978][linker]-[Debug]-[DjiProtocol_sdkUnpack:276) SDK-Recv: 0x03->0x0A 0x0205 [0m
[37m[9.979][linker]-[Debug]-[DjiProtocol_sdkUnpack:276) SDK-Recv: 0x03->0x0A 0x0205 [0m
[37m[9.981][linker]-[Debug]-[DjiProtocol_sdkUnpack:276) SDK-Recv: 0x03->0x0A 0x0205 [0m
[31m[9.982][linker]-[Error]-[DjiProtocol_sdkUnpack:228) protocol frame crc16 error:0x70BC 0x7468 [0m
[37m[9.984][linker]-[Debug]-[DjiProtocol_sdkUnpack:276) SDK-Recv: 0x03->0x0A 0x0205 [0m
[37m[9.987][linker]-[Debug]-[DjiProtocol_sdkUnpack:276) SDK-Recv: 0x03->0x0A 0x0205 [0m
[37m[9.989][linker]-[Debug]-[DjiProtocol_sdkUnpack:276) SDK-Recv: 0x03->0x0A 0x0205 [0m
[37m[9.989][linker]-[Debug]-[DjiProtocol_sdkUnpack:276) SDK-Recv: 0x03->0x0A 0x0205 [0m
[37m[9.991][linker]-[Debug]-[DjiProtocol_sdkUnpack:276) SDK-Recv: 0x03->0x0A 0x0205 [0m
[37m[9.993][linker]-[Debug]-[DjiProtocol_sdkUnpack:276) SDK-Recv: 0x03->0x0A 0x0205 [0m
[37m[9.994][linker]-[Debug]-[DjiProtocol_sdkUnpack:276) SDK-Recv: 0x03->0x0A 0x0205 [0m
[37m[9.995][linker]-[Debug]-[DjiProtocol_sdkPack:183) SDK-Send: 0x0A->0x03 0x0000 [0m
[37m[9.996][linker]-[Debug]-[DjiProtocol_sdkUnpack:276) SDK-Recv: 0x03->0x0A 0x0205 [0m
[37m[9.999][linker]-[Debug]-[DjiProtocol_sdkUnpack:276) SDK-Recv: 0x03->0x0A 0x0205 [0m
[37m[9.999][linker]-[Debug]-[DjiProtocol_sdkUnpack:276) SDK-Recv: 0x03->0x0A 0x0205 [0m
[37m[10.001][linker]-[Debug]-[DjiProtocol_sdkUnpack:276) SDK-Recv: 0x03->0x0A 0x0205 [0m
[37m[10.002][linker]-[Debug]-[DjiProtocol_sdkUnpack:276) SDK-Recv: 0x03->0x0A 0x0205 [0m
[37m[10.003][linker]-[Debug]-[DjiProtocol_sdkUnpack:276) SDK-Recv: 0x03->0x0A 0x0205 [0m
[37m[10.007][linker]-[Debug]-[DjiProtocol_sdkUnpack:276) SDK-Recv: 0x03->0x0A 0x0205 [0m
[37m[10.008][linker]-[Debug]-[DjiProtocol_sdkUnpack:276) SDK-Recv: 0x03->0x0A 0x0205 [0m
[37m[10.009][linker]-[Debug]-[DjiProtocol_sdkUnpack:276) SDK-Recv: 0x03->0x0A 0x0205 [0m
[37m[10.012][linker]-[Debug]-[DjiProtocol_sdkUnpack:276) SDK-Recv: 0x03->0x0A 0x0205 [0m
[37m[10.012][linker]-[Debug]-[DjiProtocol_sdkUnpack:276) SDK-Recv: 0x03->0x0A 0x0205 [0m
[37m[10.013][linker]-[Debug]-[DjiProtocol_sdkUnpack:276) SDK-Recv: 0x03->0x0A 0x0406 [0m
[37m[10.013][linker]-[Debug]-[DjiProtocol_sdkUnpack:276) SDK-Recv: 0x03->0x0A 0x0407 [0m
[37m[10.014][linker]-[Debug]-[DjiProtocol_sdkUnpack:276) SDK-Recv: 0x03->0x0A 0x0205 [0m
[37m[10.015][linker]-[Debug]-[DjiProtocol_sdkPack:183) SDK-Send: 0x0A->0x03 0x0000 [0m
[37m[10.018][linker]-[Debug]-[DjiProtocol_sdkUnpack:276) SDK-Recv: 0x03->0x0A 0x0205 [0m
[37m[10.019][linker]-[Debug]-[DjiProtocol_sdkUnpack:276) SDK-Recv: 0x03->0x0A 0x0205 [0m
[37m[10.021][linker]-[Debug]-[DjiProtocol_sdkUnpack:276) SDK-Recv: 0x03->0x0A 0x0205 [0m
[37m[10.022][linker]-[Debug]-[DjiProtocol_sdkUnpack:276) SDK-Recv: 0x03->0x0A 0x0205 [0m
[37m[10.024][linker]-[Debug]-[DjiProtocol_sdkUnpack:276) SDK-Recv: 0x03->0x0A 0x0205 [0m
[37m[10.025][linker]-[Debug]-[DjiProtocol_sdkUnpack:276) SDK-Recv: 0x03->0x0A 0x0205 [0m
[37m[10.027][linker]-[Debug]-[DjiProtocol_sdkUnpack:276) SDK-Recv: 0x03->0x0A 0x0205 [0m
[37m[10.029][linker]-[Debug]-[DjiProtocol_sdkUnpack:276) SDK-Recv: 0x03->0x0A 0x0205 [0m
[37m[10.029][linker]-[Debug]-[DjiProtocol_sdkUnpack:276) SDK-Recv: 0x03->0x0A 0x0205 [0m
[37m[10.031][linker]-[Debug]-[DjiProtocol_sdkUnpack:276) SDK-Recv: 0x03->0x0A 0x0205 [0m
[37m[10.033][linker]-[Debug]-[DjiProtocol_sdkUnpack:276) SDK-Recv: 0x03->0x0A 0x0205 [0m
[37m[10.034][linker]-[Debug]-[DjiProtocol_sdkUnpack:276) SDK-Recv: 0x03->0x0A 0x0205 [0m
[37m[10.036][linker]-[Debug]-[DjiProtocol_sdkPack:183) SDK-Send: 0x0A->0x03 0x0000 [0m
[31m[10.038][linker]-[Error]-[DjiProtocol_sdkUnpack:237) protocol frame crc32 error [0m
[31m[10.043][linker]-[Error]-[DjiProtocol_sdkUnpack:237) protocol frame crc32 error [0m
[31m[10.047][linker]-[Error]-[DjiProtocol_sdkUnpack:237) protocol frame crc32 error [0m
[31m[10.049][linker]-[Error]-[DjiProtocol_sdkUnpack:228) protocol frame crc16 error:0x00BC 0x849E [0m
[37m[10.052][linker]-[Debug]-[DjiProtocol_sdkUnpack:276) SDK-Recv: 0x03->0x0A 0x0205 [0m
[37m[10.053][linker]-[Debug]-[DjiProtocol_sdkUnpack:276) SDK-Recv: 0x03->0x0A 0x0205 [0m
[37m[10.054][linker]-[Debug]-[DjiProtocol_sdkUnpack:276) SDK-Recv: 0x03->0x0A 0x0205 [0m
[37m[10.056][linker]-[Debug]-[DjiProtocol_sdkPack:183) SDK-Send: 0x0A->0x03 0x0000 [0m
[37m[10.056][linker]-[Debug]-[DjiProtocol_sdkUnpack:276) SDK-Recv: 0x03->0x0A 0x0205 [0m
[31m[10.059][linker]-[Error]-[DjiProtocol_sdkUnpack:237) protocol frame crc32 error [0m
[37m[10.061][linker]-[Debug]-[DjiProtocol_sdkUnpack:276) SDK-Recv: 0x03->0x0A 0x0205 [0m
[37m[10.062][linker]-[Debug]-[DjiProtocol_sdkUnpack:276) SDK-Recv: 0x03->0x0A 0x0205 [0m
[37m[10.063][linker]-[Debug]-[DjiProtocol_sdkUnpack:276) SDK-Recv: 0x03->0x0A 0x0205 [0m
[37m[10.067][linker]-[Debug]-[DjiProtocol_sdkUnpack:276) SDK-Recv: 0x03->0x0A 0x0205 [0m
[37m[10.068][linker]-[Debug]-[DjiProtocol_sdkUnpack:276) SDK-Recv: 0x03->0x0A 0x0205 [0m
[37m[10.068][linker]-[Debug]-[DjiProtocol_sdkUnpack:276) SDK-Recv: 0x03->0x0A 0x0205 [0m
[37m[10.071][linker]-[Debug]-[DjiProtocol_sdkUnpack:276) SDK-Recv: 0x03->0x0A 0x0205 [0m
[37m[10.073][linker]-[Debug]-[DjiProtocol_sdkUnpack:276) SDK-Recv: 0x03->0x0A 0x0205 [0m
[37m[10.074][linker]-[Debug]-[DjiProtocol_sdkUnpack:276) SDK-Recv: 0x03->0x0A 0x0205 [0m
[37m[10.076][linker]-[Debug]-[DjiProtocol_sdkUnpack:276) SDK-Recv: 0x03->0x0A 0x0205 [0m
[37m[10.077][linker]-[Debug]-[DjiLinker_DeInit:171) deinit linker success, protocol:1, channelId:0 [0m
[31m[10.086][linker]-[Error]-[DjiProtocol_sdkUnpack:237) protocol frame crc32 error [0m
[37m[10.086][linker]-[Debug]-[DjiLinker_Init:129) init linker success, protocol:1, channelId:0 [0m
[37m[10.086][linker]-[Debug]-[DjiProtocol_sdkPack:183) SDK-Send: 0x0A->0x03 0x0000 [0m
[37m[10.106][linker]-[Debug]-[DjiProtocol_sdkPack:183) SDK-Send: 0x0A->0x03 0x0000 [0m
[37m[10.126][linker]-[Debug]-[DjiProtocol_sdkPack:183) SDK-Send: 0x0A->0x03 0x0000 [0m
[37m[10.147][linker]-[Debug]-[DjiProtocol_sdkPack:183) SDK-Send: 0x0A->0x03 0x0000 [0m
[37m[10.167][linker]-[Debug]-[DjiProtocol_sdkPack:183) SDK-Send: 0x0A->0x03 0x0000 [0m
[37m[10.188][linker]-[Debug]-[DjiLinker_DeInit:171) deinit linker success, protocol:1, channelId:0 [0m
[37m[10.204][linker]-[Debug]-[DjiLinker_Init:129) init linker success, protocol:1, channelId:0 [0m
[37m[10.204][linker]-[Debug]-[DjiProtocol_sdkPack:183) SDK-Send: 0x0A->0x03 0x0000 [0m
[37m[10.224][linker]-[Debug]-[DjiProtocol_sdkPack:183) SDK-Send: 0x0A->0x03 0x0000 [0m
[37m[10.244][linker]-[Debug]-[DjiProtocol_sdkPack:183) SDK-Send: 0x0A->0x03 0x0000 [0m
[37m[10.265][linker]-[Debug]-[DjiProtocol_sdkPack:183) SDK-Send: 0x0A->0x03 0x0000 [0m
[37m[10.285][linker]-[Debug]-[DjiProtocol_sdkPack:183) SDK-Send: 0x0A->0x03 0x0000 [0m
[37m[10.305][linker]-[Debug]-[DjiLinker_DeInit:171) deinit linker success, protocol:1, channelId:0 [0m
[32m[10.305][adapter]-[Info]-[DjiAccessAdapter_Init:279) Try identify UART0 connection failed. Probably because SDK adapter or aircraft not finish init or UART connect error. [0m
[37m[10.356][adapter]-[Debug]-[DjiAccessAdapter_CheckUserUartBaudRateAndAircraftSeries:1546) Try (p, s, r, c) = (2, 0x0a06, 0x0300, 0x03fd) [0m
[37m[10.371][linker]-[Debug]-[DjiProtocol_v1Unpack:170) protocol frame length error [0m
[37m[10.371][linker]-[Debug]-[DjiProtocol_v1Unpack:170) protocol frame length error [0m
[37m[10.372][linker]-[Debug]-[DjiLinker_Init:129) init linker success, protocol:2, channelId:0 [0m
[37m[10.372][linker]-[Debug]-[DjiProtocol_v1Pack:123) <0000>V1-Send: 0x0A06->0x0300 0x03FD [0m
[37m[10.373][linker]-[Debug]-[DjiProtocol_v1Unpack:170) protocol frame length error [0m
[37m[10.392][linker]-[Debug]-[DjiProtocol_v1Pack:123) <0x01>V1-Send: 0x0A06->0x0300 0x03FD [0m
[37m[10.396][linker]-[Debug]-[DjiProtocol_v1Unpack:170) protocol frame length error [0m
[37m[10.396][linker]-[Debug]-[DjiProtocol_v1Unpack:170) protocol frame length error [0m
[37m[10.402][linker]-[Debug]-[DjiProtocol_v1Unpack:170) protocol frame length error [0m
[37m[10.404][linker]-[Debug]-[DjiProtocol_v1Unpack:170) protocol frame length error [0m
[37m[10.405][linker]-[Debug]-[DjiProtocol_v1Unpack:170) protocol frame length error [0m
[37m[10.412][linker]-[Debug]-[DjiProtocol_v1Pack:123) <0x02>V1-Send: 0x0A06->0x0300 0x03FD [0m
[37m[10.422][linker]-[Debug]-[DjiProtocol_v1Unpack:170) protocol frame length error [0m
[37m[10.429][linker]-[Debug]-[DjiProtocol_v1Unpack:170) protocol frame length error [0m
[37m[10.432][linker]-[Debug]-[DjiProtocol_v1Pack:123) <0x03>V1-Send: 0x0A06->0x0300 0x03FD [0m
[37m[10.445][linker]-[Debug]-[DjiProtocol_v1Unpack:170) protocol frame length error [0m
[37m[10.452][linker]-[Debug]-[DjiProtocol_v1Pack:123) <0x04>V1-Send: 0x0A06->0x0300 0x03FD [0m
[37m[10.455][linker]-[Debug]-[DjiProtocol_v1Unpack:170) protocol frame length error [0m
[37m[10.473][linker]-[Debug]-[DjiLinker_DeInit:171) deinit linker success, protocol:2, channelId:0 [0m
[37m[10.473][adapter]-[Debug]-[DjiAccessAdapter_IdentifyUart0InfoAndAircraftSeries:713) Try (p, s, r, c) = (2, 0x0507, 0x0503, 0x03fd) [0m
[37m[10.481][linker]-[Debug]-[DjiLinker_Init:129) init linker success, protocol:2, channelId:0 [0m
[37m[10.481][linker]-[Debug]-[DjiProtocol_v1Pack:123) <0000>V1-Send: 0x0507->0x0503 0x03FD [0m
[37m[10.501][linker]-[Debug]-[DjiProtocol_v1Pack:123) <0x01>V1-Send: 0x0507->0x0503 0x03FD [0m
[37m[10.521][linker]-[Debug]-[DjiProtocol_v1Pack:123) <0x02>V1-Send: 0x0507->0x0503 0x03FD [0m
[37m[10.541][linker]-[Debug]-[DjiProtocol_v1Pack:123) <0x03>V1-Send: 0x0507->0x0503 0x03FD [0m
[37m[10.561][linker]-[Debug]-[DjiProtocol_v1Pack:123) <0x04>V1-Send: 0x0507->0x0503 0x03FD [0m
[37m[10.582][linker]-[Debug]-[DjiLinker_DeInit:171) deinit linker success, protocol:2, channelId:0 [0m
[37m[10.589][linker]-[Debug]-[DjiLinker_Init:129) init linker success, protocol:2, channelId:0 [0m
[37m[10.589][linker]-[Debug]-[DjiProtocol_v1Pack:123) <0000>V1-Send: 0x0507->0x0503 0x03FD [0m
[37m[10.609][linker]-[Debug]-[DjiProtocol_v1Pack:123) <0x01>V1-Send: 0x0507->0x0503 0x03FD [0m
[37m[10.629][linker]-[Debug]-[DjiProtocol_v1Pack:123) <0x02>V1-Send: 0x0507->0x0503 0x03FD [0m
[37m[10.649][linker]-[Debug]-[DjiProtocol_v1Pack:123) <0x03>V1-Send: 0x0507->0x0503 0x03FD [0m
[37m[10.669][linker]-[Debug]-[DjiProtocol_v1Pack:123) <0x04>V1-Send: 0x0507->0x0503 0x03FD [0m
[37m[10.690][linker]-[Debug]-[DjiLinker_DeInit:171) deinit linker success, protocol:2, channelId:0 [0m
[37m[10.697][linker]-[Debug]-[DjiLinker_Init:129) init linker success, protocol:2, channelId:0 [0m
[37m[10.697][linker]-[Debug]-[DjiProtocol_v1Pack:123) <0000>V1-Send: 0x0507->0x0503 0x03FD [0m
[37m[10.717][linker]-[Debug]-[DjiProtocol_v1Pack:123) <0x01>V1-Send: 0x0507->0x0503 0x03FD [0m
[37m[10.720][linker]-[Debug]-[DjiProtocol_v1Unpack:170) protocol frame length error [0m
[37m[10.737][linker]-[Debug]-[DjiProtocol_v1Pack:123) <0x02>V1-Send: 0x0507->0x0503 0x03FD [0m
[37m[10.743][linker]-[Debug]-[DjiProtocol_v1Unpack:170) protocol frame length error [0m
[37m[10.749][linker]-[Debug]-[DjiProtocol_v1Unpack:170) protocol frame length error [0m
[37m[10.752][linker]-[Debug]-[DjiProtocol_v1Unpack:170) protocol frame length error [0m
[37m[10.752][linker]-[Debug]-[DjiProtocol_v1Unpack:170) protocol frame length error [0m
[37m[10.757][linker]-[Debug]-[DjiProtocol_v1Pack:123) <0x03>V1-Send: 0x0507->0x0503 0x03FD [0m
[37m[10.763][linker]-[Debug]-[DjiProtocol_v1Unpack:170) protocol frame length error [0m
[37m[10.767][linker]-[Debug]-[DjiProtocol_v1Unpack:170) protocol frame length error [0m
[37m[10.775][linker]-[Debug]-[DjiProtocol_v1Unpack:170) protocol frame length error [0m
[37m[10.777][linker]-[Debug]-[DjiProtocol_v1Pack:123) <0x04>V1-Send: 0x0507->0x0503 0x03FD [0m
[37m[10.785][linker]-[Debug]-[DjiProtocol_v1Unpack:170) protocol frame length error [0m
[37m[10.798][linker]-[Debug]-[DjiLinker_DeInit:171) deinit linker success, protocol:2, channelId:0 [0m
[37m[10.805][linker]-[Debug]-[DjiLinker_Init:129) init linker success, protocol:2, channelId:0 [0m
[37m[10.805][linker]-[Debug]-[DjiProtocol_v1Pack:123) <0000>V1-Send: 0x0507->0x0503 0x03FD [0m
[37m[10.825][linker]-[Debug]-[DjiProtocol_v1Pack:123) <0x01>V1-Send: 0x0507->0x0503 0x03FD [0m
[37m[10.845][linker]-[Debug]-[DjiProtocol_v1Pack:123) <0x02>V1-Send: 0x0507->0x0503 0x03FD [0m
[37m[10.865][linker]-[Debug]-[DjiProtocol_v1Pack:123) <0x03>V1-Send: 0x0507->0x0503 0x03FD [0m
[37m[10.885][linker]-[Debug]-[DjiProtocol_v1Pack:123) <0x04>V1-Send: 0x0507->0x0503 0x03FD [0m
[37m[10.886][utils]-[Debug]-[DjiCore_RootTask:131) work execution time: [0m
[37m[10.886][utils]-[Debug]-[DjiCore_RootTask:132) name	                execution time (ms)	  max execution time (ms) [0m
[37m[10.886][utils]-[Debug]-[DjiCore_RootTask:134) recorderWork                    	1       	1        [0m
[37m[10.886][utils]-[Debug]-[DjiCore_RootTask:134) flowControllerTask              	0       	1        [0m
[37m[10.906][linker]-[Debug]-[DjiLinker_DeInit:171) deinit linker success, protocol:2, channelId:0 [0m
[37m[10.913][linker]-[Debug]-[DjiLinker_Init:129) init linker success, protocol:2, channelId:0 [0m
[37m[10.913][linker]-[Debug]-[DjiProtocol_v1Pack:123) <0000>V1-Send: 0x0507->0x0503 0x03FD [0m
[37m[10.933][linker]-[Debug]-[DjiProtocol_v1Pack:123) <0x01>V1-Send: 0x0507->0x0503 0x03FD [0m
[37m[10.953][linker]-[Debug]-[DjiProtocol_v1Pack:123) <0x02>V1-Send: 0x0507->0x0503 0x03FD [0m
[37m[10.974][linker]-[Debug]-[DjiProtocol_v1Pack:123) <0x03>V1-Send: 0x0507->0x0503 0x03FD [0m
[37m[10.994][linker]-[Debug]-[DjiProtocol_v1Pack:123) <0x04>V1-Send: 0x0507->0x0503 0x03FD [0m
[37m[11.015][linker]-[Debug]-[DjiLinker_DeInit:171) deinit linker success, protocol:2, channelId:0 [0m
[37m[11.015][adapter]-[Debug]-[DjiAccessAdapter_IdentifyUart0InfoAndAircraftSeries:776) Try (p, s, r, c) = (2, 0x0a06, 0x0300, 0x03fd) [0m
[37m[11.022][linker]-[Debug]-[DjiLinker_Init:129) init linker success, protocol:2, channelId:0 [0m
[37m[11.022][linker]-[Debug]-[DjiProtocol_v1Pack:123) <0000>V1-Send: 0x0A06->0x0300 0x03FD [0m
[37m[11.042][linker]-[Debug]-[DjiProtocol_v1Pack:123) <0x01>V1-Send: 0x0A06->0x0300 0x03FD [0m
[37m[11.062][linker]-[Debug]-[DjiProtocol_v1Pack:123) <0x02>V1-Send: 0x0A06->0x0300 0x03FD [0m
[37m[11.082][linker]-[Debug]-[DjiProtocol_v1Pack:123) <0x03>V1-Send: 0x0A06->0x0300 0x03FD [0m
[37m[11.102][linker]-[Debug]-[DjiProtocol_v1Pack:123) <0x04>V1-Send: 0x0A06->0x0300 0x03FD [0m
[37m[11.123][linker]-[Debug]-[DjiLinker_DeInit:171) deinit linker success, protocol:2, channelId:0 [0m
[37m[11.130][linker]-[Debug]-[DjiLinker_Init:129) init linker success, protocol:2, channelId:0 [0m
[37m[11.130][linker]-[Debug]-[DjiProtocol_v1Pack:123) <0000>V1-Send: 0x0A06->0x0300 0x03FD [0m
[37m[11.150][linker]-[Debug]-[DjiProtocol_v1Pack:123) <0x01>V1-Send: 0x0A06->0x0300 0x03FD [0m
[37m[11.170][linker]-[Debug]-[DjiProtocol_v1Pack:123) <0x02>V1-Send: 0x0A06->0x0300 0x03FD [0m
[37m[11.190][linker]-[Debug]-[DjiProtocol_v1Pack:123) <0x03>V1-Send: 0x0A06->0x0300 0x03FD [0m
[37m[11.211][linker]-[Debug]-[DjiProtocol_v1Pack:123) <0x04>V1-Send: 0x0A06->0x0300 0x03FD [0m
[37m[11.231][linker]-[Debug]-[DjiLinker_DeInit:171) deinit linker success, protocol:2, channelId:0 [0m
[37m[11.238][linker]-[Debug]-[DjiLinker_Init:129) init linker success, protocol:2, channelId:0 [0m
[37m[11.238][linker]-[Debug]-[DjiProtocol_v1Pack:123) <0000>V1-Send: 0x0A06->0x0300 0x03FD [0m
[37m[11.242][linker]-[Debug]-[DjiProtocol_v1Unpack:170) protocol frame length error [0m
[37m[11.249][linker]-[Debug]-[DjiProtocol_v1Unpack:170) protocol frame length error [0m
[37m[11.252][linker]-[Debug]-[DjiProtocol_v1Unpack:170) protocol frame length error [0m
[37m[11.258][linker]-[Debug]-[DjiProtocol_v1Pack:123) <0x01>V1-Send: 0x0A06->0x0300 0x03FD [0m
[37m[11.278][linker]-[Debug]-[DjiProtocol_v1Pack:123) <0x02>V1-Send: 0x0A06->0x0300 0x03FD [0m
[37m[11.280][linker]-[Debug]-[DjiProtocol_v1Unpack:170) protocol frame length error [0m
[37m[11.294][linker]-[Debug]-[DjiProtocol_v1Unpack:170) protocol frame length error [0m
[37m[11.299][linker]-[Debug]-[DjiProtocol_v1Pack:123) <0x03>V1-Send: 0x0A06->0x0300 0x03FD [0m
[37m[11.300][linker]-[Debug]-[DjiProtocol_v1Unpack:170) protocol frame length error [0m
[37m[11.301][linker]-[Debug]-[DjiProtocol_v1Unpack:170) protocol frame length error [0m
[37m[11.301][linker]-[Debug]-[DjiProtocol_v1Unpack:170) protocol frame length error [0m
[37m[11.307][linker]-[Debug]-[DjiProtocol_v1Unpack:170) protocol frame length error [0m
[37m[11.317][linker]-[Debug]-[DjiProtocol_v1Unpack:170) protocol frame length error [0m
[37m[11.319][linker]-[Debug]-[DjiProtocol_v1Pack:123) <0x04>V1-Send: 0x0A06->0x0300 0x03FD [0m
[37m[11.320][linker]-[Debug]-[DjiProtocol_v1Unpack:170) protocol frame length error [0m
[37m[11.337][linker]-[Debug]-[DjiProtocol_v1Unpack:170) protocol frame length error [0m
[37m[11.339][linker]-[Debug]-[DjiLinker_DeInit:171) deinit linker success, protocol:2, channelId:0 [0m
[37m[11.346][linker]-[Debug]-[DjiLinker_Init:129) init linker success, protocol:2, channelId:0 [0m
[37m[11.346][linker]-[Debug]-[DjiProtocol_v1Pack:123) <0000>V1-Send: 0x0A06->0x0300 0x03FD [0m
[37m[11.366][linker]-[Debug]-[DjiProtocol_v1Pack:123) <0x01>V1-Send: 0x0A06->0x0300 0x03FD [0m
[37m[11.387][linker]-[Debug]-[DjiProtocol_v1Pack:123) <0x02>V1-Send: 0x0A06->0x0300 0x03FD [0m
[37m[11.407][linker]-[Debug]-[DjiProtocol_v1Pack:123) <0x03>V1-Send: 0x0A06->0x0300 0x03FD [0m
[37m[11.427][linker]-[Debug]-[DjiProtocol_v1Pack:123) <0x04>V1-Send: 0x0A06->0x0300 0x03FD [0m
[37m[11.447][linker]-[Debug]-[DjiLinker_DeInit:171) deinit linker success, protocol:2, channelId:0 [0m
[37m[11.454][linker]-[Debug]-[DjiLinker_Init:129) init linker success, protocol:2, channelId:0 [0m
[37m[11.454][linker]-[Debug]-[DjiProtocol_v1Pack:123) <0000>V1-Send: 0x0A06->0x0300 0x03FD [0m
[37m[11.474][linker]-[Debug]-[DjiProtocol_v1Pack:123) <0x01>V1-Send: 0x0A06->0x0300 0x03FD [0m
[37m[11.494][linker]-[Debug]-[DjiProtocol_v1Pack:123) <0x02>V1-Send: 0x0A06->0x0300 0x03FD [0m
[37m[11.515][linker]-[Debug]-[DjiProtocol_v1Pack:123) <0x03>V1-Send: 0x0A06->0x0300 0x03FD [0m
[37m[11.535][linker]-[Debug]-[DjiProtocol_v1Pack:123) <0x04>V1-Send: 0x0A06->0x0300 0x03FD [0m
[37m[11.555][linker]-[Debug]-[DjiLinker_DeInit:171) deinit linker success, protocol:2, channelId:0 [0m
[37m[11.555][adapter]-[Debug]-[DjiAccessAdapter_IdentifyUart0InfoAndAircraftSeries:840) Try (p, s, r, c) = (2, 0x0503, 0x0801, 0x0001) [0m
[37m[11.562][linker]-[Debug]-[DjiLinker_Init:129) init linker success, protocol:2, channelId:0 [0m
[37m[11.562][linker]-[Debug]-[DjiProtocol_v1Pack:123) <0000>V1-Send: 0x0503->0x0801 0x0001 [0m
[37m[11.582][linker]-[Debug]-[DjiProtocol_v1Pack:123) <0x01>V1-Send: 0x0503->0x0801 0x0001 [0m
[37m[11.603][linker]-[Debug]-[DjiProtocol_v1Pack:123) <0x02>V1-Send: 0x0503->0x0801 0x0001 [0m
[37m[11.623][linker]-[Debug]-[DjiProtocol_v1Pack:123) <0x03>V1-Send: 0x0503->0x0801 0x0001 [0m
[37m[11.643][linker]-[Debug]-[DjiProtocol_v1Pack:123) <0x04>V1-Send: 0x0503->0x0801 0x0001 [0m
[37m[11.663][linker]-[Debug]-[DjiLinker_DeInit:171) deinit linker success, protocol:2, channelId:0 [0m
[37m[11.670][linker]-[Debug]-[DjiLinker_Init:129) init linker success, protocol:2, channelId:0 [0m
[37m[11.670][linker]-[Debug]-[DjiProtocol_v1Pack:123) <0000>V1-Send: 0x0503->0x0801 0x0001 [0m
[37m[11.690][linker]-[Debug]-[DjiProtocol_v1Pack:123) <0x01>V1-Send: 0x0503->0x0801 0x0001 [0m
[37m[11.710][linker]-[Debug]-[DjiProtocol_v1Pack:123) <0x02>V1-Send: 0x0503->0x0801 0x0001 [0m
[37m[11.730][linker]-[Debug]-[DjiProtocol_v1Pack:123) <0x03>V1-Send: 0x0503->0x0801 0x0001 [0m
[37m[11.750][linker]-[Debug]-[DjiProtocol_v1Pack:123) <0x04>V1-Send: 0x0503->0x0801 0x0001 [0m
[37m[11.771][linker]-[Debug]-[DjiLinker_DeInit:171) deinit linker success, protocol:2, channelId:0 [0m
[37m[11.778][linker]-[Debug]-[DjiLinker_Init:129) init linker success, protocol:2, channelId:0 [0m
[37m[11.778][linker]-[Debug]-[DjiProtocol_v1Pack:123) <0000>V1-Send: 0x0503->0x0801 0x0001 [0m
[37m[11.789][linker]-[Debug]-[DjiProtocol_v1Unpack:170) protocol frame length error [0m
[37m[11.792][linker]-[Debug]-[DjiProtocol_v1Unpack:170) protocol frame length error [0m
[37m[11.794][linker]-[Debug]-[DjiProtocol_v1Unpack:170) protocol frame length error [0m
[37m[11.798][linker]-[Debug]-[DjiProtocol_v1Pack:123) <0x01>V1-Send: 0x0503->0x0801 0x0001 [0m
[37m[11.801][linker]-[Debug]-[DjiProtocol_v1Unpack:170) protocol frame length error [0m
[37m[11.812][linker]-[Debug]-[DjiProtocol_v1Unpack:170) protocol frame length error [0m
[37m[11.818][linker]-[Debug]-[DjiProtocol_v1Pack:123) <0x02>V1-Send: 0x0503->0x0801 0x0001 [0m
[37m[11.832][linker]-[Debug]-[DjiProtocol_v1Unpack:170) protocol frame length error [0m
[37m[11.834][linker]-[Debug]-[DjiProtocol_v1Unpack:170) protocol frame length error [0m
[37m[11.838][linker]-[Debug]-[DjiProtocol_v1Pack:123) <0x03>V1-Send: 0x0503->0x0801 0x0001 [0m
[37m[11.843][linker]-[Debug]-[DjiProtocol_v1Unpack:170) protocol frame length error [0m
[37m[11.851][linker]-[Debug]-[DjiProtocol_v1Unpack:170) protocol frame length error [0m
[37m[11.851][linker]-[Debug]-[DjiProtocol_v1Unpack:170) protocol frame length error [0m
[37m[11.858][linker]-[Debug]-[DjiProtocol_v1Pack:123) <0x04>V1-Send: 0x0503->0x0801 0x0001 [0m
[33m[11.861][linker]-[Warn]-[DjiProtocol_v1Unpack:178) protocol frame crc8 error [0m
[37m[11.867][linker]-[Debug]-[DjiProtocol_v1Unpack:170) protocol frame length error [0m
[37m[11.868][linker]-[Debug]-[DjiProtocol_v1Unpack:170) protocol frame length error [0m
[37m[11.879][linker]-[Debug]-[DjiLinker_DeInit:171) deinit linker success, protocol:2, channelId:0 [0m
[37m[11.890][linker]-[Debug]-[DjiLinker_Init:129) init linker success, protocol:2, channelId:0 [0m
[37m[11.890][linker]-[Debug]-[DjiProtocol_v1Pack:123) <0000>V1-Send: 0x0503->0x0801 0x0001 [0m
[37m[11.910][linker]-[Debug]-[DjiProtocol_v1Pack:123) <0x01>V1-Send: 0x0503->0x0801 0x0001 [0m
[37m[11.930][linker]-[Debug]-[DjiProtocol_v1Pack:123) <0x02>V1-Send: 0x0503->0x0801 0x0001 [0m
[37m[11.950][linker]-[Debug]-[DjiProtocol_v1Pack:123) <0x03>V1-Send: 0x0503->0x0801 0x0001 [0m
[37m[11.967][utils]-[Debug]-[DjiCore_RootTask:131) work execution time: [0m
[37m[11.967][utils]-[Debug]-[DjiCore_RootTask:132) name	                execution time (ms)	  max execution time (ms) [0m
[37m[11.967][utils]-[Debug]-[DjiCore_RootTask:134) recorderWork                    	1       	1        [0m
[37m[11.967][utils]-[Debug]-[DjiCore_RootTask:134) flowControllerTask              	1       	1        [0m
[37m[11.971][linker]-[Debug]-[DjiProtocol_v1Pack:123) <0x04>V1-Send: 0x0503->0x0801 0x0001 [0m
[37m[11.991][linker]-[Debug]-[DjiLinker_DeInit:171) deinit linker success, protocol:2, channelId:0 [0m
[37m[11.998][linker]-[Debug]-[DjiLinker_Init:129) init linker success, protocol:2, channelId:0 [0m
[37m[11.998][linker]-[Debug]-[DjiProtocol_v1Pack:123) <0000>V1-Send: 0x0503->0x0801 0x0001 [0m
[37m[12.018][linker]-[Debug]-[DjiProtocol_v1Pack:123) <0x01>V1-Send: 0x0503->0x0801 0x0001 [0m
[37m[12.039][linker]-[Debug]-[DjiProtocol_v1Pack:123) <0x02>V1-Send: 0x0503->0x0801 0x0001 [0m
[37m[12.059][linker]-[Debug]-[DjiProtocol_v1Pack:123) <0x03>V1-Send: 0x0503->0x0801 0x0001 [0m
[37m[12.079][linker]-[Debug]-[DjiProtocol_v1Pack:123) <0x04>V1-Send: 0x0503->0x0801 0x0001 [0m
[37m[12.099][linker]-[Debug]-[DjiLinker_DeInit:171) deinit linker success, protocol:2, channelId:0 [0m
[37m[12.099][adapter]-[Debug]-[DjiAccessAdapter_IdentifyUart0InfoAndAircraftSeries:907) Try (p, s, r, c) = (2, 0x0503, 0x0701, 0x0001) [0m
[37m[12.106][linker]-[Debug]-[DjiLinker_Init:129) init linker success, protocol:2, channelId:0 [0m
[37m[12.106][linker]-[Debug]-[DjiProtocol_v1Pack:123) <0000>V1-Send: 0x0503->0x0701 0x0001 [0m
[37m[12.126][linker]-[Debug]-[DjiProtocol_v1Pack:123) <0x01>V1-Send: 0x0503->0x0701 0x0001 [0m
[37m[12.147][linker]-[Debug]-[DjiProtocol_v1Pack:123) <0x02>V1-Send: 0x0503->0x0701 0x0001 [0m
[37m[12.167][linker]-[Debug]-[DjiProtocol_v1Pack:123) <0x03>V1-Send: 0x0503->0x0701 0x0001 [0m
[37m[12.187][linker]-[Debug]-[DjiProtocol_v1Pack:123) <0x04>V1-Send: 0x0503->0x0701 0x0001 [0m
[37m[12.207][linker]-[Debug]-[DjiLinker_DeInit:171) deinit linker success, protocol:2, channelId:0 [0m
[37m[12.214][linker]-[Debug]-[DjiLinker_Init:129) init linker success, protocol:2, channelId:0 [0m
[37m[12.214][linker]-[Debug]-[DjiProtocol_v1Pack:123) <0000>V1-Send: 0x0503->0x0701 0x0001 [0m
[37m[12.234][linker]-[Debug]-[DjiProtocol_v1Pack:123) <0x01>V1-Send: 0x0503->0x0701 0x0001 [0m
[37m[12.255][linker]-[Debug]-[DjiProtocol_v1Pack:123) <0x02>V1-Send: 0x0503->0x0701 0x0001 [0m
[37m[12.275][linker]-[Debug]-[DjiProtocol_v1Pack:123) <0x03>V1-Send: 0x0503->0x0701 0x0001 [0m
[37m[12.295][linker]-[Debug]-[DjiProtocol_v1Pack:123) <0x04>V1-Send: 0x0503->0x0701 0x0001 [0m
[37m[12.315][linker]-[Debug]-[DjiLinker_DeInit:171) deinit linker success, protocol:2, channelId:0 [0m
[37m[12.322][linker]-[Debug]-[DjiLinker_Init:129) init linker success, protocol:2, channelId:0 [0m
[37m[12.322][linker]-[Debug]-[DjiProtocol_v1Pack:123) <0000>V1-Send: 0x0503->0x0701 0x0001 [0m
[37m[12.325][linker]-[Debug]-[DjiProtocol_v1Unpack:170) protocol frame length error [0m
[37m[12.325][linker]-[Debug]-[DjiProtocol_v1Unpack:170) protocol frame length error [0m
[37m[12.327][linker]-[Debug]-[DjiProtocol_v1Unpack:170) protocol frame length error [0m
[37m[12.343][linker]-[Debug]-[DjiProtocol_v1Pack:123) <0x01>V1-Send: 0x0503->0x0701 0x0001 [0m
[37m[12.353][linker]-[Debug]-[DjiProtocol_v1Unpack:170) protocol frame length error [0m
[37m[12.360][linker]-[Debug]-[DjiProtocol_v1Unpack:170) protocol frame length error [0m
[37m[12.363][linker]-[Debug]-[DjiProtocol_v1Pack:123) <0x02>V1-Send: 0x0503->0x0701 0x0001 [0m
[37m[12.367][linker]-[Debug]-[DjiProtocol_v1Unpack:170) protocol frame length error [0m
[37m[12.373][linker]-[Debug]-[DjiProtocol_v1Unpack:170) protocol frame length error [0m
[37m[12.380][linker]-[Debug]-[DjiProtocol_v1Unpack:170) protocol frame length error [0m
[37m[12.383][linker]-[Debug]-[DjiProtocol_v1Pack:123) <0x03>V1-Send: 0x0503->0x0701 0x0001 [0m
[37m[12.392][linker]-[Debug]-[DjiProtocol_v1Unpack:170) protocol frame length error [0m
[37m[12.403][linker]-[Debug]-[DjiProtocol_v1Pack:123) <0x04>V1-Send: 0x0503->0x0701 0x0001 [0m
[37m[12.423][linker]-[Debug]-[DjiLinker_DeInit:171) deinit linker success, protocol:2, channelId:0 [0m
[37m[12.431][linker]-[Debug]-[DjiLinker_Init:129) init linker success, protocol:2, channelId:0 [0m
[37m[12.431][linker]-[Debug]-[DjiProtocol_v1Pack:123) <0000>V1-Send: 0x0503->0x0701 0x0001 [0m
[37m[12.451][linker]-[Debug]-[DjiProtocol_v1Pack:123) <0x01>V1-Send: 0x0503->0x0701 0x0001 [0m
[37m[12.472][linker]-[Debug]-[DjiProtocol_v1Pack:123) <0x02>V1-Send: 0x0503->0x0701 0x0001 [0m
[37m[12.492][linker]-[Debug]-[DjiProtocol_v1Pack:123) <0x03>V1-Send: 0x0503->0x0701 0x0001 [0m
[37m[12.512][linker]-[Debug]-[DjiProtocol_v1Pack:123) <0x04>V1-Send: 0x0503->0x0701 0x0001 [0m
[37m[12.532][linker]-[Debug]-[DjiLinker_DeInit:171) deinit linker success, protocol:2, channelId:0 [0m
[37m[12.539][linker]-[Debug]-[DjiLinker_Init:129) init linker success, protocol:2, channelId:0 [0m
[37m[12.539][linker]-[Debug]-[DjiProtocol_v1Pack:123) <0000>V1-Send: 0x0503->0x0701 0x0001 [0m
[37m[12.559][linker]-[Debug]-[DjiProtocol_v1Pack:123) <0x01>V1-Send: 0x0503->0x0701 0x0001 [0m
[37m[12.579][linker]-[Debug]-[DjiProtocol_v1Pack:123) <0x02>V1-Send: 0x0503->0x0701 0x0001 [0m
[37m[12.599][linker]-[Debug]-[DjiProtocol_v1Pack:123) <0x03>V1-Send: 0x0503->0x0701 0x0001 [0m
[37m[12.620][linker]-[Debug]-[DjiProtocol_v1Pack:123) <0x04>V1-Send: 0x0503->0x0701 0x0001 [0m
[37m[12.640][linker]-[Debug]-[DjiLinker_DeInit:171) deinit linker success, protocol:2, channelId:0 [0m
[37m[12.640][adapter]-[Debug]-[DjiAccessAdapter_IdentifyUart0InfoAndAircraftSeries:974) Try (p, s, r, c) = (2, 0x0a07, 0x0300, 0x03fd) [0m
[37m[12.648][linker]-[Debug]-[DjiLinker_Init:129) init linker success, protocol:2, channelId:0 [0m
[37m[12.648][linker]-[Debug]-[DjiProtocol_v1Pack:123) <0000>V1-Send: 0x0A07->0x0300 0x03FD [0m
[37m[12.668][linker]-[Debug]-[DjiProtocol_v1Pack:123) <0x01>V1-Send: 0x0A07->0x0300 0x03FD [0m
[37m[12.688][linker]-[Debug]-[DjiProtocol_v1Pack:123) <0x02>V1-Send: 0x0A07->0x0300 0x03FD [0m
[37m[12.708][linker]-[Debug]-[DjiProtocol_v1Pack:123) <0x03>V1-Send: 0x0A07->0x0300 0x03FD [0m
[37m[12.728][linker]-[Debug]-[DjiProtocol_v1Pack:123) <0x04>V1-Send: 0x0A07->0x0300 0x03FD [0m
[37m[12.749][linker]-[Debug]-[DjiLinker_DeInit:171) deinit linker success, protocol:2, channelId:0 [0m
[37m[12.756][linker]-[Debug]-[DjiLinker_Init:129) init linker success, protocol:2, channelId:0 [0m
[37m[12.756][linker]-[Debug]-[DjiProtocol_v1Pack:123) <0000>V1-Send: 0x0A07->0x0300 0x03FD [0m
[37m[12.776][linker]-[Debug]-[DjiProtocol_v1Pack:123) <0x01>V1-Send: 0x0A07->0x0300 0x03FD [0m
[37m[12.796][linker]-[Debug]-[DjiProtocol_v1Pack:123) <0x02>V1-Send: 0x0A07->0x0300 0x03FD [0m
[37m[12.816][linker]-[Debug]-[DjiProtocol_v1Pack:123) <0x03>V1-Send: 0x0A07->0x0300 0x03FD [0m
[37m[12.836][linker]-[Debug]-[DjiProtocol_v1Pack:123) <0x04>V1-Send: 0x0A07->0x0300 0x03FD [0m
[37m[12.857][linker]-[Debug]-[DjiLinker_DeInit:171) deinit linker success, protocol:2, channelId:0 [0m
[37m[12.864][linker]-[Debug]-[DjiProtocol_v1Unpack:170) protocol frame length error [0m
[37m[12.864][linker]-[Debug]-[DjiLinker_Init:129) init linker success, protocol:2, channelId:0 [0m
[37m[12.864][linker]-[Debug]-[DjiProtocol_v1Pack:123) <0000>V1-Send: 0x0A07->0x0300 0x03FD [0m
[37m[12.881][linker]-[Debug]-[DjiProtocol_v1Unpack:170) protocol frame length error [0m
[37m[12.884][linker]-[Debug]-[DjiProtocol_v1Pack:123) <0x01>V1-Send: 0x0A07->0x0300 0x03FD [0m
[37m[12.904][linker]-[Debug]-[DjiProtocol_v1Pack:123) <0x02>V1-Send: 0x0A07->0x0300 0x03FD [0m
[37m[12.911][linker]-[Debug]-[DjiProtocol_v1Unpack:170) protocol frame length error [0m
[37m[12.920][linker]-[Debug]-[DjiProtocol_v1Unpack:170) protocol frame length error [0m
[37m[12.924][linker]-[Debug]-[DjiProtocol_v1Pack:123) <0x03>V1-Send: 0x0A07->0x0300 0x03FD [0m
[37m[12.935][linker]-[Debug]-[DjiProtocol_v1Unpack:170) protocol frame length error [0m
[37m[12.945][linker]-[Debug]-[DjiProtocol_v1Pack:123) <0x04>V1-Send: 0x0A07->0x0300 0x03FD [0m
[37m[12.961][linker]-[Debug]-[DjiProtocol_v1Unpack:170) protocol frame length error [0m
[37m[12.965][linker]-[Debug]-[DjiLinker_DeInit:171) deinit linker success, protocol:2, channelId:0 [0m
[37m[12.973][linker]-[Debug]-[DjiLinker_Init:129) init linker success, protocol:2, channelId:0 [0m
[37m[12.973][linker]-[Debug]-[DjiProtocol_v1Pack:123) <0000>V1-Send: 0x0A07->0x0300 0x03FD [0m
[37m[12.994][linker]-[Debug]-[DjiProtocol_v1Pack:123) <0x01>V1-Send: 0x0A07->0x0300 0x03FD [0m
[37m[13.014][linker]-[Debug]-[DjiProtocol_v1Pack:123) <0x02>V1-Send: 0x0A07->0x0300 0x03FD [0m
[37m[13.034][linker]-[Debug]-[DjiProtocol_v1Pack:123) <0x03>V1-Send: 0x0A07->0x0300 0x03FD [0m
[37m[13.047][utils]-[Debug]-[DjiCore_RootTask:131) work execution time: [0m
[37m[13.047][utils]-[Debug]-[DjiCore_RootTask:132) name	                execution time (ms)	  max execution time (ms) [0m
[37m[13.047][utils]-[Debug]-[DjiCore_RootTask:134) recorderWork                    	0       	1        [0m
[37m[13.047][utils]-[Debug]-[DjiCore_RootTask:134) flowControllerTask              	0       	1        [0m
[37m[13.054][linker]-[Debug]-[DjiProtocol_v1Pack:123) <0x04>V1-Send: 0x0A07->0x0300 0x03FD [0m
[37m[13.074][linker]-[Debug]-[DjiLinker_DeInit:171) deinit linker success, protocol:2, channelId:0 [0m
[37m[13.082][linker]-[Debug]-[DjiLinker_Init:129) init linker success, protocol:2, channelId:0 [0m
[37m[13.082][linker]-[Debug]-[DjiProtocol_v1Pack:123) <0000>V1-Send: 0x0A07->0x0300 0x03FD [0m
[37m[13.102][linker]-[Debug]-[DjiProtocol_v1Pack:123) <0x01>V1-Send: 0x0A07->0x0300 0x03FD [0m
[37m[13.122][linker]-[Debug]-[DjiProtocol_v1Pack:123) <0x02>V1-Send: 0x0A07->0x0300 0x03FD [0m
[37m[13.142][linker]-[Debug]-[DjiProtocol_v1Pack:123) <0x03>V1-Send: 0x0A07->0x0300 0x03FD [0m
[37m[13.162][linker]-[Debug]-[DjiProtocol_v1Pack:123) <0x04>V1-Send: 0x0A07->0x0300 0x03FD [0m
[37m[13.183][linker]-[Debug]-[DjiLinker_DeInit:171) deinit linker success, protocol:2, channelId:0 [0m
[37m[13.183][adapter]-[Debug]-[DjiAccessAdapter_IdentifyUart0InfoAndAircraftSeries:1046) Try (p, s, r, c) = (1, 0x0a00, 0x0300, 0x0000) [0m
[37m[13.190][linker]-[Debug]-[DjiLinker_Init:129) init linker success, protocol:1, channelId:0 [0m
[37m[13.190][linker]-[Debug]-[DjiProtocol_sdkPack:183) SDK-Send: 0x0A->0x03 0x0000 [0m
[37m[13.210][linker]-[Debug]-[DjiProtocol_sdkPack:183) SDK-Send: 0x0A->0x03 0x0000 [0m
[37m[13.230][linker]-[Debug]-[DjiProtocol_sdkPack:183) SDK-Send: 0x0A->0x03 0x0000 [0m
[37m[13.250][linker]-[Debug]-[DjiProtocol_sdkPack:183) SDK-Send: 0x0A->0x03 0x0000 [0m
[37m[13.270][linker]-[Debug]-[DjiProtocol_sdkPack:183) SDK-Send: 0x0A->0x03 0x0000 [0m
[37m[13.291][linker]-[Debug]-[DjiLinker_DeInit:171) deinit linker success, protocol:1, channelId:0 [0m
[37m[13.298][linker]-[Debug]-[DjiLinker_Init:129) init linker success, protocol:1, channelId:0 [0m
[37m[13.298][linker]-[Debug]-[DjiProtocol_sdkPack:183) SDK-Send: 0x0A->0x03 0x0000 [0m
[37m[13.314][linker]-[Debug]-[DjiProtocol_sdkUnpack:219) protocol frame length error [0m
[37m[13.318][linker]-[Debug]-[DjiProtocol_sdkPack:183) SDK-Send: 0x0A->0x03 0x0000 [0m
[37m[13.326][linker]-[Debug]-[DjiProtocol_sdkUnpack:219) protocol frame length error [0m
[37m[13.338][linker]-[Debug]-[DjiProtocol_sdkPack:183) SDK-Send: 0x0A->0x03 0x0000 [0m
[37m[13.358][linker]-[Debug]-[DjiProtocol_sdkPack:183) SDK-Send: 0x0A->0x03 0x0000 [0m
[37m[13.379][linker]-[Debug]-[DjiProtocol_sdkPack:183) SDK-Send: 0x0A->0x03 0x0000 [0m
[37m[13.380][linker]-[Debug]-[DjiProtocol_sdkUnpack:219) protocol frame length error [0m
[37m[13.381][linker]-[Debug]-[DjiProtocol_sdkUnpack:219) protocol frame length error [0m
[37m[13.399][linker]-[Debug]-[DjiLinker_DeInit:171) deinit linker success, protocol:1, channelId:0 [0m
[37m[13.406][linker]-[Debug]-[DjiProtocol_sdkUnpack:276) SDK-Recv: 0x03->0x0A 0x0205 [0m
[37m[13.406][linker]-[Debug]-[DjiLinker_Init:129) init linker success, protocol:1, channelId:0 [0m
[37m[13.406][linker]-[Debug]-[DjiProtocol_sdkPack:183) SDK-Send: 0x0A->0x03 0x0000 [0m
[37m[13.407][linker]-[Debug]-[DjiProtocol_sdkUnpack:276) SDK-Recv: 0x03->0x0A 0x0205 [0m
[37m[13.410][linker]-[Debug]-[DjiProtocol_sdkUnpack:276) SDK-Recv: 0x03->0x0A 0x0205 [0m
[31m[13.413][linker]-[Error]-[DjiProtocol_sdkUnpack:237) protocol frame crc32 error [0m
[31m[13.414][linker]-[Error]-[DjiProtocol_sdkUnpack:237) protocol frame crc32 error [0m
[37m[13.418][linker]-[Debug]-[DjiProtocol_sdkUnpack:276) SDK-Recv: 0x03->0x0A 0x0205 [0m
[31m[13.419][linker]-[Error]-[DjiProtocol_sdkUnpack:237) protocol frame crc32 error [0m
[37m[13.423][linker]-[Debug]-[DjiProtocol_sdkUnpack:276) SDK-Recv: 0x03->0x0A 0x0205 [0m
[37m[13.424][linker]-[Debug]-[DjiProtocol_sdkUnpack:276) SDK-Recv: 0x03->0x0A 0x0205 [0m
[37m[13.426][linker]-[Debug]-[DjiProtocol_sdkUnpack:276) SDK-Recv: 0x03->0x0A 0x0205 [0m
[37m[13.426][linker]-[Debug]-[DjiProtocol_sdkPack:183) SDK-Send: 0x0A->0x03 0x0000 [0m
[37m[13.427][linker]-[Debug]-[DjiProtocol_sdkUnpack:276) SDK-Recv: 0x03->0x0A 0x0205 [0m
[37m[13.430][linker]-[Debug]-[DjiProtocol_sdkUnpack:276) SDK-Recv: 0x03->0x0A 0x0205 [0m
[37m[13.432][linker]-[Debug]-[DjiProtocol_sdkUnpack:276) SDK-Recv: 0x03->0x0A 0x0205 [0m
[37m[13.432][linker]-[Debug]-[DjiProtocol_sdkUnpack:276) SDK-Recv: 0x03->0x0A 0x0205 [0m
[37m[13.433][linker]-[Debug]-[DjiProtocol_sdkUnpack:276) SDK-Recv: 0x03->0x0A 0x0205 [0m
[37m[13.437][linker]-[Debug]-[DjiProtocol_sdkUnpack:276) SDK-Recv: 0x03->0x0A 0x0205 [0m
[37m[13.438][linker]-[Debug]-[DjiProtocol_sdkUnpack:276) SDK-Recv: 0x03->0x0A 0x0205 [0m
[37m[13.439][linker]-[Debug]-[DjiProtocol_sdkUnpack:276) SDK-Recv: 0x03->0x0A 0x0205 [0m
[37m[13.441][linker]-[Debug]-[DjiProtocol_sdkUnpack:276) SDK-Recv: 0x03->0x0A 0x0205 [0m
[37m[13.443][linker]-[Debug]-[DjiProtocol_sdkUnpack:276) SDK-Recv: 0x03->0x0A 0x0205 [0m
[37m[13.443][linker]-[Debug]-[DjiProtocol_sdkUnpack:276) SDK-Recv: 0x03->0x0A 0x0205 [0m
[37m[13.444][linker]-[Debug]-[DjiProtocol_sdkUnpack:276) SDK-Recv: 0x03->0x0A 0x0205 [0m
[37m[13.447][linker]-[Debug]-[DjiProtocol_sdkPack:183) SDK-Send: 0x0A->0x03 0x0000 [0m
[37m[13.447][linker]-[Debug]-[DjiProtocol_sdkUnpack:276) SDK-Recv: 0x03->0x0A 0x0205 [0m
[37m[13.449][linker]-[Debug]-[DjiProtocol_sdkUnpack:276) SDK-Recv: 0x03->0x0A 0x0205 [0m
[37m[13.449][linker]-[Debug]-[DjiProtocol_sdkUnpack:276) SDK-Recv: 0x03->0x0A 0x0205 [0m
[31m[13.450][linker]-[Error]-[DjiProtocol_sdkUnpack:228) protocol frame crc16 error:0xBA00 0x4F56 [0m
[37m[13.453][linker]-[Debug]-[DjiProtocol_sdkUnpack:276) SDK-Recv: 0x03->0x0A 0x0205 [0m
[37m[13.454][linker]-[Debug]-[DjiProtocol_sdkUnpack:276) SDK-Recv: 0x03->0x0A 0x0205 [0m
[37m[13.457][linker]-[Debug]-[DjiProtocol_sdkUnpack:276) SDK-Recv: 0x03->0x0A 0x0205 [0m
[37m[13.458][linker]-[Debug]-[DjiProtocol_sdkUnpack:276) SDK-Recv: 0x03->0x0A 0x0205 [0m
[37m[13.459][linker]-[Debug]-[DjiProtocol_sdkUnpack:276) SDK-Recv: 0x03->0x0A 0x0205 [0m
[37m[13.461][linker]-[Debug]-[DjiProtocol_sdkUnpack:276) SDK-Recv: 0x03->0x0A 0x0205 [0m
[31m[13.462][linker]-[Error]-[DjiProtocol_sdkUnpack:228) protocol frame crc16 error:0x0502 0x638B [0m
[37m[13.464][linker]-[Debug]-[DjiProtocol_sdkUnpack:276) SDK-Recv: 0x03->0x0A 0x0205 [0m
[37m[13.467][linker]-[Debug]-[DjiProtocol_sdkPack:183) SDK-Send: 0x0A->0x03 0x0000 [0m
[37m[13.467][linker]-[Debug]-[DjiProtocol_sdkUnpack:276) SDK-Recv: 0x03->0x0A 0x0205 [0m
[37m[13.469][linker]-[Debug]-[DjiProtocol_sdkUnpack:276) SDK-Recv: 0x03->0x0A 0x0205 [0m
[31m[13.470][linker]-[Error]-[DjiProtocol_sdkUnpack:237) protocol frame crc32 error [0m
[37m[13.472][linker]-[Debug]-[DjiProtocol_sdkUnpack:219) protocol frame length error [0m
[37m[13.472][linker]-[Debug]-[DjiProtocol_sdkUnpack:219) protocol frame length error [0m
[31m[13.474][linker]-[Error]-[DjiProtocol_sdkUnpack:237) protocol frame crc32 error [0m
[37m[13.476][linker]-[Debug]-[DjiProtocol_sdkUnpack:219) protocol frame length error [0m
[31m[13.479][linker]-[Error]-[DjiProtocol_sdkUnpack:237) protocol frame crc32 error [0m
[37m[13.482][linker]-[Debug]-[DjiProtocol_sdkUnpack:276) SDK-Recv: 0x03->0x0A 0x0205 [0m
[37m[13.485][linker]-[Debug]-[DjiProtocol_sdkUnpack:276) SDK-Recv: 0x03->0x0A 0x0205 [0m
[37m[13.486][linker]-[Debug]-[DjiProtocol_sdkUnpack:276) SDK-Recv: 0x03->0x0A 0x0205 [0m
[37m[13.487][linker]-[Debug]-[DjiProtocol_sdkUnpack:276) SDK-Recv: 0x03->0x0A 0x0205 [0m
[37m[13.487][linker]-[Debug]-[DjiProtocol_sdkPack:183) SDK-Send: 0x0A->0x03 0x0000 [0m
[37m[13.488][linker]-[Debug]-[DjiProtocol_sdkUnpack:276) SDK-Recv: 0x03->0x0A 0x0205 [0m
[37m[13.491][linker]-[Debug]-[DjiProtocol_sdkUnpack:276) SDK-Recv: 0x03->0x0A 0x0205 [0m
[37m[13.493][linker]-[Debug]-[DjiProtocol_sdkUnpack:276) SDK-Recv: 0x03->0x0A 0x0205 [0m
[37m[13.494][linker]-[Debug]-[DjiProtocol_sdkUnpack:276) SDK-Recv: 0x03->0x0A 0x0205 [0m
[37m[13.500][linker]-[Debug]-[DjiProtocol_sdkUnpack:276) SDK-Recv: 0x03->0x0A 0x0205 [0m
[37m[13.500][linker]-[Debug]-[DjiProtocol_sdkUnpack:276) SDK-Recv: 0x03->0x0A 0x0205 [0m
[37m[13.500][linker]-[Debug]-[DjiProtocol_sdkUnpack:276) SDK-Recv: 0x03->0x0A 0x0205 [0m
[37m[13.501][linker]-[Debug]-[DjiProtocol_sdkUnpack:276) SDK-Recv: 0x03->0x0A 0x0205 [0m
[37m[13.503][linker]-[Debug]-[DjiProtocol_sdkUnpack:276) SDK-Recv: 0x03->0x0A 0x0205 [0m
[37m[13.503][linker]-[Debug]-[DjiProtocol_sdkUnpack:276) SDK-Recv: 0x03->0x0A 0x0205 [0m
[37m[13.504][linker]-[Debug]-[DjiProtocol_sdkUnpack:276) SDK-Recv: 0x03->0x0A 0x0205 [0m
[37m[13.506][linker]-[Debug]-[DjiProtocol_sdkUnpack:276) SDK-Recv: 0x03->0x0A 0x0205 [0m
[37m[13.508][linker]-[Debug]-[DjiLinker_DeInit:171) deinit linker success, protocol:1, channelId:0 [0m
[31m[13.518][linker]-[Error]-[DjiProtocol_sdkUnpack:237) protocol frame crc32 error [0m
[37m[13.518][linker]-[Debug]-[DjiLinker_Init:129) init linker success, protocol:1, channelId:0 [0m
[37m[13.518][linker]-[Debug]-[DjiProtocol_sdkPack:183) SDK-Send: 0x0A->0x03 0x0000 [0m
[37m[13.538][linker]-[Debug]-[DjiProtocol_sdkPack:183) SDK-Send: 0x0A->0x03 0x0000 [0m
[37m[13.559][linker]-[Debug]-[DjiProtocol_sdkPack:183) SDK-Send: 0x0A->0x03 0x0000 [0m
[37m[13.579][linker]-[Debug]-[DjiProtocol_sdkPack:183) SDK-Send: 0x0A->0x03 0x0000 [0m
[37m[13.599][linker]-[Debug]-[DjiProtocol_sdkPack:183) SDK-Send: 0x0A->0x03 0x0000 [0m
[37m[13.620][linker]-[Debug]-[DjiLinker_DeInit:171) deinit linker success, protocol:1, channelId:0 [0m
[37m[13.631][linker]-[Debug]-[DjiLinker_Init:129) init linker success, protocol:1, channelId:0 [0m
[37m[13.631][linker]-[Debug]-[DjiProtocol_sdkPack:183) SDK-Send: 0x0A->0x03 0x0000 [0m
[37m[13.651][linker]-[Debug]-[DjiProtocol_sdkPack:183) SDK-Send: 0x0A->0x03 0x0000 [0m
[37m[13.672][linker]-[Debug]-[DjiProtocol_sdkPack:183) SDK-Send: 0x0A->0x03 0x0000 [0m
[37m[13.692][linker]-[Debug]-[DjiProtocol_sdkPack:183) SDK-Send: 0x0A->0x03 0x0000 [0m
[37m[13.712][linker]-[Debug]-[DjiProtocol_sdkPack:183) SDK-Send: 0x0A->0x03 0x0000 [0m
[37m[13.733][linker]-[Debug]-[DjiLinker_DeInit:171) deinit linker success, protocol:1, channelId:0 [0m
[32m[13.733][adapter]-[Info]-[DjiAccessAdapter_Init:279) Try identify UART0 connection failed. Probably because SDK adapter or aircraft not finish init or UART connect error. [0m
[37m[13.783][adapter]-[Debug]-[DjiAccessAdapter_CheckUserUartBaudRateAndAircraftSeries:1546) Try (p, s, r, c) = (2, 0x0a06, 0x0300, 0x03fd) [0m
[37m[13.801][linker]-[Debug]-[DjiProtocol_v1Unpack:170) protocol frame length error [0m
[37m[13.801][linker]-[Debug]-[DjiProtocol_v1Unpack:170) protocol frame length error [0m
[37m[13.801][linker]-[Debug]-[DjiLinker_Init:129) init linker success, protocol:2, channelId:0 [0m
[37m[13.801][linker]-[Debug]-[DjiProtocol_v1Pack:123) <0000>V1-Send: 0x0A06->0x0300 0x03FD [0m
[37m[13.802][linker]-[Debug]-[DjiProtocol_v1Unpack:170) protocol frame length error [0m
[37m[13.803][linker]-[Debug]-[DjiProtocol_v1Unpack:170) protocol frame length error [0m
[37m[13.807][linker]-[Debug]-[DjiProtocol_v1Unpack:170) protocol frame length error [0m
[37m[13.821][linker]-[Debug]-[DjiProtocol_v1Pack:123) <0x01>V1-Send: 0x0A06->0x0300 0x03FD [0m
[37m[13.833][linker]-[Debug]-[DjiProtocol_v1Unpack:170) protocol frame length error [0m
[37m[13.842][linker]-[Debug]-[DjiProtocol_v1Pack:123) <0x02>V1-Send: 0x0A06->0x0300 0x03FD [0m
[37m[13.842][linker]-[Debug]-[DjiProtocol_v1Unpack:170) protocol frame length error [0m
[37m[13.847][linker]-[Debug]-[DjiProtocol_v1Unpack:170) protocol frame length error [0m
[37m[13.862][linker]-[Debug]-[DjiProtocol_v1Pack:123) <0x03>V1-Send: 0x0A06->0x0300 0x03FD [0m
[37m[13.875][linker]-[Debug]-[DjiProtocol_v1Unpack:170) protocol frame length error [0m
[37m[13.882][linker]-[Debug]-[DjiProtocol_v1Pack:123) <0x04>V1-Send: 0x0A06->0x0300 0x03FD [0m
[37m[13.897][linker]-[Debug]-[DjiProtocol_v1Unpack:170) protocol frame length error [0m
[37m[13.902][linker]-[Debug]-[DjiProtocol_v1Unpack:170) protocol frame length error [0m
[37m[13.903][linker]-[Debug]-[DjiLinker_DeInit:171) deinit linker success, protocol:2, channelId:0 [0m
[37m[13.903][adapter]-[Debug]-[DjiAccessAdapter_IdentifyUart0InfoAndAircraftSeries:713) Try (p, s, r, c) = (2, 0x0507, 0x0503, 0x03fd) [0m
[37m[13.910][linker]-[Debug]-[DjiLinker_Init:129) init linker success, protocol:2, channelId:0 [0m
[37m[13.911][linker]-[Debug]-[DjiProtocol_v1Pack:123) <0000>V1-Send: 0x0507->0x0503 0x03FD [0m
[37m[13.915][linker]-[Debug]-[DjiProtocol_v1Unpack:170) protocol frame length error [0m
[37m[13.931][linker]-[Debug]-[DjiProtocol_v1Pack:123) <0x01>V1-Send: 0x0507->0x0503 0x03FD [0m
[37m[13.951][linker]-[Debug]-[DjiProtocol_v1Pack:123) <0x02>V1-Send: 0x0507->0x0503 0x03FD [0m
[37m[13.971][linker]-[Debug]-[DjiProtocol_v1Pack:123) <0x03>V1-Send: 0x0507->0x0503 0x03FD [0m
[37m[13.991][linker]-[Debug]-[DjiProtocol_v1Pack:123) <0x04>V1-Send: 0x0507->0x0503 0x03FD [0m
[37m[14.012][linker]-[Debug]-[DjiLinker_DeInit:171) deinit linker success, protocol:2, channelId:0 [0m
[37m[14.020][linker]-[Debug]-[DjiLinker_Init:129) init linker success, protocol:2, channelId:0 [0m
[37m[14.020][linker]-[Debug]-[DjiProtocol_v1Pack:123) <0000>V1-Send: 0x0507->0x0503 0x03FD [0m
[37m[14.040][linker]-[Debug]-[DjiProtocol_v1Pack:123) <0x01>V1-Send: 0x0507->0x0503 0x03FD [0m
[37m[14.060][linker]-[Debug]-[DjiProtocol_v1Pack:123) <0x02>V1-Send: 0x0507->0x0503 0x03FD [0m
[37m[14.080][linker]-[Debug]-[DjiProtocol_v1Pack:123) <0x03>V1-Send: 0x0507->0x0503 0x03FD [0m
[37m[14.100][linker]-[Debug]-[DjiProtocol_v1Pack:123) <0x04>V1-Send: 0x0507->0x0503 0x03FD [0m
[37m[14.121][linker]-[Debug]-[DjiLinker_DeInit:171) deinit linker success, protocol:2, channelId:0 [0m
[37m[14.129][linker]-[Debug]-[DjiLinker_Init:129) init linker success, protocol:2, channelId:0 [0m
[37m[14.129][linker]-[Debug]-[DjiProtocol_v1Pack:123) <0000>V1-Send: 0x0507->0x0503 0x03FD [0m
[37m[14.137][linker]-[Debug]-[DjiProtocol_v1Unpack:170) protocol frame length error [0m
[37m[14.146][utils]-[Debug]-[DjiCore_RootTask:131) work execution time: [0m
[37m[14.146][utils]-[Debug]-[DjiCore_RootTask:132) name	                execution time (ms)	  max execution time (ms) [0m
[37m[14.146][utils]-[Debug]-[DjiCore_RootTask:134) recorderWork                    	1       	1        [0m
[37m[14.146][utils]-[Debug]-[DjiCore_RootTask:134) flowControllerTask              	0       	1        [0m
[37m[14.149][linker]-[Debug]-[DjiProtocol_v1Pack:123) <0x01>V1-Send: 0x0507->0x0503 0x03FD [0m
[37m[14.150][linker]-[Debug]-[DjiProtocol_v1Unpack:170) protocol frame length error [0m
[37m[14.151][linker]-[Debug]-[DjiProtocol_v1Unpack:170) protocol frame length error [0m
[37m[14.169][linker]-[Debug]-[DjiProtocol_v1Pack:123) <0x02>V1-Send: 0x0507->0x0503 0x03FD [0m
[37m[14.170][linker]-[Debug]-[DjiProtocol_v1Unpack:170) protocol frame length error [0m
[37m[14.171][linker]-[Debug]-[DjiProtocol_v1Unpack:170) protocol frame length error [0m
[37m[14.180][linker]-[Debug]-[DjiProtocol_v1Unpack:170) protocol frame length error [0m
[37m[14.190][linker]-[Debug]-[DjiProtocol_v1Pack:123) <0x03>V1-Send: 0x0507->0x0503 0x03FD [0m
[37m[14.200][linker]-[Debug]-[DjiProtocol_v1Unpack:170) protocol frame length error [0m
[37m[14.205][linker]-[Debug]-[DjiProtocol_v1Unpack:170) protocol frame length error [0m
[37m[14.208][linker]-[Debug]-[DjiProtocol_v1Unpack:170) protocol frame length error [0m
[37m[14.210][linker]-[Debug]-[DjiProtocol_v1Pack:123) <0x04>V1-Send: 0x0507->0x0503 0x03FD [0m
[37m[14.211][linker]-[Debug]-[DjiProtocol_v1Unpack:170) protocol frame length error [0m
[37m[14.214][linker]-[Debug]-[DjiProtocol_v1Unpack:170) protocol frame length error [0m
[37m[14.216][linker]-[Debug]-[DjiProtocol_v1Unpack:170) protocol frame length error [0m
[37m[14.218][linker]-[Debug]-[DjiProtocol_v1Unpack:170) protocol frame length error [0m
[37m[14.230][linker]-[Debug]-[DjiLinker_DeInit:171) deinit linker success, protocol:2, channelId:0 [0m
[37m[14.238][linker]-[Debug]-[DjiLinker_Init:129) init linker success, protocol:2, channelId:0 [0m
[37m[14.238][linker]-[Debug]-[DjiProtocol_v1Pack:123) <0000>V1-Send: 0x0507->0x0503 0x03FD [0m
[37m[14.258][linker]-[Debug]-[DjiProtocol_v1Pack:123) <0x01>V1-Send: 0x0507->0x0503 0x03FD [0m
[37m[14.279][linker]-[Debug]-[DjiProtocol_v1Pack:123) <0x02>V1-Send: 0x0507->0x0503 0x03FD [0m
[37m[14.299][linker]-[Debug]-[DjiProtocol_v1Pack:123) <0x03>V1-Send: 0x0507->0x0503 0x03FD [0m
[37m[14.319][linker]-[Debug]-[DjiProtocol_v1Pack:123) <0x04>V1-Send: 0x0507->0x0503 0x03FD [0m
[37m[14.339][linker]-[Debug]-[DjiLinker_DeInit:171) deinit linker success, protocol:2, channelId:0 [0m
[37m[14.347][linker]-[Debug]-[DjiLinker_Init:129) init linker success, protocol:2, channelId:0 [0m
[37m[14.347][linker]-[Debug]-[DjiProtocol_v1Pack:123) <0000>V1-Send: 0x0507->0x0503 0x03FD [0m
[37m[14.367][linker]-[Debug]-[DjiProtocol_v1Pack:123) <0x01>V1-Send: 0x0507->0x0503 0x03FD [0m
[37m[14.387][linker]-[Debug]-[DjiProtocol_v1Pack:123) <0x02>V1-Send: 0x0507->0x0503 0x03FD [0m
[37m[14.407][linker]-[Debug]-[DjiProtocol_v1Pack:123) <0x03>V1-Send: 0x0507->0x0503 0x03FD [0m
[37m[14.428][linker]-[Debug]-[DjiProtocol_v1Pack:123) <0x04>V1-Send: 0x0507->0x0503 0x03FD [0m
[37m[14.448][linker]-[Debug]-[DjiLinker_DeInit:171) deinit linker success, protocol:2, channelId:0 [0m
[37m[14.448][adapter]-[Debug]-[DjiAccessAdapter_IdentifyUart0InfoAndAircraftSeries:776) Try (p, s, r, c) = (2, 0x0a06, 0x0300, 0x03fd) [0m
[37m[14.456][linker]-[Debug]-[DjiLinker_Init:129) init linker success, protocol:2, channelId:0 [0m
[37m[14.456][linker]-[Debug]-[DjiProtocol_v1Pack:123) <0000>V1-Send: 0x0A06->0x0300 0x03FD [0m
[37m[14.476][linker]-[Debug]-[DjiProtocol_v1Pack:123) <0x01>V1-Send: 0x0A06->0x0300 0x03FD [0m
[37m[14.496][linker]-[Debug]-[DjiProtocol_v1Pack:123) <0x02>V1-Send: 0x0A06->0x0300 0x03FD [0m
[37m[14.516][linker]-[Debug]-[DjiProtocol_v1Pack:123) <0x03>V1-Send: 0x0A06->0x0300 0x03FD [0m
[37m[14.537][linker]-[Debug]-[DjiProtocol_v1Pack:123) <0x04>V1-Send: 0x0A06->0x0300 0x03FD [0m
[37m[14.557][linker]-[Debug]-[DjiLinker_DeInit:171) deinit linker success, protocol:2, channelId:0 [0m
[37m[14.565][linker]-[Debug]-[DjiLinker_Init:129) init linker success, protocol:2, channelId:0 [0m
[37m[14.565][linker]-[Debug]-[DjiProtocol_v1Pack:123) <0000>V1-Send: 0x0A06->0x0300 0x03FD [0m
[37m[14.585][linker]-[Debug]-[DjiProtocol_v1Pack:123) <0x01>V1-Send: 0x0A06->0x0300 0x03FD [0m
[37m[14.605][linker]-[Debug]-[DjiProtocol_v1Pack:123) <0x02>V1-Send: 0x0A06->0x0300 0x03FD [0m
[37m[14.625][linker]-[Debug]-[DjiProtocol_v1Pack:123) <0x03>V1-Send: 0x0A06->0x0300 0x03FD [0m
[37m[14.645][linker]-[Debug]-[DjiProtocol_v1Pack:123) <0x04>V1-Send: 0x0A06->0x0300 0x03FD [0m
[37m[14.666][linker]-[Debug]-[DjiLinker_DeInit:171) deinit linker success, protocol:2, channelId:0 [0m
[37m[14.672][linker]-[Debug]-[DjiProtocol_v1Unpack:170) protocol frame length error [0m
[37m[14.672][linker]-[Debug]-[DjiLinker_Init:129) init linker success, protocol:2, channelId:0 [0m
[37m[14.673][linker]-[Debug]-[DjiProtocol_v1Pack:123) <0000>V1-Send: 0x0A06->0x0300 0x03FD [0m
[37m[14.675][linker]-[Debug]-[DjiProtocol_v1Unpack:170) protocol frame length error [0m
[37m[14.693][linker]-[Debug]-[DjiProtocol_v1Pack:123) <0x01>V1-Send: 0x0A06->0x0300 0x03FD [0m
[37m[14.713][linker]-[Debug]-[DjiProtocol_v1Pack:123) <0x02>V1-Send: 0x0A06->0x0300 0x03FD [0m
[37m[14.716][linker]-[Debug]-[DjiProtocol_v1Unpack:170) protocol frame length error [0m
[37m[14.718][linker]-[Debug]-[DjiProtocol_v1Unpack:170) protocol frame length error [0m
[37m[14.724][linker]-[Debug]-[DjiProtocol_v1Unpack:170) protocol frame length error [0m
[37m[14.730][linker]-[Debug]-[DjiProtocol_v1Unpack:170) protocol frame length error [0m
[37m[14.733][linker]-[Debug]-[DjiProtocol_v1Pack:123) <0x03>V1-Send: 0x0A06->0x0300 0x03FD [0m
[37m[14.733][linker]-[Debug]-[DjiProtocol_v1Unpack:170) protocol frame length error [0m
[37m[14.735][linker]-[Debug]-[DjiProtocol_v1Unpack:170) protocol frame length error [0m
[37m[14.743][linker]-[Debug]-[DjiProtocol_v1Unpack:170) protocol frame length error [0m
[37m[14.753][linker]-[Debug]-[DjiProtocol_v1Pack:123) <0x04>V1-Send: 0x0A06->0x0300 0x03FD [0m
[37m[14.771][linker]-[Debug]-[DjiProtocol_v1Unpack:170) protocol frame length error [0m
[37m[14.774][linker]-[Debug]-[DjiLinker_DeInit:171) deinit linker success, protocol:2, channelId:0 [0m
[37m[14.781][linker]-[Debug]-[DjiLinker_Init:129) init linker success, protocol:2, channelId:0 [0m
[37m[14.781][linker]-[Debug]-[DjiProtocol_v1Pack:123) <0000>V1-Send: 0x0A06->0x0300 0x03FD [0m
[37m[14.801][linker]-[Debug]-[DjiProtocol_v1Pack:123) <0x01>V1-Send: 0x0A06->0x0300 0x03FD [0m
[37m[14.821][linker]-[Debug]-[DjiProtocol_v1Pack:123) <0x02>V1-Send: 0x0A06->0x0300 0x03FD [0m
[37m[14.841][linker]-[Debug]-[DjiProtocol_v1Pack:123) <0x03>V1-Send: 0x0A06->0x0300 0x03FD [0m
[37m[14.861][linker]-[Debug]-[DjiProtocol_v1Pack:123) <0x04>V1-Send: 0x0A06->0x0300 0x03FD [0m
[37m[14.882][linker]-[Debug]-[DjiLinker_DeInit:171) deinit linker success, protocol:2, channelId:0 [0m
[37m[14.889][linker]-[Debug]-[DjiLinker_Init:129) init linker success, protocol:2, channelId:0 [0m
[37m[14.889][linker]-[Debug]-[DjiProtocol_v1Pack:123) <0000>V1-Send: 0x0A06->0x0300 0x03FD [0m
[37m[14.909][linker]-[Debug]-[DjiProtocol_v1Pack:123) <0x01>V1-Send: 0x0A06->0x0300 0x03FD [0m
[37m[14.929][linker]-[Debug]-[DjiProtocol_v1Pack:123) <0x02>V1-Send: 0x0A06->0x0300 0x03FD [0m
[37m[14.949][linker]-[Debug]-[DjiProtocol_v1Pack:123) <0x03>V1-Send: 0x0A06->0x0300 0x03FD [0m
[37m[14.971][linker]-[Debug]-[DjiProtocol_v1Pack:123) <0x04>V1-Send: 0x0A06->0x0300 0x03FD [0m
[37m[14.992][linker]-[Debug]-[DjiLinker_DeInit:171) deinit linker success, protocol:2, channelId:0 [0m
[37m[14.992][adapter]-[Debug]-[DjiAccessAdapter_IdentifyUart0InfoAndAircraftSeries:840) Try (p, s, r, c) = (2, 0x0503, 0x0801, 0x0001) [0m
[37m[14.999][linker]-[Debug]-[DjiLinker_Init:129) init linker success, protocol:2, channelId:0 [0m
[37m[14.999][linker]-[Debug]-[DjiProtocol_v1Pack:123) <0000>V1-Send: 0x0503->0x0801 0x0001 [0m
[37m[15.002][linker]-[Debug]-[DjiProtocol_v1Unpack:170) protocol frame length error [0m
[37m[15.019][linker]-[Debug]-[DjiProtocol_v1Pack:123) <0x01>V1-Send: 0x0503->0x0801 0x0001 [0m
[37m[15.039][linker]-[Debug]-[DjiProtocol_v1Pack:123) <0x02>V1-Send: 0x0503->0x0801 0x0001 [0m
[37m[15.059][linker]-[Debug]-[DjiProtocol_v1Pack:123) <0x03>V1-Send: 0x0503->0x0801 0x0001 [0m
[37m[15.080][linker]-[Debug]-[DjiProtocol_v1Pack:123) <0x04>V1-Send: 0x0503->0x0801 0x0001 [0m
[37m[15.100][linker]-[Debug]-[DjiLinker_DeInit:171) deinit linker success, protocol:2, channelId:0 [0m
[37m[15.107][linker]-[Debug]-[DjiLinker_Init:129) init linker success, protocol:2, channelId:0 [0m
[37m[15.107][linker]-[Debug]-[DjiProtocol_v1Pack:123) <0000>V1-Send: 0x0503->0x0801 0x0001 [0m
[37m[15.127][linker]-[Debug]-[DjiProtocol_v1Pack:123) <0x01>V1-Send: 0x0503->0x0801 0x0001 [0m
[37m[15.147][linker]-[Debug]-[DjiProtocol_v1Pack:123) <0x02>V1-Send: 0x0503->0x0801 0x0001 [0m
[37m[15.167][linker]-[Debug]-[DjiProtocol_v1Pack:123) <0x03>V1-Send: 0x0503->0x0801 0x0001 [0m
[37m[15.188][linker]-[Debug]-[DjiProtocol_v1Pack:123) <0x04>V1-Send: 0x0503->0x0801 0x0001 [0m
[37m[15.208][linker]-[Debug]-[DjiLinker_DeInit:171) deinit linker success, protocol:2, channelId:0 [0m
[37m[15.215][linker]-[Debug]-[DjiLinker_Init:129) init linker success, protocol:2, channelId:0 [0m
[37m[15.215][linker]-[Debug]-[DjiProtocol_v1Pack:123) <0000>V1-Send: 0x0503->0x0801 0x0001 [0m
[37m[15.222][linker]-[Debug]-[DjiProtocol_v1Unpack:170) protocol frame length error [0m
[37m[15.223][utils]-[Debug]-[DjiCore_RootTask:131) work execution time: [0m
[37m[15.223][utils]-[Debug]-[DjiCore_RootTask:132) name	                execution time (ms)	  max execution time (ms) [0m
[37m[15.223][utils]-[Debug]-[DjiCore_RootTask:134) recorderWork                    	1       	1        [0m
[37m[15.223][utils]-[Debug]-[DjiCore_RootTask:134) flowControllerTask              	1       	1        [0m
[37m[15.224][linker]-[Debug]-[DjiProtocol_v1Unpack:170) protocol frame length error [0m
[37m[15.236][linker]-[Debug]-[DjiProtocol_v1Pack:123) <0x01>V1-Send: 0x0503->0x0801 0x0001 [0m
[37m[15.245][linker]-[Debug]-[DjiProtocol_v1Unpack:170) protocol frame length error [0m
[37m[15.251][linker]-[Debug]-[DjiProtocol_v1Unpack:170) protocol frame length error [0m
[37m[15.256][linker]-[Debug]-[DjiProtocol_v1Pack:123) <0x02>V1-Send: 0x0503->0x0801 0x0001 [0m
[37m[15.261][linker]-[Debug]-[DjiProtocol_v1Unpack:170) protocol frame length error [0m
[37m[15.276][linker]-[Debug]-[DjiProtocol_v1Pack:123) <0x03>V1-Send: 0x0503->0x0801 0x0001 [0m
[37m[15.280][linker]-[Debug]-[DjiProtocol_v1Unpack:170) protocol frame length error [0m
[37m[15.286][linker]-[Debug]-[DjiProtocol_v1Unpack:170) protocol frame length error [0m
[37m[15.293][linker]-[Debug]-[DjiProtocol_v1Unpack:170) protocol frame length error [0m
[37m[15.296][linker]-[Debug]-[DjiProtocol_v1Pack:123) <0x04>V1-Send: 0x0503->0x0801 0x0001 [0m
[37m[15.313][linker]-[Debug]-[DjiProtocol_v1Unpack:170) protocol frame length error [0m
[37m[15.317][linker]-[Debug]-[DjiLinker_DeInit:171) deinit linker success, protocol:2, channelId:0 [0m
[37m[15.326][linker]-[Debug]-[DjiLinker_Init:129) init linker success, protocol:2, channelId:0 [0m
[37m[15.326][linker]-[Debug]-[DjiProtocol_v1Pack:123) <0000>V1-Send: 0x0503->0x0801 0x0001 [0m
[37m[15.346][linker]-[Debug]-[DjiProtocol_v1Pack:123) <0x01>V1-Send: 0x0503->0x0801 0x0001 [0m
[37m[15.366][linker]-[Debug]-[DjiProtocol_v1Pack:123) <0x02>V1-Send: 0x0503->0x0801 0x0001 [0m
[37m[15.387][linker]-[Debug]-[DjiProtocol_v1Pack:123) <0x03>V1-Send: 0x0503->0x0801 0x0001 [0m
[37m[15.407][linker]-[Debug]-[DjiProtocol_v1Pack:123) <0x04>V1-Send: 0x0503->0x0801 0x0001 [0m
[37m[15.427][linker]-[Debug]-[DjiLinker_DeInit:171) deinit linker success, protocol:2, channelId:0 [0m
[37m[15.437][linker]-[Debug]-[DjiLinker_Init:129) init linker success, protocol:2, channelId:0 [0m
[37m[15.437][linker]-[Debug]-[DjiProtocol_v1Pack:123) <0000>V1-Send: 0x0503->0x0801 0x0001 [0m
[37m[15.457][linker]-[Debug]-[DjiProtocol_v1Pack:123) <0x01>V1-Send: 0x0503->0x0801 0x0001 [0m
[37m[15.477][linker]-[Debug]-[DjiProtocol_v1Pack:123) <0x02>V1-Send: 0x0503->0x0801 0x0001 [0m
[37m[15.497][linker]-[Debug]-[DjiProtocol_v1Pack:123) <0x03>V1-Send: 0x0503->0x0801 0x0001 [0m
[37m[15.517][linker]-[Debug]-[DjiProtocol_v1Pack:123) <0x04>V1-Send: 0x0503->0x0801 0x0001 [0m
[37m[15.538][linker]-[Debug]-[DjiLinker_DeInit:171) deinit linker success, protocol:2, channelId:0 [0m
[37m[15.538][adapter]-[Debug]-[DjiAccessAdapter_IdentifyUart0InfoAndAircraftSeries:907) Try (p, s, r, c) = (2, 0x0503, 0x0701, 0x0001) [0m
[37m[15.548][linker]-[Debug]-[DjiLinker_Init:129) init linker success, protocol:2, channelId:0 [0m
[37m[15.548][linker]-[Debug]-[DjiProtocol_v1Pack:123) <0000>V1-Send: 0x0503->0x0701 0x0001 [0m
[37m[15.568][linker]-[Debug]-[DjiProtocol_v1Pack:123) <0x01>V1-Send: 0x0503->0x0701 0x0001 [0m
[37m[15.588][linker]-[Debug]-[DjiProtocol_v1Pack:123) <0x02>V1-Send: 0x0503->0x0701 0x0001 [0m
[37m[15.608][linker]-[Debug]-[DjiProtocol_v1Pack:123) <0x03>V1-Send: 0x0503->0x0701 0x0001 [0m
[37m[15.629][linker]-[Debug]-[DjiProtocol_v1Pack:123) <0x04>V1-Send: 0x0503->0x0701 0x0001 [0m
[37m[15.649][linker]-[Debug]-[DjiLinker_DeInit:171) deinit linker success, protocol:2, channelId:0 [0m
[37m[15.658][linker]-[Debug]-[DjiLinker_Init:129) init linker success, protocol:2, channelId:0 [0m
[37m[15.658][linker]-[Debug]-[DjiProtocol_v1Pack:123) <0000>V1-Send: 0x0503->0x0701 0x0001 [0m
[37m[15.678][linker]-[Debug]-[DjiProtocol_v1Pack:123) <0x01>V1-Send: 0x0503->0x0701 0x0001 [0m
[37m[15.698][linker]-[Debug]-[DjiProtocol_v1Pack:123) <0x02>V1-Send: 0x0503->0x0701 0x0001 [0m
[37m[15.718][linker]-[Debug]-[DjiProtocol_v1Pack:123) <0x03>V1-Send: 0x0503->0x0701 0x0001 [0m
[37m[15.739][linker]-[Debug]-[DjiProtocol_v1Pack:123) <0x04>V1-Send: 0x0503->0x0701 0x0001 [0m
[37m[15.759][linker]-[Debug]-[DjiLinker_DeInit:171) deinit linker success, protocol:2, channelId:0 [0m
[37m[15.769][linker]-[Debug]-[DjiLinker_Init:129) init linker success, protocol:2, channelId:0 [0m
[37m[15.769][linker]-[Debug]-[DjiProtocol_v1Pack:123) <0000>V1-Send: 0x0503->0x0701 0x0001 [0m
[37m[15.785][linker]-[Debug]-[DjiProtocol_v1Unpack:170) protocol frame length error [0m
[37m[15.789][linker]-[Debug]-[DjiProtocol_v1Pack:123) <0x01>V1-Send: 0x0503->0x0701 0x0001 [0m
[37m[15.802][linker]-[Debug]-[DjiProtocol_v1Unpack:170) protocol frame length error [0m
[37m[15.809][linker]-[Debug]-[DjiProtocol_v1Pack:123) <0x02>V1-Send: 0x0503->0x0701 0x0001 [0m
[37m[15.826][linker]-[Debug]-[DjiProtocol_v1Unpack:170) protocol frame length error [0m
[37m[15.829][linker]-[Debug]-[DjiProtocol_v1Pack:123) <0x03>V1-Send: 0x0503->0x0701 0x0001 [0m
[33m[15.846][linker]-[Warn]-[DjiProtocol_v1Unpack:178) protocol frame crc8 error [0m
[37m[15.850][linker]-[Debug]-[DjiProtocol_v1Pack:123) <0x04>V1-Send: 0x0503->0x0701 0x0001 [0m
[37m[15.861][linker]-[Debug]-[DjiProtocol_v1Unpack:170) protocol frame length error [0m
[37m[15.871][linker]-[Debug]-[DjiLinker_DeInit:171) deinit linker success, protocol:2, channelId:0 [0m
[37m[15.884][linker]-[Debug]-[DjiLinker_Init:129) init linker success, protocol:2, channelId:0 [0m
[37m[15.884][linker]-[Debug]-[DjiProtocol_v1Pack:123) <0000>V1-Send: 0x0503->0x0701 0x0001 [0m
[37m[15.904][linker]-[Debug]-[DjiProtocol_v1Pack:123) <0x01>V1-Send: 0x0503->0x0701 0x0001 [0m
[37m[15.924][linker]-[Debug]-[DjiProtocol_v1Pack:123) <0x02>V1-Send: 0x0503->0x0701 0x0001 [0m
[37m[15.944][linker]-[Debug]-[DjiProtocol_v1Pack:123) <0x03>V1-Send: 0x0503->0x0701 0x0001 [0m
[37m[15.965][linker]-[Debug]-[DjiProtocol_v1Pack:123) <0x04>V1-Send: 0x0503->0x0701 0x0001 [0m
[37m[15.985][linker]-[Debug]-[DjiLinker_DeInit:171) deinit linker success, protocol:2, channelId:0 [0m
[37m[15.992][linker]-[Debug]-[DjiLinker_Init:129) init linker success, protocol:2, channelId:0 [0m
[37m[15.992][linker]-[Debug]-[DjiProtocol_v1Pack:123) <0000>V1-Send: 0x0503->0x0701 0x0001 [0m
[37m[16.013][linker]-[Debug]-[DjiProtocol_v1Pack:123) <0x01>V1-Send: 0x0503->0x0701 0x0001 [0m
[37m[16.033][linker]-[Debug]-[DjiProtocol_v1Pack:123) <0x02>V1-Send: 0x0503->0x0701 0x0001 [0m
[37m[16.053][linker]-[Debug]-[DjiProtocol_v1Pack:123) <0x03>V1-Send: 0x0503->0x0701 0x0001 [0m
[37m[16.073][linker]-[Debug]-[DjiProtocol_v1Pack:123) <0x04>V1-Send: 0x0503->0x0701 0x0001 [0m
[37m[16.093][linker]-[Debug]-[DjiLinker_DeInit:171) deinit linker success, protocol:2, channelId:0 [0m
[37m[16.093][adapter]-[Debug]-[DjiAccessAdapter_IdentifyUart0InfoAndAircraftSeries:974) Try (p, s, r, c) = (2, 0x0a07, 0x0300, 0x03fd) [0m
[37m[16.101][linker]-[Debug]-[DjiLinker_Init:129) init linker success, protocol:2, channelId:0 [0m
[37m[16.101][linker]-[Debug]-[DjiProtocol_v1Pack:123) <0000>V1-Send: 0x0A07->0x0300 0x03FD [0m
[37m[16.121][linker]-[Debug]-[DjiProtocol_v1Pack:123) <0x01>V1-Send: 0x0A07->0x0300 0x03FD [0m
[37m[16.141][linker]-[Debug]-[DjiProtocol_v1Pack:123) <0x02>V1-Send: 0x0A07->0x0300 0x03FD [0m
[37m[16.161][linker]-[Debug]-[DjiProtocol_v1Pack:123) <0x03>V1-Send: 0x0A07->0x0300 0x03FD [0m
[37m[16.181][linker]-[Debug]-[DjiProtocol_v1Pack:123) <0x04>V1-Send: 0x0A07->0x0300 0x03FD [0m
[37m[16.202][linker]-[Debug]-[DjiLinker_DeInit:171) deinit linker success, protocol:2, channelId:0 [0m
[37m[16.208][linker]-[Debug]-[DjiLinker_Init:129) init linker success, protocol:2, channelId:0 [0m
[37m[16.208][linker]-[Debug]-[DjiProtocol_v1Pack:123) <0000>V1-Send: 0x0A07->0x0300 0x03FD [0m
[37m[16.229][linker]-[Debug]-[DjiProtocol_v1Pack:123) <0x01>V1-Send: 0x0A07->0x0300 0x03FD [0m
[37m[16.249][linker]-[Debug]-[DjiProtocol_v1Pack:123) <0x02>V1-Send: 0x0A07->0x0300 0x03FD [0m
[37m[16.269][linker]-[Debug]-[DjiProtocol_v1Pack:123) <0x03>V1-Send: 0x0A07->0x0300 0x03FD [0m
[37m[16.289][linker]-[Debug]-[DjiProtocol_v1Pack:123) <0x04>V1-Send: 0x0A07->0x0300 0x03FD [0m
[37m[16.309][linker]-[Debug]-[DjiLinker_DeInit:171) deinit linker success, protocol:2, channelId:0 [0m
[37m[16.311][utils]-[Debug]-[DjiCore_RootTask:131) work execution time: [0m
[37m[16.311][utils]-[Debug]-[DjiCore_RootTask:132) name	                execution time (ms)	  max execution time (ms) [0m
[37m[16.311][utils]-[Debug]-[DjiCore_RootTask:134) recorderWork                    	1       	1        [0m
[37m[16.311][utils]-[Debug]-[DjiCore_RootTask:134) flowControllerTask              	0       	1        [0m
[37m[16.316][linker]-[Debug]-[DjiLinker_Init:129) init linker success, protocol:2, channelId:0 [0m
[37m[16.316][linker]-[Debug]-[DjiProtocol_v1Pack:123) <0000>V1-Send: 0x0A07->0x0300 0x03FD [0m
[37m[16.319][linker]-[Debug]-[DjiProtocol_v1Unpack:170) protocol frame length error [0m
[37m[16.326][linker]-[Debug]-[DjiProtocol_v1Unpack:170) protocol frame length error [0m
[37m[16.327][linker]-[Debug]-[DjiProtocol_v1Unpack:170) protocol frame length error [0m
[37m[16.337][linker]-[Debug]-[DjiProtocol_v1Pack:123) <0x01>V1-Send: 0x0A07->0x0300 0x03FD [0m
[37m[16.356][linker]-[Debug]-[DjiProtocol_v1Unpack:170) protocol frame length error [0m
[37m[16.357][linker]-[Debug]-[DjiProtocol_v1Pack:123) <0x02>V1-Send: 0x0A07->0x0300 0x03FD [0m
[37m[16.360][linker]-[Debug]-[DjiProtocol_v1Unpack:170) protocol frame length error [0m
[37m[16.372][linker]-[Debug]-[DjiProtocol_v1Unpack:170) protocol frame length error [0m
[37m[16.377][linker]-[Debug]-[DjiProtocol_v1Pack:123) <0x03>V1-Send: 0x0A07->0x0300 0x03FD [0m
[37m[16.397][linker]-[Debug]-[DjiProtocol_v1Pack:123) <0x04>V1-Send: 0x0A07->0x0300 0x03FD [0m
[37m[16.406][linker]-[Debug]-[DjiProtocol_v1Unpack:170) protocol frame length error [0m
[37m[16.417][linker]-[Debug]-[DjiLinker_DeInit:171) deinit linker success, protocol:2, channelId:0 [0m
[37m[16.424][linker]-[Debug]-[DjiLinker_Init:129) init linker success, protocol:2, channelId:0 [0m
[37m[16.424][linker]-[Debug]-[DjiProtocol_v1Pack:123) <0000>V1-Send: 0x0A07->0x0300 0x03FD [0m
[37m[16.444][linker]-[Debug]-[DjiProtocol_v1Pack:123) <0x01>V1-Send: 0x0A07->0x0300 0x03FD [0m
[37m[16.465][linker]-[Debug]-[DjiProtocol_v1Pack:123) <0x02>V1-Send: 0x0A07->0x0300 0x03FD [0m
[37m[16.485][linker]-[Debug]-[DjiProtocol_v1Pack:123) <0x03>V1-Send: 0x0A07->0x0300 0x03FD [0m
[37m[16.505][linker]-[Debug]-[DjiProtocol_v1Pack:123) <0x04>V1-Send: 0x0A07->0x0300 0x03FD [0m
[37m[16.525][linker]-[Debug]-[DjiLinker_DeInit:171) deinit linker success, protocol:2, channelId:0 [0m
[37m[16.532][linker]-[Debug]-[DjiLinker_Init:129) init linker success, protocol:2, channelId:0 [0m
[37m[16.532][linker]-[Debug]-[DjiProtocol_v1Pack:123) <0000>V1-Send: 0x0A07->0x0300 0x03FD [0m
[37m[16.553][linker]-[Debug]-[DjiProtocol_v1Pack:123) <0x01>V1-Send: 0x0A07->0x0300 0x03FD [0m
[37m[16.573][linker]-[Debug]-[DjiProtocol_v1Pack:123) <0x02>V1-Send: 0x0A07->0x0300 0x03FD [0m
[37m[16.593][linker]-[Debug]-[DjiProtocol_v1Pack:123) <0x03>V1-Send: 0x0A07->0x0300 0x03FD [0m
[37m[16.613][linker]-[Debug]-[DjiProtocol_v1Pack:123) <0x04>V1-Send: 0x0A07->0x0300 0x03FD [0m
[37m[16.633][linker]-[Debug]-[DjiLinker_DeInit:171) deinit linker success, protocol:2, channelId:0 [0m
[37m[16.633][adapter]-[Debug]-[DjiAccessAdapter_IdentifyUart0InfoAndAircraftSeries:1046) Try (p, s, r, c) = (1, 0x0a00, 0x0300, 0x0000) [0m
[37m[16.641][linker]-[Debug]-[DjiLinker_Init:129) init linker success, protocol:1, channelId:0 [0m
[37m[16.641][linker]-[Debug]-[DjiProtocol_sdkPack:183) SDK-Send: 0x0A->0x03 0x0000 [0m
[37m[16.661][linker]-[Debug]-[DjiProtocol_sdkPack:183) SDK-Send: 0x0A->0x03 0x0000 [0m
[37m[16.681][linker]-[Debug]-[DjiProtocol_sdkPack:183) SDK-Send: 0x0A->0x03 0x0000 [0m
[37m[16.701][linker]-[Debug]-[DjiProtocol_sdkPack:183) SDK-Send: 0x0A->0x03 0x0000 [0m
[37m[16.721][linker]-[Debug]-[DjiProtocol_sdkPack:183) SDK-Send: 0x0A->0x03 0x0000 [0m
[37m[16.742][linker]-[Debug]-[DjiLinker_DeInit:171) deinit linker success, protocol:1, channelId:0 [0m
[37m[16.748][linker]-[Debug]-[DjiLinker_Init:129) init linker success, protocol:1, channelId:0 [0m
[37m[16.748][linker]-[Debug]-[DjiProtocol_sdkPack:183) SDK-Send: 0x0A->0x03 0x0000 [0m
[37m[16.751][linker]-[Debug]-[DjiProtocol_sdkUnpack:219) protocol frame length error [0m
[37m[16.763][linker]-[Debug]-[DjiProtocol_sdkUnpack:219) protocol frame length error [0m
[37m[16.763][linker]-[Debug]-[DjiProtocol_sdkUnpack:219) protocol frame length error [0m
[37m[16.769][linker]-[Debug]-[DjiProtocol_sdkPack:183) SDK-Send: 0x0A->0x03 0x0000 [0m
[37m[16.779][linker]-[Debug]-[DjiProtocol_sdkUnpack:219) protocol frame length error [0m
[37m[16.789][linker]-[Debug]-[DjiProtocol_sdkPack:183) SDK-Send: 0x0A->0x03 0x0000 [0m
[37m[16.790][linker]-[Debug]-[DjiProtocol_sdkUnpack:219) protocol frame length error [0m
[37m[16.795][linker]-[Debug]-[DjiProtocol_sdkUnpack:219) protocol frame length error [0m
[37m[16.809][linker]-[Debug]-[DjiProtocol_sdkPack:183) SDK-Send: 0x0A->0x03 0x0000 [0m
[37m[16.829][linker]-[Debug]-[DjiProtocol_sdkPack:183) SDK-Send: 0x0A->0x03 0x0000 [0m
[37m[16.849][linker]-[Debug]-[DjiLinker_DeInit:171) deinit linker success, protocol:1, channelId:0 [0m
[37m[16.856][linker]-[Debug]-[DjiLinker_Init:129) init linker success, protocol:1, channelId:0 [0m
[37m[16.856][linker]-[Debug]-[DjiProtocol_sdkPack:183) SDK-Send: 0x0A->0x03 0x0000 [0m
[37m[16.857][linker]-[Debug]-[DjiProtocol_sdkUnpack:276) SDK-Recv: 0x03->0x0A 0x0205 [0m
[37m[16.858][linker]-[Debug]-[DjiProtocol_sdkUnpack:276) SDK-Recv: 0x03->0x0A 0x0205 [0m
[37m[16.858][linker]-[Debug]-[DjiProtocol_sdkUnpack:276) SDK-Recv: 0x03->0x0A 0x0205 [0m
[37m[16.862][linker]-[Debug]-[DjiProtocol_sdkUnpack:276) SDK-Recv: 0x03->0x0A 0x0205 [0m
[31m[16.864][linker]-[Error]-[DjiProtocol_sdkUnpack:237) protocol frame crc32 error [0m
[37m[16.866][linker]-[Debug]-[DjiProtocol_sdkUnpack:276) SDK-Recv: 0x03->0x0A 0x0205 [0m
[37m[16.867][linker]-[Debug]-[DjiProtocol_sdkUnpack:276) SDK-Recv: 0x03->0x0A 0x0205 [0m
[37m[16.869][linker]-[Debug]-[DjiProtocol_sdkUnpack:276) SDK-Recv: 0x03->0x0A 0x0205 [0m
[31m[16.872][linker]-[Error]-[DjiProtocol_sdkUnpack:237) protocol frame crc32 error [0m
[37m[16.873][linker]-[Debug]-[DjiProtocol_sdkUnpack:276) SDK-Recv: 0x03->0x0A 0x0205 [0m
[37m[16.875][linker]-[Debug]-[DjiProtocol_sdkUnpack:276) SDK-Recv: 0x03->0x0A 0x0205 [0m
[37m[16.876][linker]-[Debug]-[DjiProtocol_sdkPack:183) SDK-Send: 0x0A->0x03 0x0000 [0m
[31m[16.878][linker]-[Error]-[DjiProtocol_sdkUnpack:237) protocol frame crc32 error [0m
[37m[16.880][linker]-[Debug]-[DjiProtocol_sdkUnpack:276) SDK-Recv: 0x03->0x0A 0x0205 [0m
[37m[16.882][linker]-[Debug]-[DjiProtocol_sdkUnpack:276) SDK-Recv: 0x03->0x0A 0x0205 [0m
[37m[16.883][linker]-[Debug]-[DjiProtocol_sdkUnpack:276) SDK-Recv: 0x03->0x0A 0x0205 [0m
[37m[16.884][linker]-[Debug]-[DjiProtocol_sdkUnpack:276) SDK-Recv: 0x03->0x0A 0x0205 [0m
[37m[16.887][linker]-[Debug]-[DjiProtocol_sdkUnpack:276) SDK-Recv: 0x03->0x0A 0x0205 [0m
[37m[16.888][linker]-[Debug]-[DjiProtocol_sdkUnpack:276) SDK-Recv: 0x03->0x0A 0x0205 [0m
[37m[16.890][linker]-[Debug]-[DjiProtocol_sdkUnpack:276) SDK-Recv: 0x03->0x0A 0x0205 [0m
[37m[16.892][linker]-[Debug]-[DjiProtocol_sdkUnpack:276) SDK-Recv: 0x03->0x0A 0x0205 [0m
[37m[16.893][linker]-[Debug]-[DjiProtocol_sdkUnpack:276) SDK-Recv: 0x03->0x0A 0x0205 [0m
[37m[16.896][linker]-[Debug]-[DjiProtocol_sdkUnpack:276) SDK-Recv: 0x03->0x0A 0x0205 [0m
[37m[16.896][linker]-[Debug]-[DjiProtocol_sdkUnpack:276) SDK-Recv: 0x03->0x0A 0x0205 [0m
[37m[16.897][linker]-[Debug]-[DjiProtocol_sdkPack:183) SDK-Send: 0x0A->0x03 0x0000 [0m
[37m[16.897][linker]-[Debug]-[DjiProtocol_sdkUnpack:276) SDK-Recv: 0x03->0x0A 0x0205 [0m
[37m[16.899][linker]-[Debug]-[DjiProtocol_sdkUnpack:276) SDK-Recv: 0x03->0x0A 0x0205 [0m
[31m[16.902][linker]-[Error]-[DjiProtocol_sdkUnpack:237) protocol frame crc32 error [0m
[31m[16.904][linker]-[Error]-[DjiProtocol_sdkUnpack:237) protocol frame crc32 error [0m
[37m[16.908][linker]-[Debug]-[DjiProtocol_sdkUnpack:276) SDK-Recv: 0x03->0x0A 0x0205 [0m
[37m[16.909][linker]-[Debug]-[DjiProtocol_sdkUnpack:276) SDK-Recv: 0x03->0x0A 0x0205 [0m
[37m[16.912][linker]-[Debug]-[DjiProtocol_sdkUnpack:276) SDK-Recv: 0x03->0x0A 0x0205 [0m
[37m[16.914][linker]-[Debug]-[DjiProtocol_sdkUnpack:276) SDK-Recv: 0x03->0x0A 0x0205 [0m
[37m[16.916][linker]-[Debug]-[DjiProtocol_sdkUnpack:276) SDK-Recv: 0x03->0x0A 0x0205 [0m
[37m[16.917][linker]-[Debug]-[DjiProtocol_sdkPack:183) SDK-Send: 0x0A->0x03 0x0000 [0m
[31m[16.917][linker]-[Error]-[DjiProtocol_sdkUnpack:237) protocol frame crc32 error [0m
[31m[16.920][linker]-[Error]-[DjiProtocol_sdkUnpack:237) protocol frame crc32 error [0m
[31m[16.923][linker]-[Error]-[DjiProtocol_sdkUnpack:228) protocol frame crc16 error:0x163C 0xDD21 [0m
[31m[16.924][linker]-[Error]-[DjiProtocol_sdkUnpack:237) protocol frame crc32 error [0m
[37m[16.926][linker]-[Debug]-[DjiProtocol_sdkUnpack:219) protocol frame length error [0m
[37m[16.927][linker]-[Debug]-[DjiProtocol_sdkUnpack:276) SDK-Recv: 0x03->0x0A 0x0205 [0m
[37m[16.928][linker]-[Debug]-[DjiProtocol_sdkUnpack:276) SDK-Recv: 0x03->0x0A 0x0205 [0m
[37m[16.932][linker]-[Debug]-[DjiProtocol_sdkUnpack:276) SDK-Recv: 0x03->0x0A 0x0205 [0m
[37m[16.933][linker]-[Debug]-[DjiProtocol_sdkUnpack:276) SDK-Recv: 0x03->0x0A 0x0205 [0m
[37m[16.933][linker]-[Debug]-[DjiProtocol_sdkUnpack:276) SDK-Recv: 0x03->0x0A 0x0205 [0m
[37m[16.934][linker]-[Debug]-[DjiProtocol_sdkUnpack:276) SDK-Recv: 0x03->0x0A 0x0205 [0m
[37m[16.937][linker]-[Debug]-[DjiProtocol_sdkUnpack:276) SDK-Recv: 0x03->0x0A 0x0205 [0m
[37m[16.937][linker]-[Debug]-[DjiProtocol_sdkPack:183) SDK-Send: 0x0A->0x03 0x0000 [0m
[37m[16.939][linker]-[Debug]-[DjiProtocol_sdkUnpack:276) SDK-Recv: 0x03->0x0A 0x0205 [0m
[37m[16.940][linker]-[Debug]-[DjiProtocol_sdkUnpack:276) SDK-Recv: 0x03->0x0A 0x0205 [0m
[37m[16.943][linker]-[Debug]-[DjiProtocol_sdkUnpack:276) SDK-Recv: 0x03->0x0A 0x0205 [0m
[37m[16.943][linker]-[Debug]-[DjiProtocol_sdkUnpack:276) SDK-Recv: 0x03->0x0A 0x0205 [0m
[37m[16.944][linker]-[Debug]-[DjiProtocol_sdkUnpack:276) SDK-Recv: 0x03->0x0A 0x0205 [0m
[37m[16.946][linker]-[Debug]-[DjiProtocol_sdkUnpack:276) SDK-Recv: 0x03->0x0A 0x0205 [0m
[37m[16.948][linker]-[Debug]-[DjiProtocol_sdkUnpack:276) SDK-Recv: 0x03->0x0A 0x0205 [0m
[37m[16.950][linker]-[Debug]-[DjiProtocol_sdkUnpack:276) SDK-Recv: 0x03->0x0A 0x0205 [0m
[31m[16.952][linker]-[Error]-[DjiProtocol_sdkUnpack:237) protocol frame crc32 error [0m
[37m[16.954][linker]-[Debug]-[DjiProtocol_sdkUnpack:276) SDK-Recv: 0x03->0x0A 0x0205 [0m
[37m[16.958][linker]-[Debug]-[DjiLinker_DeInit:171) deinit linker success, protocol:1, channelId:0 [0m
[37m[16.966][linker]-[Debug]-[DjiProtocol_sdkUnpack:219) protocol frame length error [0m
[37m[16.966][linker]-[Debug]-[DjiLinker_Init:129) init linker success, protocol:1, channelId:0 [0m
[37m[16.966][linker]-[Debug]-[DjiProtocol_sdkPack:183) SDK-Send: 0x0A->0x03 0x0000 [0m
[31m[16.966][linker]-[Error]-[DjiProtocol_sdkUnpack:237) protocol frame crc32 error [0m
[37m[16.987][linker]-[Debug]-[DjiProtocol_sdkPack:183) SDK-Send: 0x0A->0x03 0x0000 [0m
[37m[17.007][linker]-[Debug]-[DjiProtocol_sdkPack:183) SDK-Send: 0x0A->0x03 0x0000 [0m
[37m[17.027][linker]-[Debug]-[DjiProtocol_sdkPack:183) SDK-Send: 0x0A->0x03 0x0000 [0m
[37m[17.048][linker]-[Debug]-[DjiProtocol_sdkPack:183) SDK-Send: 0x0A->0x03 0x0000 [0m
[37m[17.069][linker]-[Debug]-[DjiLinker_DeInit:171) deinit linker success, protocol:1, channelId:0 [0m
[37m[17.080][linker]-[Debug]-[DjiLinker_Init:129) init linker success, protocol:1, channelId:0 [0m
[37m[17.080][linker]-[Debug]-[DjiProtocol_sdkPack:183) SDK-Send: 0x0A->0x03 0x0000 [0m
[37m[17.100][linker]-[Debug]-[DjiProtocol_sdkPack:183) SDK-Send: 0x0A->0x03 0x0000 [0m
[37m[17.120][linker]-[Debug]-[DjiProtocol_sdkPack:183) SDK-Send: 0x0A->0x03 0x0000 [0m
[37m[17.140][linker]-[Debug]-[DjiProtocol_sdkPack:183) SDK-Send: 0x0A->0x03 0x0000 [0m
[37m[17.161][linker]-[Debug]-[DjiProtocol_sdkPack:183) SDK-Send: 0x0A->0x03 0x0000 [0m
[37m[17.181][linker]-[Debug]-[DjiLinker_DeInit:171) deinit linker success, protocol:1, channelId:0 [0m
[32m[17.181][adapter]-[Info]-[DjiAccessAdapter_Init:279) Try identify UART0 connection failed. Probably because SDK adapter or aircraft not finish init or UART connect error. [0m
[37m[17.232][adapter]-[Debug]-[DjiAccessAdapter_CheckUserUartBaudRateAndAircraftSeries:1546) Try (p, s, r, c) = (2, 0x0a06, 0x0300, 0x03fd) [0m
[37m[17.245][linker]-[Debug]-[DjiLinker_Init:129) init linker success, protocol:2, channelId:0 [0m
[37m[17.245][linker]-[Debug]-[DjiProtocol_v1Pack:123) <0000>V1-Send: 0x0A06->0x0300 0x03FD [0m
[37m[17.247][linker]-[Debug]-[DjiProtocol_v1Unpack:170) protocol frame length error [0m
[37m[17.262][linker]-[Debug]-[DjiProtocol_v1Unpack:170) protocol frame length error [0m
[37m[17.266][linker]-[Debug]-[DjiProtocol_v1Pack:123) <0x01>V1-Send: 0x0A06->0x0300 0x03FD [0m
[37m[17.269][linker]-[Debug]-[DjiProtocol_v1Unpack:170) protocol frame length error [0m
[37m[17.281][linker]-[Debug]-[DjiProtocol_v1Unpack:170) protocol frame length error [0m
[37m[17.286][linker]-[Debug]-[DjiProtocol_v1Pack:123) <0x02>V1-Send: 0x0A06->0x0300 0x03FD [0m
[37m[17.286][linker]-[Debug]-[DjiProtocol_v1Unpack:170) protocol frame length error [0m
[37m[17.299][linker]-[Debug]-[DjiProtocol_v1Unpack:170) protocol frame length error [0m
[37m[17.306][linker]-[Debug]-[DjiProtocol_v1Pack:123) <0x03>V1-Send: 0x0A06->0x0300 0x03FD [0m
[37m[17.306][linker]-[Debug]-[DjiProtocol_v1Unpack:170) protocol frame length error [0m
[37m[17.320][linker]-[Debug]-[DjiProtocol_v1Unpack:170) protocol frame length error [0m
[37m[17.320][linker]-[Debug]-[DjiProtocol_v1Unpack:170) protocol frame length error [0m
[37m[17.326][linker]-[Debug]-[DjiProtocol_v1Pack:123) <0x04>V1-Send: 0x0A06->0x0300 0x03FD [0m
[37m[17.333][linker]-[Debug]-[DjiProtocol_v1Unpack:170) protocol frame length error [0m
[37m[17.333][linker]-[Debug]-[DjiProtocol_v1Unpack:170) protocol frame length error [0m
[37m[17.346][linker]-[Debug]-[DjiProtocol_v1Unpack:170) protocol frame length error [0m
[37m[17.347][linker]-[Debug]-[DjiLinker_DeInit:171) deinit linker success, protocol:2, channelId:0 [0m
[37m[17.347][adapter]-[Debug]-[DjiAccessAdapter_IdentifyUart0InfoAndAircraftSeries:713) Try (p, s, r, c) = (2, 0x0507, 0x0503, 0x03fd) [0m
[37m[17.354][linker]-[Debug]-[DjiLinker_Init:129) init linker success, protocol:2, channelId:0 [0m
[37m[17.354][linker]-[Debug]-[DjiProtocol_v1Pack:123) <0000>V1-Send: 0x0507->0x0503 0x03FD [0m
[37m[17.374][linker]-[Debug]-[DjiProtocol_v1Pack:123) <0x01>V1-Send: 0x0507->0x0503 0x03FD [0m
[37m[17.387][linker]-[Debug]-[DjiProtocol_v1Unpack:170) protocol frame length error [0m
[37m[17.394][linker]-[Debug]-[DjiProtocol_v1Pack:123) <0x02>V1-Send: 0x0507->0x0503 0x03FD [0m
[37m[17.407][utils]-[Debug]-[DjiCore_RootTask:131) work execution time: [0m
[37m[17.407][utils]-[Debug]-[DjiCore_RootTask:132) name	                execution time (ms)	  max execution time (ms) [0m
[37m[17.407][utils]-[Debug]-[DjiCore_RootTask:134) recorderWork                    	1       	1        [0m
[37m[17.407][utils]-[Debug]-[DjiCore_RootTask:134) flowControllerTask              	0       	1        [0m
[37m[17.414][linker]-[Debug]-[DjiProtocol_v1Pack:123) <0x03>V1-Send: 0x0507->0x0503 0x03FD [0m
[37m[17.434][linker]-[Debug]-[DjiProtocol_v1Pack:123) <0x04>V1-Send: 0x0507->0x0503 0x03FD [0m
[37m[17.455][linker]-[Debug]-[DjiLinker_DeInit:171) deinit linker success, protocol:2, channelId:0 [0m
[37m[17.461][linker]-[Debug]-[DjiLinker_Init:129) init linker success, protocol:2, channelId:0 [0m
[37m[17.461][linker]-[Debug]-[DjiProtocol_v1Pack:123) <0000>V1-Send: 0x0507->0x0503 0x03FD [0m
[37m[17.481][linker]-[Debug]-[DjiProtocol_v1Pack:123) <0x01>V1-Send: 0x0507->0x0503 0x03FD [0m
[37m[17.502][linker]-[Debug]-[DjiProtocol_v1Pack:123) <0x02>V1-Send: 0x0507->0x0503 0x03FD [0m
[37m[17.522][linker]-[Debug]-[DjiProtocol_v1Pack:123) <0x03>V1-Send: 0x0507->0x0503 0x03FD [0m
[37m[17.542][linker]-[Debug]-[DjiProtocol_v1Pack:123) <0x04>V1-Send: 0x0507->0x0503 0x03FD [0m
[37m[17.562][linker]-[Debug]-[DjiLinker_DeInit:171) deinit linker success, protocol:2, channelId:0 [0m
[37m[17.569][linker]-[Debug]-[DjiProtocol_v1Unpack:170) protocol frame length error [0m
[37m[17.569][linker]-[Debug]-[DjiLinker_Init:129) init linker success, protocol:2, channelId:0 [0m
[37m[17.569][linker]-[Debug]-[DjiProtocol_v1Pack:123) <0000>V1-Send: 0x0507->0x0503 0x03FD [0m
[37m[17.582][linker]-[Debug]-[DjiProtocol_v1Unpack:170) protocol frame length error [0m
[37m[17.587][linker]-[Debug]-[DjiProtocol_v1Unpack:170) protocol frame length error [0m
[37m[17.588][linker]-[Debug]-[DjiProtocol_v1Unpack:170) protocol frame length error [0m
[37m[17.589][linker]-[Debug]-[DjiProtocol_v1Pack:123) <0x01>V1-Send: 0x0507->0x0503 0x03FD [0m
[37m[17.601][linker]-[Debug]-[DjiProtocol_v1Unpack:170) protocol frame length error [0m
[37m[17.606][linker]-[Debug]-[DjiProtocol_v1Unpack:170) protocol frame length error [0m
[37m[17.607][linker]-[Debug]-[DjiProtocol_v1Unpack:170) protocol frame length error [0m
[37m[17.609][linker]-[Debug]-[DjiProtocol_v1Unpack:170) protocol frame length error [0m
[37m[17.610][linker]-[Debug]-[DjiProtocol_v1Pack:123) <0x02>V1-Send: 0x0507->0x0503 0x03FD [0m
[37m[17.630][linker]-[Debug]-[DjiProtocol_v1Pack:123) <0x03>V1-Send: 0x0507->0x0503 0x03FD [0m
[37m[17.650][linker]-[Debug]-[DjiProtocol_v1Pack:123) <0x04>V1-Send: 0x0507->0x0503 0x03FD [0m
[37m[17.654][linker]-[Debug]-[DjiProtocol_v1Unpack:170) protocol frame length error [0m
[37m[17.670][linker]-[Debug]-[DjiLinker_DeInit:171) deinit linker success, protocol:2, channelId:0 [0m
[37m[17.678][linker]-[Debug]-[DjiLinker_Init:129) init linker success, protocol:2, channelId:0 [0m
[37m[17.678][linker]-[Debug]-[DjiProtocol_v1Pack:123) <0000>V1-Send: 0x0507->0x0503 0x03FD [0m
[37m[17.698][linker]-[Debug]-[DjiProtocol_v1Pack:123) <0x01>V1-Send: 0x0507->0x0503 0x03FD [0m
[37m[17.718][linker]-[Debug]-[DjiProtocol_v1Pack:123) <0x02>V1-Send: 0x0507->0x0503 0x03FD [0m
[37m[17.738][linker]-[Debug]-[DjiProtocol_v1Pack:123) <0x03>V1-Send: 0x0507->0x0503 0x03FD [0m
[37m[17.758][linker]-[Debug]-[DjiProtocol_v1Pack:123) <0x04>V1-Send: 0x0507->0x0503 0x03FD [0m
[37m[17.779][linker]-[Debug]-[DjiLinker_DeInit:171) deinit linker success, protocol:2, channelId:0 [0m
[37m[17.786][linker]-[Debug]-[DjiLinker_Init:129) init linker success, protocol:2, channelId:0 [0m
[37m[17.786][linker]-[Debug]-[DjiProtocol_v1Pack:123) <0000>V1-Send: 0x0507->0x0503 0x03FD [0m
[37m[17.806][linker]-[Debug]-[DjiProtocol_v1Pack:123) <0x01>V1-Send: 0x0507->0x0503 0x03FD [0m
[37m[17.826][linker]-[Debug]-[DjiProtocol_v1Pack:123) <0x02>V1-Send: 0x0507->0x0503 0x03FD [0m
[37m[17.847][linker]-[Debug]-[DjiProtocol_v1Pack:123) <0x03>V1-Send: 0x0507->0x0503 0x03FD [0m
[37m[17.867][linker]-[Debug]-[DjiProtocol_v1Pack:123) <0x04>V1-Send: 0x0507->0x0503 0x03FD [0m
[37m[17.887][linker]-[Debug]-[DjiLinker_DeInit:171) deinit linker success, protocol:2, channelId:0 [0m
[37m[17.887][adapter]-[Debug]-[DjiAccessAdapter_IdentifyUart0InfoAndAircraftSeries:776) Try (p, s, r, c) = (2, 0x0a06, 0x0300, 0x03fd) [0m
[37m[17.894][linker]-[Debug]-[DjiLinker_Init:129) init linker success, protocol:2, channelId:0 [0m
[37m[17.894][linker]-[Debug]-[DjiProtocol_v1Pack:123) <0000>V1-Send: 0x0A06->0x0300 0x03FD [0m
[37m[17.904][linker]-[Debug]-[DjiProtocol_v1Unpack:170) protocol frame length error [0m
[37m[17.914][linker]-[Debug]-[DjiProtocol_v1Pack:123) <0x01>V1-Send: 0x0A06->0x0300 0x03FD [0m
[37m[17.935][linker]-[Debug]-[DjiProtocol_v1Pack:123) <0x02>V1-Send: 0x0A06->0x0300 0x03FD [0m
[37m[17.955][linker]-[Debug]-[DjiProtocol_v1Pack:123) <0x03>V1-Send: 0x0A06->0x0300 0x03FD [0m
[37m[17.975][linker]-[Debug]-[DjiProtocol_v1Pack:123) <0x04>V1-Send: 0x0A06->0x0300 0x03FD [0m
[37m[17.995][linker]-[Debug]-[DjiLinker_DeInit:171) deinit linker success, protocol:2, channelId:0 [0m
[37m[18.003][linker]-[Debug]-[DjiLinker_Init:129) init linker success, protocol:2, channelId:0 [0m
[37m[18.003][linker]-[Debug]-[DjiProtocol_v1Pack:123) <0000>V1-Send: 0x0A06->0x0300 0x03FD [0m
[37m[18.023][linker]-[Debug]-[DjiProtocol_v1Pack:123) <0x01>V1-Send: 0x0A06->0x0300 0x03FD [0m
[37m[18.043][linker]-[Debug]-[DjiProtocol_v1Pack:123) <0x02>V1-Send: 0x0A06->0x0300 0x03FD [0m
[37m[18.063][linker]-[Debug]-[DjiProtocol_v1Pack:123) <0x03>V1-Send: 0x0A06->0x0300 0x03FD [0m
[37m[18.083][linker]-[Debug]-[DjiProtocol_v1Pack:123) <0x04>V1-Send: 0x0A06->0x0300 0x03FD [0m
[37m[18.104][linker]-[Debug]-[DjiLinker_DeInit:171) deinit linker success, protocol:2, channelId:0 [0m
[37m[18.112][linker]-[Debug]-[DjiProtocol_v1Unpack:170) protocol frame length error [0m
[37m[18.112][linker]-[Debug]-[DjiProtocol_v1Unpack:170) protocol frame length error [0m
[37m[18.112][linker]-[Debug]-[DjiLinker_Init:129) init linker success, protocol:2, channelId:0 [0m
[37m[18.112][linker]-[Debug]-[DjiProtocol_v1Pack:123) <0000>V1-Send: 0x0A06->0x0300 0x03FD [0m
[37m[18.113][linker]-[Debug]-[DjiProtocol_v1Unpack:170) protocol frame length error [0m
[37m[18.114][linker]-[Debug]-[DjiProtocol_v1Unpack:170) protocol frame length error [0m
[37m[18.118][linker]-[Debug]-[DjiProtocol_v1Unpack:170) protocol frame length error [0m
[37m[18.118][linker]-[Debug]-[DjiProtocol_v1Unpack:170) protocol frame length error [0m
[37m[18.120][linker]-[Debug]-[DjiProtocol_v1Unpack:170) protocol frame length error [0m
[37m[18.121][linker]-[Debug]-[DjiProtocol_v1Unpack:170) protocol frame length error [0m
[37m[18.123][linker]-[Debug]-[DjiProtocol_v1Unpack:170) protocol frame length error [0m
[37m[18.125][linker]-[Debug]-[DjiProtocol_v1Unpack:170) protocol frame length error [0m
[37m[18.126][linker]-[Debug]-[DjiProtocol_v1Unpack:170) protocol frame length error [0m
[37m[18.127][linker]-[Debug]-[DjiProtocol_v1Unpack:170) protocol frame length error [0m
[37m[18.129][linker]-[Debug]-[DjiProtocol_v1Unpack:170) protocol frame length error [0m
[37m[18.132][linker]-[Debug]-[DjiProtocol_v1Unpack:170) protocol frame length error [0m
[37m[18.132][linker]-[Debug]-[DjiProtocol_v1Pack:123) <0x01>V1-Send: 0x0A06->0x0300 0x03FD [0m
[37m[18.133][linker]-[Debug]-[DjiProtocol_v1Unpack:170) protocol frame length error [0m
[37m[18.133][linker]-[Debug]-[DjiProtocol_v1Unpack:170) protocol frame length error [0m
[37m[18.134][linker]-[Debug]-[DjiProtocol_v1Unpack:170) protocol frame length error [0m
[37m[18.134][linker]-[Debug]-[DjiProtocol_v1Unpack:170) protocol frame length error [0m
[37m[18.137][linker]-[Debug]-[DjiProtocol_v1Unpack:170) protocol frame length error [0m
[37m[18.138][linker]-[Debug]-[DjiProtocol_v1Unpack:170) protocol frame length error [0m
[37m[18.150][linker]-[Debug]-[DjiProtocol_v1Unpack:170) protocol frame length error [0m
[37m[18.153][linker]-[Debug]-[DjiProtocol_v1Pack:123) <0x02>V1-Send: 0x0A06->0x0300 0x03FD [0m
[37m[18.173][linker]-[Debug]-[DjiProtocol_v1Pack:123) <0x03>V1-Send: 0x0A06->0x0300 0x03FD [0m
[37m[18.182][linker]-[Debug]-[DjiProtocol_v1Unpack:170) protocol frame length error [0m
[37m[18.187][linker]-[Debug]-[DjiProtocol_v1Unpack:170) protocol frame length error [0m
[37m[18.190][linker]-[Debug]-[DjiProtocol_v1Unpack:170) protocol frame length error [0m
[37m[18.191][linker]-[Debug]-[DjiProtocol_v1Unpack:170) protocol frame length error [0m
[37m[18.193][linker]-[Debug]-[DjiProtocol_v1Pack:123) <0x04>V1-Send: 0x0A06->0x0300 0x03FD [0m
[37m[18.213][linker]-[Debug]-[DjiLinker_DeInit:171) deinit linker success, protocol:2, channelId:0 [0m
[37m[18.220][linker]-[Debug]-[DjiLinker_Init:129) init linker success, protocol:2, channelId:0 [0m
[37m[18.220][linker]-[Debug]-[DjiProtocol_v1Pack:123) <0000>V1-Send: 0x0A06->0x0300 0x03FD [0m
[37m[18.241][linker]-[Debug]-[DjiProtocol_v1Pack:123) <0x01>V1-Send: 0x0A06->0x0300 0x03FD [0m
[37m[18.261][linker]-[Debug]-[DjiProtocol_v1Pack:123) <0x02>V1-Send: 0x0A06->0x0300 0x03FD [0m
[37m[18.281][linker]-[Debug]-[DjiProtocol_v1Pack:123) <0x03>V1-Send: 0x0A06->0x0300 0x03FD [0m
[37m[18.301][linker]-[Debug]-[DjiProtocol_v1Pack:123) <0x04>V1-Send: 0x0A06->0x0300 0x03FD [0m
[37m[18.321][linker]-[Debug]-[DjiLinker_DeInit:171) deinit linker success, protocol:2, channelId:0 [0m
[37m[18.330][linker]-[Debug]-[DjiLinker_Init:129) init linker success, protocol:2, channelId:0 [0m
[37m[18.330][linker]-[Debug]-[DjiProtocol_v1Pack:123) <0000>V1-Send: 0x0A06->0x0300 0x03FD [0m
[37m[18.350][linker]-[Debug]-[DjiProtocol_v1Pack:123) <0x01>V1-Send: 0x0A06->0x0300 0x03FD [0m
[37m[18.370][linker]-[Debug]-[DjiProtocol_v1Pack:123) <0x02>V1-Send: 0x0A06->0x0300 0x03FD [0m
[37m[18.390][linker]-[Debug]-[DjiProtocol_v1Pack:123) <0x03>V1-Send: 0x0A06->0x0300 0x03FD [0m
[37m[18.410][linker]-[Debug]-[DjiProtocol_v1Pack:123) <0x04>V1-Send: 0x0A06->0x0300 0x03FD [0m
[37m[18.431][linker]-[Debug]-[DjiLinker_DeInit:171) deinit linker success, protocol:2, channelId:0 [0m
[37m[18.431][adapter]-[Debug]-[DjiAccessAdapter_IdentifyUart0InfoAndAircraftSeries:840) Try (p, s, r, c) = (2, 0x0503, 0x0801, 0x0001) [0m
[37m[18.438][linker]-[Debug]-[DjiLinker_Init:129) init linker success, protocol:2, channelId:0 [0m
[37m[18.438][linker]-[Debug]-[DjiProtocol_v1Pack:123) <0000>V1-Send: 0x0503->0x0801 0x0001 [0m
[37m[18.458][linker]-[Debug]-[DjiProtocol_v1Pack:123) <0x01>V1-Send: 0x0503->0x0801 0x0001 [0m
[37m[18.478][linker]-[Debug]-[DjiProtocol_v1Pack:123) <0x02>V1-Send: 0x0503->0x0801 0x0001 [0m
[37m[18.486][utils]-[Debug]-[DjiCore_RootTask:131) work execution time: [0m
[37m[18.486][utils]-[Debug]-[DjiCore_RootTask:132) name	                execution time (ms)	  max execution time (ms) [0m
[37m[18.486][utils]-[Debug]-[DjiCore_RootTask:134) recorderWork                    	1       	1        [0m
[37m[18.486][utils]-[Debug]-[DjiCore_RootTask:134) flowControllerTask              	0       	1        [0m
[37m[18.498][linker]-[Debug]-[DjiProtocol_v1Pack:123) <0x03>V1-Send: 0x0503->0x0801 0x0001 [0m
[37m[18.518][linker]-[Debug]-[DjiProtocol_v1Pack:123) <0x04>V1-Send: 0x0503->0x0801 0x0001 [0m
[37m[18.539][linker]-[Debug]-[DjiLinker_DeInit:171) deinit linker success, protocol:2, channelId:0 [0m
[37m[18.547][linker]-[Debug]-[DjiLinker_Init:129) init linker success, protocol:2, channelId:0 [0m
[37m[18.547][linker]-[Debug]-[DjiProtocol_v1Pack:123) <0000>V1-Send: 0x0503->0x0801 0x0001 [0m
[37m[18.567][linker]-[Debug]-[DjiProtocol_v1Pack:123) <0x01>V1-Send: 0x0503->0x0801 0x0001 [0m
[37m[18.587][linker]-[Debug]-[DjiProtocol_v1Pack:123) <0x02>V1-Send: 0x0503->0x0801 0x0001 [0m
[37m[18.607][linker]-[Debug]-[DjiProtocol_v1Pack:123) <0x03>V1-Send: 0x0503->0x0801 0x0001 [0m
[37m[18.627][linker]-[Debug]-[DjiProtocol_v1Pack:123) <0x04>V1-Send: 0x0503->0x0801 0x0001 [0m
[37m[18.648][linker]-[Debug]-[DjiLinker_DeInit:171) deinit linker success, protocol:2, channelId:0 [0m
[37m[18.656][linker]-[Debug]-[DjiLinker_Init:129) init linker success, protocol:2, channelId:0 [0m
[37m[18.656][linker]-[Debug]-[DjiProtocol_v1Pack:123) <0000>V1-Send: 0x0503->0x0801 0x0001 [0m
[37m[18.662][linker]-[Debug]-[DjiProtocol_v1Unpack:170) protocol frame length error [0m
[37m[18.675][linker]-[Debug]-[DjiProtocol_v1Unpack:170) protocol frame length error [0m
[37m[18.676][linker]-[Debug]-[DjiProtocol_v1Pack:123) <0x01>V1-Send: 0x0503->0x0801 0x0001 [0m
[37m[18.696][linker]-[Debug]-[DjiProtocol_v1Pack:123) <0x02>V1-Send: 0x0503->0x0801 0x0001 [0m
[37m[18.704][linker]-[Debug]-[DjiProtocol_v1Unpack:170) protocol frame length error [0m
[37m[18.707][linker]-[Debug]-[DjiProtocol_v1Unpack:170) protocol frame length error [0m
[37m[18.716][linker]-[Debug]-[DjiProtocol_v1Pack:123) <0x03>V1-Send: 0x0503->0x0801 0x0001 [0m
[37m[18.725][linker]-[Debug]-[DjiProtocol_v1Unpack:170) protocol frame length error [0m
[37m[18.728][linker]-[Debug]-[DjiProtocol_v1Unpack:170) protocol frame length error [0m
[37m[18.736][linker]-[Debug]-[DjiProtocol_v1Pack:123) <0x04>V1-Send: 0x0503->0x0801 0x0001 [0m
[37m[18.755][linker]-[Debug]-[DjiProtocol_v1Unpack:170) protocol frame length error [0m
[37m[18.757][linker]-[Debug]-[DjiLinker_DeInit:171) deinit linker success, protocol:2, channelId:0 [0m
[37m[18.764][linker]-[Debug]-[DjiLinker_Init:129) init linker success, protocol:2, channelId:0 [0m
[37m[18.764][linker]-[Debug]-[DjiProtocol_v1Pack:123) <0000>V1-Send: 0x0503->0x0801 0x0001 [0m
[37m[18.785][linker]-[Debug]-[DjiProtocol_v1Pack:123) <0x01>V1-Send: 0x0503->0x0801 0x0001 [0m
[37m[18.805][linker]-[Debug]-[DjiProtocol_v1Pack:123) <0x02>V1-Send: 0x0503->0x0801 0x0001 [0m
[37m[18.825][linker]-[Debug]-[DjiProtocol_v1Pack:123) <0x03>V1-Send: 0x0503->0x0801 0x0001 [0m
[37m[18.845][linker]-[Debug]-[DjiProtocol_v1Pack:123) <0x04>V1-Send: 0x0503->0x0801 0x0001 [0m
[37m[18.865][linker]-[Debug]-[DjiLinker_DeInit:171) deinit linker success, protocol:2, channelId:0 [0m
[37m[18.873][linker]-[Debug]-[DjiLinker_Init:129) init linker success, protocol:2, channelId:0 [0m
[37m[18.873][linker]-[Debug]-[DjiProtocol_v1Pack:123) <0000>V1-Send: 0x0503->0x0801 0x0001 [0m
[37m[18.893][linker]-[Debug]-[DjiProtocol_v1Pack:123) <0x01>V1-Send: 0x0503->0x0801 0x0001 [0m
[37m[18.913][linker]-[Debug]-[DjiProtocol_v1Pack:123) <0x02>V1-Send: 0x0503->0x0801 0x0001 [0m
[37m[18.933][linker]-[Debug]-[DjiProtocol_v1Pack:123) <0x03>V1-Send: 0x0503->0x0801 0x0001 [0m
[37m[18.953][linker]-[Debug]-[DjiProtocol_v1Pack:123) <0x04>V1-Send: 0x0503->0x0801 0x0001 [0m
[37m[18.974][linker]-[Debug]-[DjiLinker_DeInit:171) deinit linker success, protocol:2, channelId:0 [0m
[37m[18.974][adapter]-[Debug]-[DjiAccessAdapter_IdentifyUart0InfoAndAircraftSeries:907) Try (p, s, r, c) = (2, 0x0503, 0x0701, 0x0001) [0m
[37m[18.981][linker]-[Debug]-[DjiLinker_Init:129) init linker success, protocol:2, channelId:0 [0m
[37m[18.981][linker]-[Debug]-[DjiProtocol_v1Pack:123) <0000>V1-Send: 0x0503->0x0701 0x0001 [0m
[37m[19.002][linker]-[Debug]-[DjiProtocol_v1Pack:123) <0x01>V1-Send: 0x0503->0x0701 0x0001 [0m
[37m[19.022][linker]-[Debug]-[DjiProtocol_v1Pack:123) <0x02>V1-Send: 0x0503->0x0701 0x0001 [0m
[37m[19.042][linker]-[Debug]-[DjiProtocol_v1Pack:123) <0x03>V1-Send: 0x0503->0x0701 0x0001 [0m
[37m[19.062][linker]-[Debug]-[DjiProtocol_v1Pack:123) <0x04>V1-Send: 0x0503->0x0701 0x0001 [0m
[37m[19.082][linker]-[Debug]-[DjiLinker_DeInit:171) deinit linker success, protocol:2, channelId:0 [0m
[37m[19.089][linker]-[Debug]-[DjiLinker_Init:129) init linker success, protocol:2, channelId:0 [0m
[37m[19.090][linker]-[Debug]-[DjiProtocol_v1Pack:123) <0000>V1-Send: 0x0503->0x0701 0x0001 [0m
[37m[19.110][linker]-[Debug]-[DjiProtocol_v1Pack:123) <0x01>V1-Send: 0x0503->0x0701 0x0001 [0m
[37m[19.130][linker]-[Debug]-[DjiProtocol_v1Pack:123) <0x02>V1-Send: 0x0503->0x0701 0x0001 [0m
[37m[19.150][linker]-[Debug]-[DjiProtocol_v1Pack:123) <0x03>V1-Send: 0x0503->0x0701 0x0001 [0m
[37m[19.170][linker]-[Debug]-[DjiProtocol_v1Pack:123) <0x04>V1-Send: 0x0503->0x0701 0x0001 [0m
[37m[19.191][linker]-[Debug]-[DjiLinker_DeInit:171) deinit linker success, protocol:2, channelId:0 [0m
[37m[19.198][linker]-[Debug]-[DjiLinker_Init:129) init linker success, protocol:2, channelId:0 [0m
[37m[19.198][linker]-[Debug]-[DjiProtocol_v1Pack:123) <0000>V1-Send: 0x0503->0x0701 0x0001 [0m
[37m[19.202][linker]-[Debug]-[DjiProtocol_v1Unpack:170) protocol frame length error [0m
[37m[19.207][linker]-[Debug]-[DjiProtocol_v1Unpack:170) protocol frame length error [0m
[37m[19.218][linker]-[Debug]-[DjiProtocol_v1Pack:123) <0x01>V1-Send: 0x0503->0x0701 0x0001 [0m
[37m[19.219][linker]-[Debug]-[DjiProtocol_v1Unpack:170) protocol frame length error [0m
[37m[19.222][linker]-[Debug]-[DjiProtocol_v1Unpack:170) protocol frame length error [0m
[37m[19.223][linker]-[Debug]-[DjiProtocol_v1Unpack:170) protocol frame length error [0m
[37m[19.238][linker]-[Debug]-[DjiProtocol_v1Unpack:170) protocol frame length error [0m
[37m[19.238][linker]-[Debug]-[DjiProtocol_v1Pack:123) <0x02>V1-Send: 0x0503->0x0701 0x0001 [0m
[37m[19.242][linker]-[Debug]-[DjiProtocol_v1Unpack:170) protocol frame length error [0m
[37m[19.243][linker]-[Debug]-[DjiProtocol_v1Unpack:170) protocol frame length error [0m
[37m[19.258][linker]-[Debug]-[DjiProtocol_v1Pack:123) <0x03>V1-Send: 0x0503->0x0701 0x0001 [0m
[37m[19.276][linker]-[Debug]-[DjiProtocol_v1Unpack:170) protocol frame length error [0m
[37m[19.278][linker]-[Debug]-[DjiProtocol_v1Pack:123) <0x04>V1-Send: 0x0503->0x0701 0x0001 [0m
[37m[19.286][linker]-[Debug]-[DjiProtocol_v1Unpack:170) protocol frame length error [0m
[37m[19.292][linker]-[Debug]-[DjiProtocol_v1Unpack:170) protocol frame length error [0m
[37m[19.299][linker]-[Debug]-[DjiLinker_DeInit:171) deinit linker success, protocol:2, channelId:0 [0m
[37m[19.307][linker]-[Debug]-[DjiLinker_Init:129) init linker success, protocol:2, channelId:0 [0m
[37m[19.307][linker]-[Debug]-[DjiProtocol_v1Pack:123) <0000>V1-Send: 0x0503->0x0701 0x0001 [0m
[37m[19.327][linker]-[Debug]-[DjiProtocol_v1Pack:123) <0x01>V1-Send: 0x0503->0x0701 0x0001 [0m
[37m[19.347][linker]-[Debug]-[DjiProtocol_v1Pack:123) <0x02>V1-Send: 0x0503->0x0701 0x0001 [0m
[37m[19.367][linker]-[Debug]-[DjiProtocol_v1Pack:123) <0x03>V1-Send: 0x0503->0x0701 0x0001 [0m
[37m[19.387][linker]-[Debug]-[DjiProtocol_v1Pack:123) <0x04>V1-Send: 0x0503->0x0701 0x0001 [0m
[37m[19.408][linker]-[Debug]-[DjiLinker_DeInit:171) deinit linker success, protocol:2, channelId:0 [0m
[37m[19.415][linker]-[Debug]-[DjiLinker_Init:129) init linker success, protocol:2, channelId:0 [0m
[37m[19.415][linker]-[Debug]-[DjiProtocol_v1Pack:123) <0000>V1-Send: 0x0503->0x0701 0x0001 [0m
[37m[19.435][linker]-[Debug]-[DjiProtocol_v1Pack:123) <0x01>V1-Send: 0x0503->0x0701 0x0001 [0m
[37m[19.455][linker]-[Debug]-[DjiProtocol_v1Pack:123) <0x02>V1-Send: 0x0503->0x0701 0x0001 [0m
[37m[19.476][linker]-[Debug]-[DjiProtocol_v1Pack:123) <0x03>V1-Send: 0x0503->0x0701 0x0001 [0m
[37m[19.496][linker]-[Debug]-[DjiProtocol_v1Pack:123) <0x04>V1-Send: 0x0503->0x0701 0x0001 [0m
[37m[19.516][linker]-[Debug]-[DjiLinker_DeInit:171) deinit linker success, protocol:2, channelId:0 [0m
[37m[19.516][adapter]-[Debug]-[DjiAccessAdapter_IdentifyUart0InfoAndAircraftSeries:974) Try (p, s, r, c) = (2, 0x0a07, 0x0300, 0x03fd) [0m
[37m[19.523][linker]-[Debug]-[DjiLinker_Init:129) init linker success, protocol:2, channelId:0 [0m
[37m[19.523][linker]-[Debug]-[DjiProtocol_v1Pack:123) <0000>V1-Send: 0x0A07->0x0300 0x03FD [0m
[37m[19.543][linker]-[Debug]-[DjiProtocol_v1Pack:123) <0x01>V1-Send: 0x0A07->0x0300 0x03FD [0m
[37m[19.564][linker]-[Debug]-[DjiProtocol_v1Pack:123) <0x02>V1-Send: 0x0A07->0x0300 0x03FD [0m
[37m[19.566][utils]-[Debug]-[DjiCore_RootTask:131) work execution time: [0m
[37m[19.566][utils]-[Debug]-[DjiCore_RootTask:132) name	                execution time (ms)	  max execution time (ms) [0m
[37m[19.566][utils]-[Debug]-[DjiCore_RootTask:134) recorderWork                    	0       	1        [0m
[37m[19.566][utils]-[Debug]-[DjiCore_RootTask:134) flowControllerTask              	0       	1        [0m
[37m[19.584][linker]-[Debug]-[DjiProtocol_v1Pack:123) <0x03>V1-Send: 0x0A07->0x0300 0x03FD [0m
[37m[19.604][linker]-[Debug]-[DjiProtocol_v1Pack:123) <0x04>V1-Send: 0x0A07->0x0300 0x03FD [0m
[37m[19.624][linker]-[Debug]-[DjiLinker_DeInit:171) deinit linker success, protocol:2, channelId:0 [0m
[37m[19.632][linker]-[Debug]-[DjiLinker_Init:129) init linker success, protocol:2, channelId:0 [0m
[37m[19.632][linker]-[Debug]-[DjiProtocol_v1Pack:123) <0000>V1-Send: 0x0A07->0x0300 0x03FD [0m
[37m[19.652][linker]-[Debug]-[DjiProtocol_v1Pack:123) <0x01>V1-Send: 0x0A07->0x0300 0x03FD [0m
[37m[19.672][linker]-[Debug]-[DjiProtocol_v1Pack:123) <0x02>V1-Send: 0x0A07->0x0300 0x03FD [0m
[37m[19.692][linker]-[Debug]-[DjiProtocol_v1Pack:123) <0x03>V1-Send: 0x0A07->0x0300 0x03FD [0m
[37m[19.712][linker]-[Debug]-[DjiProtocol_v1Pack:123) <0x04>V1-Send: 0x0A07->0x0300 0x03FD [0m
[37m[19.733][linker]-[Debug]-[DjiLinker_DeInit:171) deinit linker success, protocol:2, channelId:0 [0m
[37m[19.740][linker]-[Debug]-[DjiProtocol_v1Unpack:170) protocol frame length error [0m
[37m[19.740][linker]-[Debug]-[DjiLinker_Init:129) init linker success, protocol:2, channelId:0 [0m
[37m[19.740][linker]-[Debug]-[DjiProtocol_v1Pack:123) <0000>V1-Send: 0x0A07->0x0300 0x03FD [0m
[37m[19.760][linker]-[Debug]-[DjiProtocol_v1Pack:123) <0x01>V1-Send: 0x0A07->0x0300 0x03FD [0m
[37m[19.766][linker]-[Debug]-[DjiProtocol_v1Unpack:170) protocol frame length error [0m
[37m[19.769][linker]-[Debug]-[DjiProtocol_v1Unpack:170) protocol frame length error [0m
[37m[19.777][linker]-[Debug]-[DjiProtocol_v1Unpack:170) protocol frame length error [0m
[37m[19.778][linker]-[Debug]-[DjiProtocol_v1Unpack:170) protocol frame length error [0m
[37m[19.780][linker]-[Debug]-[DjiProtocol_v1Pack:123) <0x02>V1-Send: 0x0A07->0x0300 0x03FD [0m
[37m[19.781][linker]-[Debug]-[DjiProtocol_v1Unpack:170) protocol frame length error [0m
[37m[19.787][linker]-[Debug]-[DjiProtocol_v1Unpack:170) protocol frame length error [0m
[37m[19.789][linker]-[Debug]-[DjiProtocol_v1Unpack:170) protocol frame length error [0m
[37m[19.792][linker]-[Debug]-[DjiProtocol_v1Unpack:170) protocol frame length error [0m
[37m[19.792][linker]-[Debug]-[DjiProtocol_v1Unpack:170) protocol frame length error [0m
[37m[19.799][linker]-[Debug]-[DjiProtocol_v1Unpack:170) protocol frame length error [0m
[37m[19.801][linker]-[Debug]-[DjiProtocol_v1Pack:123) <0x03>V1-Send: 0x0A07->0x0300 0x03FD [0m
[33m[19.807][linker]-[Warn]-[DjiProtocol_v1Unpack:178) protocol frame crc8 error [0m
[37m[19.809][linker]-[Debug]-[DjiProtocol_v1Unpack:170) protocol frame length error [0m
[37m[19.813][linker]-[Debug]-[DjiProtocol_v1Unpack:170) protocol frame length error [0m
[33m[19.814][linker]-[Warn]-[DjiProtocol_v1Unpack:178) protocol frame crc8 error [0m
[37m[19.816][linker]-[Debug]-[DjiProtocol_v1Unpack:170) protocol frame length error [0m
[37m[19.818][linker]-[Debug]-[DjiProtocol_v1Unpack:170) protocol frame length error [0m
[37m[19.821][linker]-[Debug]-[DjiProtocol_v1Pack:123) <0x04>V1-Send: 0x0A07->0x0300 0x03FD [0m
[33m[19.831][linker]-[Warn]-[DjiProtocol_v1Unpack:178) protocol frame crc8 error [0m
[37m[19.842][linker]-[Debug]-[DjiLinker_DeInit:171) deinit linker success, protocol:2, channelId:0 [0m
[37m[19.853][linker]-[Debug]-[DjiLinker_Init:129) init linker success, protocol:2, channelId:0 [0m
[37m[19.853][linker]-[Debug]-[DjiProtocol_v1Pack:123) <0000>V1-Send: 0x0A07->0x0300 0x03FD [0m
[37m[19.873][linker]-[Debug]-[DjiProtocol_v1Pack:123) <0x01>V1-Send: 0x0A07->0x0300 0x03FD [0m
[37m[19.894][linker]-[Debug]-[DjiProtocol_v1Pack:123) <0x02>V1-Send: 0x0A07->0x0300 0x03FD [0m
[37m[19.914][linker]-[Debug]-[DjiProtocol_v1Pack:123) <0x03>V1-Send: 0x0A07->0x0300 0x03FD [0m
[37m[19.934][linker]-[Debug]-[DjiProtocol_v1Pack:123) <0x04>V1-Send: 0x0A07->0x0300 0x03FD [0m
[37m[19.957][linker]-[Debug]-[DjiLinker_DeInit:171) deinit linker success, protocol:2, channelId:0 [0m
[37m[19.974][linker]-[Debug]-[DjiLinker_Init:129) init linker success, protocol:2, channelId:0 [0m
[37m[19.974][linker]-[Debug]-[DjiProtocol_v1Pack:123) <0000>V1-Send: 0x0A07->0x0300 0x03FD [0m
[37m[19.994][linker]-[Debug]-[DjiProtocol_v1Pack:123) <0x01>V1-Send: 0x0A07->0x0300 0x03FD [0m
[37m[20.014][linker]-[Debug]-[DjiProtocol_v1Pack:123) <0x02>V1-Send: 0x0A07->0x0300 0x03FD [0m
[37m[20.034][linker]-[Debug]-[DjiProtocol_v1Pack:123) <0x03>V1-Send: 0x0A07->0x0300 0x03FD [0m
[37m[20.054][linker]-[Debug]-[DjiProtocol_v1Pack:123) <0x04>V1-Send: 0x0A07->0x0300 0x03FD [0m
[37m[20.075][linker]-[Debug]-[DjiLinker_DeInit:171) deinit linker success, protocol:2, channelId:0 [0m
[37m[20.075][adapter]-[Debug]-[DjiAccessAdapter_IdentifyUart0InfoAndAircraftSeries:1046) Try (p, s, r, c) = (1, 0x0a00, 0x0300, 0x0000) [0m
[37m[20.082][linker]-[Debug]-[DjiLinker_Init:129) init linker success, protocol:1, channelId:0 [0m
[37m[20.082][linker]-[Debug]-[DjiProtocol_sdkPack:183) SDK-Send: 0x0A->0x03 0x0000 [0m
[37m[20.102][linker]-[Debug]-[DjiProtocol_sdkPack:183) SDK-Send: 0x0A->0x03 0x0000 [0m
[37m[20.122][linker]-[Debug]-[DjiProtocol_sdkPack:183) SDK-Send: 0x0A->0x03 0x0000 [0m
[37m[20.143][linker]-[Debug]-[DjiProtocol_sdkPack:183) SDK-Send: 0x0A->0x03 0x0000 [0m
[37m[20.163][linker]-[Debug]-[DjiProtocol_sdkPack:183) SDK-Send: 0x0A->0x03 0x0000 [0m
[37m[20.183][linker]-[Debug]-[DjiLinker_DeInit:171) deinit linker success, protocol:1, channelId:0 [0m
[37m[20.190][linker]-[Debug]-[DjiLinker_Init:129) init linker success, protocol:1, channelId:0 [0m
[37m[20.190][linker]-[Debug]-[DjiProtocol_sdkPack:183) SDK-Send: 0x0A->0x03 0x0000 [0m
[37m[20.210][linker]-[Debug]-[DjiProtocol_sdkPack:183) SDK-Send: 0x0A->0x03 0x0000 [0m
[37m[20.212][linker]-[Debug]-[DjiProtocol_sdkUnpack:219) protocol frame length error [0m
[37m[20.215][linker]-[Debug]-[DjiProtocol_sdkUnpack:219) protocol frame length error [0m
[37m[20.230][linker]-[Debug]-[DjiProtocol_sdkPack:183) SDK-Send: 0x0A->0x03 0x0000 [0m
[37m[20.239][linker]-[Debug]-[DjiProtocol_sdkUnpack:219) protocol frame length error [0m
[37m[20.243][linker]-[Debug]-[DjiProtocol_sdkUnpack:219) protocol frame length error [0m
[37m[20.244][linker]-[Debug]-[DjiProtocol_sdkUnpack:219) protocol frame length error [0m
[37m[20.247][linker]-[Debug]-[DjiProtocol_sdkUnpack:219) protocol frame length error [0m
[37m[20.250][linker]-[Debug]-[DjiProtocol_sdkPack:183) SDK-Send: 0x0A->0x03 0x0000 [0m
[37m[20.270][linker]-[Debug]-[DjiProtocol_sdkUnpack:219) protocol frame length error [0m
[37m[20.271][linker]-[Debug]-[DjiProtocol_sdkPack:183) SDK-Send: 0x0A->0x03 0x0000 [0m
[37m[20.271][linker]-[Debug]-[DjiProtocol_sdkUnpack:219) protocol frame length error [0m
[37m[20.291][linker]-[Debug]-[DjiLinker_DeInit:171) deinit linker success, protocol:1, channelId:0 [0m
[37m[20.298][linker]-[Debug]-[DjiProtocol_sdkUnpack:276) SDK-Recv: 0x03->0x0A 0x0205 [0m
[37m[20.298][linker]-[Debug]-[DjiLinker_Init:129) init linker success, protocol:1, channelId:0 [0m
[37m[20.298][linker]-[Debug]-[DjiProtocol_sdkPack:183) SDK-Send: 0x0A->0x03 0x0000 [0m
[37m[20.299][linker]-[Debug]-[DjiProtocol_sdkUnpack:276) SDK-Recv: 0x03->0x0A 0x0205 [0m
[37m[20.301][linker]-[Debug]-[DjiProtocol_sdkUnpack:276) SDK-Recv: 0x03->0x0A 0x0205 [0m
[37m[20.304][linker]-[Debug]-[DjiProtocol_sdkUnpack:276) SDK-Recv: 0x03->0x0A 0x0205 [0m
[37m[20.304][linker]-[Debug]-[DjiProtocol_sdkUnpack:276) SDK-Recv: 0x03->0x0A 0x0205 [0m
[31m[20.307][linker]-[Error]-[DjiProtocol_sdkUnpack:237) protocol frame crc32 error [0m
[37m[20.310][linker]-[Debug]-[DjiProtocol_sdkUnpack:276) SDK-Recv: 0x03->0x0A 0x0205 [0m
[31m[20.312][linker]-[Error]-[DjiProtocol_sdkUnpack:237) protocol frame crc32 error [0m
[37m[20.313][linker]-[Debug]-[DjiProtocol_sdkUnpack:219) protocol frame length error [0m
[37m[20.316][linker]-[Debug]-[DjiProtocol_sdkUnpack:276) SDK-Recv: 0x03->0x0A 0x0205 [0m
[37m[20.317][linker]-[Debug]-[DjiProtocol_sdkUnpack:276) SDK-Recv: 0x03->0x0A 0x0205 [0m
[37m[20.318][linker]-[Debug]-[DjiProtocol_sdkUnpack:276) SDK-Recv: 0x03->0x0A 0x0205 [0m
[37m[20.318][linker]-[Debug]-[DjiProtocol_sdkPack:183) SDK-Send: 0x0A->0x03 0x0000 [0m
[37m[20.322][linker]-[Debug]-[DjiProtocol_sdkUnpack:276) SDK-Recv: 0x03->0x0A 0x0205 [0m
[37m[20.323][linker]-[Debug]-[DjiProtocol_sdkUnpack:276) SDK-Recv: 0x03->0x0A 0x0205 [0m
[37m[20.324][linker]-[Debug]-[DjiProtocol_sdkUnpack:276) SDK-Recv: 0x03->0x0A 0x0205 [0m
[37m[20.327][linker]-[Debug]-[DjiProtocol_sdkUnpack:276) SDK-Recv: 0x03->0x0A 0x0205 [0m
[37m[20.328][linker]-[Debug]-[DjiProtocol_sdkUnpack:276) SDK-Recv: 0x03->0x0A 0x0205 [0m
[37m[20.329][linker]-[Debug]-[DjiProtocol_sdkUnpack:276) SDK-Recv: 0x03->0x0A 0x0205 [0m
[37m[20.332][linker]-[Debug]-[DjiProtocol_sdkUnpack:276) SDK-Recv: 0x03->0x0A 0x0205 [0m
[37m[20.333][linker]-[Debug]-[DjiProtocol_sdkUnpack:276) SDK-Recv: 0x03->0x0A 0x0205 [0m
[37m[20.334][linker]-[Debug]-[DjiProtocol_sdkUnpack:276) SDK-Recv: 0x03->0x0A 0x0205 [0m
[31m[20.335][linker]-[Error]-[DjiProtocol_sdkUnpack:237) protocol frame crc32 error [0m
[37m[20.339][linker]-[Debug]-[DjiProtocol_sdkPack:183) SDK-Send: 0x0A->0x03 0x0000 [0m
[37m[20.339][linker]-[Debug]-[DjiProtocol_sdkUnpack:276) SDK-Recv: 0x03->0x0A 0x0205 [0m
[37m[20.340][linker]-[Debug]-[DjiProtocol_sdkUnpack:276) SDK-Recv: 0x03->0x0A 0x0205 [0m
[37m[20.342][linker]-[Debug]-[DjiProtocol_sdkUnpack:276) SDK-Recv: 0x03->0x0A 0x0205 [0m
[37m[20.343][linker]-[Debug]-[DjiProtocol_sdkUnpack:276) SDK-Recv: 0x03->0x0A 0x0205 [0m
[37m[20.345][linker]-[Debug]-[DjiProtocol_sdkUnpack:276) SDK-Recv: 0x03->0x0A 0x0205 [0m
[37m[20.346][linker]-[Debug]-[DjiProtocol_sdkUnpack:276) SDK-Recv: 0x03->0x0A 0x0205 [0m
[37m[20.348][linker]-[Debug]-[DjiProtocol_sdkUnpack:276) SDK-Recv: 0x03->0x0A 0x0205 [0m
[37m[20.349][linker]-[Debug]-[DjiProtocol_sdkUnpack:276) SDK-Recv: 0x03->0x0A 0x0205 [0m
[37m[20.351][linker]-[Debug]-[DjiProtocol_sdkUnpack:276) SDK-Recv: 0x03->0x0A 0x0205 [0m
[37m[20.353][linker]-[Debug]-[DjiProtocol_sdkUnpack:276) SDK-Recv: 0x03->0x0A 0x0205 [0m
[37m[20.355][linker]-[Debug]-[DjiProtocol_sdkUnpack:276) SDK-Recv: 0x03->0x0A 0x0205 [0m
[37m[20.357][linker]-[Debug]-[DjiProtocol_sdkUnpack:276) SDK-Recv: 0x03->0x0A 0x0205 [0m
[37m[20.357][linker]-[Debug]-[DjiProtocol_sdkUnpack:276) SDK-Recv: 0x03->0x0A 0x0205 [0m
[37m[20.359][linker]-[Debug]-[DjiProtocol_sdkUnpack:276) SDK-Recv: 0x03->0x0A 0x0205 [0m
[37m[20.359][linker]-[Debug]-[DjiProtocol_sdkPack:183) SDK-Send: 0x0A->0x03 0x0000 [0m
[31m[20.363][linker]-[Error]-[DjiProtocol_sdkUnpack:237) protocol frame crc32 error [0m
[31m[20.365][linker]-[Error]-[DjiProtocol_sdkUnpack:237) protocol frame crc32 error [0m
[31m[20.368][linker]-[Error]-[DjiProtocol_sdkUnpack:237) protocol frame crc32 error [0m
[37m[20.372][linker]-[Debug]-[DjiProtocol_sdkUnpack:276) SDK-Recv: 0x03->0x0A 0x0205 [0m
[37m[20.373][linker]-[Debug]-[DjiProtocol_sdkUnpack:276) SDK-Recv: 0x03->0x0A 0x0205 [0m
[37m[20.374][linker]-[Debug]-[DjiProtocol_sdkUnpack:276) SDK-Recv: 0x03->0x0A 0x0205 [0m
[37m[20.376][linker]-[Debug]-[DjiProtocol_sdkUnpack:276) SDK-Recv: 0x03->0x0A 0x0205 [0m
[37m[20.377][linker]-[Debug]-[DjiProtocol_sdkUnpack:276) SDK-Recv: 0x03->0x0A 0x0205 [0m
[37m[20.379][linker]-[Debug]-[DjiProtocol_sdkUnpack:276) SDK-Recv: 0x03->0x0A 0x0205 [0m
[37m[20.379][linker]-[Debug]-[DjiProtocol_sdkPack:183) SDK-Send: 0x0A->0x03 0x0000 [0m
[37m[20.383][linker]-[Debug]-[DjiProtocol_sdkUnpack:276) SDK-Recv: 0x03->0x0A 0x0205 [0m
[37m[20.383][linker]-[Debug]-[DjiProtocol_sdkUnpack:276) SDK-Recv: 0x03->0x0A 0x0205 [0m
[37m[20.383][linker]-[Debug]-[DjiProtocol_sdkUnpack:276) SDK-Recv: 0x03->0x0A 0x0205 [0m
[37m[20.384][linker]-[Debug]-[DjiProtocol_sdkUnpack:276) SDK-Recv: 0x03->0x0A 0x0205 [0m
[37m[20.388][linker]-[Debug]-[DjiProtocol_sdkUnpack:276) SDK-Recv: 0x03->0x0A 0x0205 [0m
[37m[20.389][linker]-[Debug]-[DjiProtocol_sdkUnpack:276) SDK-Recv: 0x03->0x0A 0x0205 [0m
[37m[20.390][linker]-[Debug]-[DjiProtocol_sdkUnpack:276) SDK-Recv: 0x03->0x0A 0x0205 [0m
[37m[20.393][linker]-[Debug]-[DjiProtocol_sdkUnpack:276) SDK-Recv: 0x03->0x0A 0x0205 [0m
[37m[20.393][linker]-[Debug]-[DjiProtocol_sdkUnpack:276) SDK-Recv: 0x03->0x0A 0x0205 [0m
[37m[20.394][linker]-[Debug]-[DjiProtocol_sdkUnpack:276) SDK-Recv: 0x03->0x0A 0x0205 [0m
[37m[20.397][linker]-[Debug]-[DjiProtocol_sdkUnpack:276) SDK-Recv: 0x03->0x0A 0x0205 [0m
[37m[20.399][linker]-[Debug]-[DjiProtocol_sdkUnpack:276) SDK-Recv: 0x03->0x0A 0x0205 [0m
[37m[20.399][linker]-[Debug]-[DjiProtocol_sdkUnpack:276) SDK-Recv: 0x03->0x0A 0x0205 [0m
[37m[20.400][linker]-[Debug]-[DjiLinker_DeInit:171) deinit linker success, protocol:1, channelId:0 [0m
[37m[20.409][linker]-[Debug]-[DjiProtocol_sdkUnpack:219) protocol frame length error [0m
[37m[20.409][linker]-[Debug]-[DjiLinker_Init:129) init linker success, protocol:1, channelId:0 [0m
[37m[20.409][linker]-[Debug]-[DjiProtocol_sdkPack:183) SDK-Send: 0x0A->0x03 0x0000 [0m
[37m[20.429][linker]-[Debug]-[DjiProtocol_sdkPack:183) SDK-Send: 0x0A->0x03 0x0000 [0m
[37m[20.450][linker]-[Debug]-[DjiProtocol_sdkPack:183) SDK-Send: 0x0A->0x03 0x0000 [0m
[37m[20.470][linker]-[Debug]-[DjiProtocol_sdkPack:183) SDK-Send: 0x0A->0x03 0x0000 [0m
[37m[20.490][linker]-[Debug]-[DjiProtocol_sdkPack:183) SDK-Send: 0x0A->0x03 0x0000 [0m
[37m[20.511][linker]-[Debug]-[DjiLinker_DeInit:171) deinit linker success, protocol:1, channelId:0 [0m
[37m[20.518][linker]-[Debug]-[DjiLinker_Init:129) init linker success, protocol:1, channelId:0 [0m
[37m[20.518][linker]-[Debug]-[DjiProtocol_sdkPack:183) SDK-Send: 0x0A->0x03 0x0000 [0m
[37m[20.538][linker]-[Debug]-[DjiProtocol_sdkPack:183) SDK-Send: 0x0A->0x03 0x0000 [0m
[37m[20.558][linker]-[Debug]-[DjiProtocol_sdkPack:183) SDK-Send: 0x0A->0x03 0x0000 [0m
[37m[20.578][linker]-[Debug]-[DjiProtocol_sdkPack:183) SDK-Send: 0x0A->0x03 0x0000 [0m
[37m[20.599][linker]-[Debug]-[DjiProtocol_sdkPack:183) SDK-Send: 0x0A->0x03 0x0000 [0m
[37m[20.619][linker]-[Debug]-[DjiLinker_DeInit:171) deinit linker success, protocol:1, channelId:0 [0m
[32m[20.619][adapter]-[Info]-[DjiAccessAdapter_Init:279) Try identify UART0 connection failed. Probably because SDK adapter or aircraft not finish init or UART connect error. [0m
[37m[20.660][utils]-[Debug]-[DjiCore_RootTask:131) work execution time: [0m
[37m[20.660][utils]-[Debug]-[DjiCore_RootTask:132) name	                execution time (ms)	  max execution time (ms) [0m
[37m[20.660][utils]-[Debug]-[DjiCore_RootTask:134) recorderWork                    	1       	1        [0m
[37m[20.660][utils]-[Debug]-[DjiCore_RootTask:134) flowControllerTask              	0       	1        [0m
[37m[20.669][adapter]-[Debug]-[DjiAccessAdapter_CheckUserUartBaudRateAndAircraftSeries:1546) Try (p, s, r, c) = (2, 0x0a06, 0x0300, 0x03fd) [0m
[37m[20.685][linker]-[Debug]-[DjiLinker_Init:129) init linker success, protocol:2, channelId:0 [0m
[37m[20.685][linker]-[Debug]-[DjiProtocol_v1Pack:123) <0000>V1-Send: 0x0A06->0x0300 0x03FD [0m
[37m[20.686][linker]-[Debug]-[DjiProtocol_v1Unpack:170) protocol frame length error [0m
[37m[20.695][linker]-[Debug]-[DjiProtocol_v1Unpack:170) protocol frame length error [0m
[37m[20.706][linker]-[Debug]-[DjiProtocol_v1Pack:123) <0x01>V1-Send: 0x0A06->0x0300 0x03FD [0m
[37m[20.710][linker]-[Debug]-[DjiProtocol_v1Unpack:170) protocol frame length error [0m
[37m[20.726][linker]-[Debug]-[DjiProtocol_v1Pack:123) <0x02>V1-Send: 0x0A06->0x0300 0x03FD [0m
[37m[20.740][linker]-[Debug]-[DjiProtocol_v1Unpack:170) protocol frame length error [0m
[37m[20.743][linker]-[Debug]-[DjiProtocol_v1Unpack:170) protocol frame length error [0m
[37m[20.743][linker]-[Debug]-[DjiProtocol_v1Unpack:170) protocol frame length error [0m
[37m[20.746][linker]-[Debug]-[DjiProtocol_v1Pack:123) <0x03>V1-Send: 0x0A06->0x0300 0x03FD [0m
[37m[20.747][linker]-[Debug]-[DjiProtocol_v1Unpack:170) protocol frame length error [0m
[37m[20.752][linker]-[Debug]-[DjiProtocol_v1Unpack:170) protocol frame length error [0m
[37m[20.755][linker]-[Debug]-[DjiProtocol_v1Unpack:170) protocol frame length error [0m
[37m[20.756][linker]-[Debug]-[DjiProtocol_v1Unpack:170) protocol frame length error [0m
[37m[20.766][linker]-[Debug]-[DjiProtocol_v1Pack:123) <0x04>V1-Send: 0x0A06->0x0300 0x03FD [0m
[37m[20.774][linker]-[Debug]-[DjiProtocol_v1Unpack:170) protocol frame length error [0m
[37m[20.782][linker]-[Debug]-[DjiProtocol_v1Unpack:170) protocol frame length error [0m
[37m[20.787][linker]-[Debug]-[DjiLinker_DeInit:171) deinit linker success, protocol:2, channelId:0 [0m
[37m[20.787][adapter]-[Debug]-[DjiAccessAdapter_IdentifyUart0InfoAndAircraftSeries:713) Try (p, s, r, c) = (2, 0x0507, 0x0503, 0x03fd) [0m
[37m[20.794][linker]-[Debug]-[DjiLinker_Init:129) init linker success, protocol:2, channelId:0 [0m
[37m[20.794][linker]-[Debug]-[DjiProtocol_v1Pack:123) <0000>V1-Send: 0x0507->0x0503 0x03FD [0m
[37m[20.814][linker]-[Debug]-[DjiProtocol_v1Pack:123) <0x01>V1-Send: 0x0507->0x0503 0x03FD [0m
[37m[20.834][linker]-[Debug]-[DjiProtocol_v1Pack:123) <0x02>V1-Send: 0x0507->0x0503 0x03FD [0m
[37m[20.854][linker]-[Debug]-[DjiProtocol_v1Pack:123) <0x03>V1-Send: 0x0507->0x0503 0x03FD [0m
[37m[20.875][linker]-[Debug]-[DjiProtocol_v1Pack:123) <0x04>V1-Send: 0x0507->0x0503 0x03FD [0m
[37m[20.895][linker]-[Debug]-[DjiLinker_DeInit:171) deinit linker success, protocol:2, channelId:0 [0m
[37m[20.902][linker]-[Debug]-[DjiLinker_Init:129) init linker success, protocol:2, channelId:0 [0m
[37m[20.902][linker]-[Debug]-[DjiProtocol_v1Pack:123) <0000>V1-Send: 0x0507->0x0503 0x03FD [0m
[37m[20.922][linker]-[Debug]-[DjiProtocol_v1Pack:123) <0x01>V1-Send: 0x0507->0x0503 0x03FD [0m
[37m[20.942][linker]-[Debug]-[DjiProtocol_v1Pack:123) <0x02>V1-Send: 0x0507->0x0503 0x03FD [0m
[37m[20.963][linker]-[Debug]-[DjiProtocol_v1Pack:123) <0x03>V1-Send: 0x0507->0x0503 0x03FD [0m
[37m[20.983][linker]-[Debug]-[DjiProtocol_v1Pack:123) <0x04>V1-Send: 0x0507->0x0503 0x03FD [0m
[37m[21.004][linker]-[Debug]-[DjiLinker_DeInit:171) deinit linker success, protocol:2, channelId:0 [0m
[37m[21.013][linker]-[Debug]-[DjiLinker_Init:129) init linker success, protocol:2, channelId:0 [0m
[37m[21.013][linker]-[Debug]-[DjiProtocol_v1Pack:123) <0000>V1-Send: 0x0507->0x0503 0x03FD [0m
[37m[21.019][linker]-[Debug]-[DjiProtocol_v1Unpack:170) protocol frame length error [0m
[37m[21.033][linker]-[Debug]-[DjiProtocol_v1Pack:123) <0x01>V1-Send: 0x0507->0x0503 0x03FD [0m
[37m[21.034][linker]-[Debug]-[DjiProtocol_v1Unpack:170) protocol frame length error [0m
[37m[21.036][linker]-[Debug]-[DjiProtocol_v1Unpack:170) protocol frame length error [0m
[37m[21.037][linker]-[Debug]-[DjiProtocol_v1Unpack:170) protocol frame length error [0m
[37m[21.040][linker]-[Debug]-[DjiProtocol_v1Unpack:170) protocol frame length error [0m
[37m[21.042][linker]-[Debug]-[DjiProtocol_v1Unpack:170) protocol frame length error [0m
[37m[21.043][linker]-[Debug]-[DjiProtocol_v1Unpack:170) protocol frame length error [0m
[37m[21.043][linker]-[Debug]-[DjiProtocol_v1Unpack:170) protocol frame length error [0m
[37m[21.045][linker]-[Debug]-[DjiProtocol_v1Unpack:170) protocol frame length error [0m
[37m[21.047][linker]-[Debug]-[DjiProtocol_v1Unpack:170) protocol frame length error [0m
[37m[21.048][linker]-[Debug]-[DjiProtocol_v1Unpack:170) protocol frame length error [0m
[37m[21.048][linker]-[Debug]-[DjiProtocol_v1Unpack:170) protocol frame length error [0m
[37m[21.051][linker]-[Debug]-[DjiProtocol_v1Unpack:170) protocol frame length error [0m
[37m[21.053][linker]-[Debug]-[DjiProtocol_v1Unpack:170) protocol frame length error [0m
[37m[21.054][linker]-[Debug]-[DjiProtocol_v1Pack:123) <0x02>V1-Send: 0x0507->0x0503 0x03FD [0m
[37m[21.054][linker]-[Debug]-[DjiProtocol_v1Unpack:170) protocol frame length error [0m
[37m[21.054][linker]-[Debug]-[DjiProtocol_v1Unpack:170) protocol frame length error [0m
[37m[21.057][linker]-[Debug]-[DjiProtocol_v1Unpack:170) protocol frame length error [0m
[37m[21.058][linker]-[Debug]-[DjiProtocol_v1Unpack:170) protocol frame length error [0m
[37m[21.060][linker]-[Debug]-[DjiProtocol_v1Unpack:170) protocol frame length error [0m
[37m[21.063][linker]-[Debug]-[DjiProtocol_v1Unpack:170) protocol frame length error [0m
[37m[21.064][linker]-[Debug]-[DjiProtocol_v1Unpack:170) protocol frame length error [0m
[37m[21.065][linker]-[Debug]-[DjiProtocol_v1Unpack:170) protocol frame length error [0m
[37m[21.068][linker]-[Debug]-[DjiProtocol_v1Unpack:170) protocol frame length error [0m
[37m[21.069][linker]-[Debug]-[DjiProtocol_v1Unpack:170) protocol frame length error [0m
[37m[21.070][linker]-[Debug]-[DjiProtocol_v1Unpack:170) protocol frame length error [0m
[37m[21.073][linker]-[Debug]-[DjiProtocol_v1Unpack:170) protocol frame length error [0m
[37m[21.074][linker]-[Debug]-[DjiProtocol_v1Pack:123) <0x03>V1-Send: 0x0507->0x0503 0x03FD [0m
[37m[21.074][linker]-[Debug]-[DjiProtocol_v1Unpack:170) protocol frame length error [0m
[37m[21.077][linker]-[Debug]-[DjiProtocol_v1Unpack:170) protocol frame length error [0m
[37m[21.078][linker]-[Debug]-[DjiProtocol_v1Unpack:170) protocol frame length error [0m
[37m[21.078][linker]-[Debug]-[DjiProtocol_v1Unpack:170) protocol frame length error [0m
[37m[21.082][linker]-[Debug]-[DjiProtocol_v1Unpack:170) protocol frame length error [0m
[37m[21.083][linker]-[Debug]-[DjiProtocol_v1Unpack:170) protocol frame length error [0m
[37m[21.084][linker]-[Debug]-[DjiProtocol_v1Unpack:170) protocol frame length error [0m
[37m[21.087][linker]-[Debug]-[DjiProtocol_v1Unpack:170) protocol frame length error [0m
[37m[21.088][linker]-[Debug]-[DjiProtocol_v1Unpack:170) protocol frame length error [0m
[37m[21.090][linker]-[Debug]-[DjiProtocol_v1Unpack:170) protocol frame length error [0m
[37m[21.093][linker]-[Debug]-[DjiProtocol_v1Unpack:170) protocol frame length error [0m
[37m[21.093][linker]-[Debug]-[DjiProtocol_v1Unpack:170) protocol frame length error [0m
[37m[21.094][linker]-[Debug]-[DjiProtocol_v1Pack:123) <0x04>V1-Send: 0x0507->0x0503 0x03FD [0m
[37m[21.095][linker]-[Debug]-[DjiProtocol_v1Unpack:170) protocol frame length error [0m
[37m[21.096][linker]-[Debug]-[DjiProtocol_v1Unpack:170) protocol frame length error [0m
[37m[21.098][linker]-[Debug]-[DjiProtocol_v1Unpack:170) protocol frame length error [0m
[37m[21.105][linker]-[Debug]-[DjiProtocol_v1Unpack:170) protocol frame length error [0m
[37m[21.114][linker]-[Debug]-[DjiLinker_DeInit:171) deinit linker success, protocol:2, channelId:0 [0m
[37m[21.124][linker]-[Debug]-[DjiLinker_Init:129) init linker success, protocol:2, channelId:0 [0m
[37m[21.124][linker]-[Debug]-[DjiProtocol_v1Pack:123) <0000>V1-Send: 0x0507->0x0503 0x03FD [0m
[37m[21.144][linker]-[Debug]-[DjiProtocol_v1Pack:123) <0x01>V1-Send: 0x0507->0x0503 0x03FD [0m
[37m[21.164][linker]-[Debug]-[DjiProtocol_v1Pack:123) <0x02>V1-Send: 0x0507->0x0503 0x03FD [0m
[37m[21.184][linker]-[Debug]-[DjiProtocol_v1Pack:123) <0x03>V1-Send: 0x0507->0x0503 0x03FD [0m
[37m[21.205][linker]-[Debug]-[DjiProtocol_v1Pack:123) <0x04>V1-Send: 0x0507->0x0503 0x03FD [0m
[37m[21.225][linker]-[Debug]-[DjiLinker_DeInit:171) deinit linker success, protocol:2, channelId:0 [0m
[37m[21.235][linker]-[Debug]-[DjiLinker_Init:129) init linker success, protocol:2, channelId:0 [0m
[37m[21.235][linker]-[Debug]-[DjiProtocol_v1Pack:123) <0000>V1-Send: 0x0507->0x0503 0x03FD [0m
[37m[21.255][linker]-[Debug]-[DjiProtocol_v1Pack:123) <0x01>V1-Send: 0x0507->0x0503 0x03FD [0m
[37m[21.275][linker]-[Debug]-[DjiProtocol_v1Pack:123) <0x02>V1-Send: 0x0507->0x0503 0x03FD [0m
[37m[21.295][linker]-[Debug]-[DjiProtocol_v1Pack:123) <0x03>V1-Send: 0x0507->0x0503 0x03FD [0m
[37m[21.315][linker]-[Debug]-[DjiProtocol_v1Pack:123) <0x04>V1-Send: 0x0507->0x0503 0x03FD [0m
[37m[21.336][linker]-[Debug]-[DjiLinker_DeInit:171) deinit linker success, protocol:2, channelId:0 [0m
[37m[21.336][adapter]-[Debug]-[DjiAccessAdapter_IdentifyUart0InfoAndAircraftSeries:776) Try (p, s, r, c) = (2, 0x0a06, 0x0300, 0x03fd) [0m
[37m[21.346][linker]-[Debug]-[DjiLinker_Init:129) init linker success, protocol:2, channelId:0 [0m
[37m[21.346][linker]-[Debug]-[DjiProtocol_v1Pack:123) <0000>V1-Send: 0x0A06->0x0300 0x03FD [0m
[37m[21.366][linker]-[Debug]-[DjiProtocol_v1Pack:123) <0x01>V1-Send: 0x0A06->0x0300 0x03FD [0m
[37m[21.386][linker]-[Debug]-[DjiProtocol_v1Pack:123) <0x02>V1-Send: 0x0A06->0x0300 0x03FD [0m
[37m[21.406][linker]-[Debug]-[DjiProtocol_v1Pack:123) <0x03>V1-Send: 0x0A06->0x0300 0x03FD [0m
[37m[21.426][linker]-[Debug]-[DjiProtocol_v1Pack:123) <0x04>V1-Send: 0x0A06->0x0300 0x03FD [0m
[37m[21.447][linker]-[Debug]-[DjiLinker_DeInit:171) deinit linker success, protocol:2, channelId:0 [0m
[37m[21.456][linker]-[Debug]-[DjiLinker_Init:129) init linker success, protocol:2, channelId:0 [0m
[37m[21.456][linker]-[Debug]-[DjiProtocol_v1Pack:123) <0000>V1-Send: 0x0A06->0x0300 0x03FD [0m
[37m[21.476][linker]-[Debug]-[DjiProtocol_v1Pack:123) <0x01>V1-Send: 0x0A06->0x0300 0x03FD [0m
[37m[21.496][linker]-[Debug]-[DjiProtocol_v1Pack:123) <0x02>V1-Send: 0x0A06->0x0300 0x03FD [0m
[37m[21.516][linker]-[Debug]-[DjiProtocol_v1Pack:123) <0x03>V1-Send: 0x0A06->0x0300 0x03FD [0m
[37m[21.536][linker]-[Debug]-[DjiProtocol_v1Pack:123) <0x04>V1-Send: 0x0A06->0x0300 0x03FD [0m
[37m[21.557][linker]-[Debug]-[DjiLinker_DeInit:171) deinit linker success, protocol:2, channelId:0 [0m
[37m[21.567][linker]-[Debug]-[DjiProtocol_v1Unpack:170) protocol frame length error [0m
[37m[21.567][linker]-[Debug]-[DjiProtocol_v1Unpack:170) protocol frame length error [0m
[37m[21.567][linker]-[Debug]-[DjiProtocol_v1Unpack:170) protocol frame length error [0m
[37m[21.567][linker]-[Debug]-[DjiLinker_Init:129) init linker success, protocol:2, channelId:0 [0m
[37m[21.567][linker]-[Debug]-[DjiProtocol_v1Unpack:170) protocol frame length error [0m
[37m[21.567][linker]-[Debug]-[DjiProtocol_v1Pack:123) <0000>V1-Send: 0x0A06->0x0300 0x03FD [0m
[37m[21.587][linker]-[Debug]-[DjiProtocol_v1Pack:123) <0x01>V1-Send: 0x0A06->0x0300 0x03FD [0m
[37m[21.597][linker]-[Debug]-[DjiProtocol_v1Unpack:170) protocol frame length error [0m
[37m[21.608][linker]-[Debug]-[DjiProtocol_v1Pack:123) <0x02>V1-Send: 0x0A06->0x0300 0x03FD [0m
[37m[21.610][linker]-[Debug]-[DjiProtocol_v1Unpack:170) protocol frame length error [0m
[37m[21.611][linker]-[Debug]-[DjiProtocol_v1Unpack:170) protocol frame length error [0m
[37m[21.614][linker]-[Debug]-[DjiProtocol_v1Unpack:170) protocol frame length error [0m
[37m[21.628][linker]-[Debug]-[DjiProtocol_v1Pack:123) <0x03>V1-Send: 0x0A06->0x0300 0x03FD [0m
[37m[21.645][linker]-[Debug]-[DjiProtocol_v1Unpack:170) protocol frame length error [0m
[37m[21.645][linker]-[Debug]-[DjiProtocol_v1Unpack:170) protocol frame length error [0m
[37m[21.648][linker]-[Debug]-[DjiProtocol_v1Pack:123) <0x04>V1-Send: 0x0A06->0x0300 0x03FD [0m
[37m[21.651][linker]-[Debug]-[DjiProtocol_v1Unpack:170) protocol frame length error [0m
[37m[21.662][linker]-[Debug]-[DjiProtocol_v1Unpack:170) protocol frame length error [0m
[37m[21.669][linker]-[Debug]-[DjiLinker_DeInit:171) deinit linker success, protocol:2, channelId:0 [0m
[37m[21.677][linker]-[Debug]-[DjiProtocol_v1Unpack:170) protocol frame length error [0m
[37m[21.677][linker]-[Debug]-[DjiLinker_Init:129) init linker success, protocol:2, channelId:0 [0m
[37m[21.678][linker]-[Debug]-[DjiProtocol_v1Pack:123) <0000>V1-Send: 0x0A06->0x0300 0x03FD [0m
[37m[21.698][linker]-[Debug]-[DjiProtocol_v1Pack:123) <0x01>V1-Send: 0x0A06->0x0300 0x03FD [0m
[37m[21.718][linker]-[Debug]-[DjiProtocol_v1Pack:123) <0x02>V1-Send: 0x0A06->0x0300 0x03FD [0m
[37m[21.738][linker]-[Debug]-[DjiProtocol_v1Pack:123) <0x03>V1-Send: 0x0A06->0x0300 0x03FD [0m
[37m[21.749][utils]-[Debug]-[DjiCore_RootTask:131) work execution time: [0m
[37m[21.749][utils]-[Debug]-[DjiCore_RootTask:132) name	                execution time (ms)	  max execution time (ms) [0m
[37m[21.749][utils]-[Debug]-[DjiCore_RootTask:134) recorderWork                    	1       	1        [0m
[37m[21.749][utils]-[Debug]-[DjiCore_RootTask:134) flowControllerTask              	0       	1        [0m
[37m[21.758][linker]-[Debug]-[DjiProtocol_v1Pack:123) <0x04>V1-Send: 0x0A06->0x0300 0x03FD [0m
[37m[21.779][linker]-[Debug]-[DjiLinker_DeInit:171) deinit linker success, protocol:2, channelId:0 [0m
[37m[21.788][linker]-[Debug]-[DjiLinker_Init:129) init linker success, protocol:2, channelId:0 [0m
[37m[21.788][linker]-[Debug]-[DjiProtocol_v1Pack:123) <0000>V1-Send: 0x0A06->0x0300 0x03FD [0m
[37m[21.808][linker]-[Debug]-[DjiProtocol_v1Pack:123) <0x01>V1-Send: 0x0A06->0x0300 0x03FD [0m
[37m[21.828][linker]-[Debug]-[DjiProtocol_v1Pack:123) <0x02>V1-Send: 0x0A06->0x0300 0x03FD [0m
[37m[21.848][linker]-[Debug]-[DjiProtocol_v1Pack:123) <0x03>V1-Send: 0x0A06->0x0300 0x03FD [0m
[37m[21.868][linker]-[Debug]-[DjiProtocol_v1Pack:123) <0x04>V1-Send: 0x0A06->0x0300 0x03FD [0m
[37m[21.889][linker]-[Debug]-[DjiLinker_DeInit:171) deinit linker success, protocol:2, channelId:0 [0m
[37m[21.889][adapter]-[Debug]-[DjiAccessAdapter_IdentifyUart0InfoAndAircraftSeries:840) Try (p, s, r, c) = (2, 0x0503, 0x0801, 0x0001) [0m
[37m[21.898][linker]-[Debug]-[DjiLinker_Init:129) init linker success, protocol:2, channelId:0 [0m
[37m[21.898][linker]-[Debug]-[DjiProtocol_v1Pack:123) <0000>V1-Send: 0x0503->0x0801 0x0001 [0m
[37m[21.918][linker]-[Debug]-[DjiProtocol_v1Pack:123) <0x01>V1-Send: 0x0503->0x0801 0x0001 [0m
[37m[21.938][linker]-[Debug]-[DjiProtocol_v1Pack:123) <0x02>V1-Send: 0x0503->0x0801 0x0001 [0m
[37m[21.958][linker]-[Debug]-[DjiProtocol_v1Pack:123) <0x03>V1-Send: 0x0503->0x0801 0x0001 [0m
[37m[21.978][linker]-[Debug]-[DjiProtocol_v1Pack:123) <0x04>V1-Send: 0x0503->0x0801 0x0001 [0m
[37m[21.999][linker]-[Debug]-[DjiLinker_DeInit:171) deinit linker success, protocol:2, channelId:0 [0m
[37m[22.009][linker]-[Debug]-[DjiLinker_Init:129) init linker success, protocol:2, channelId:0 [0m
[37m[22.009][linker]-[Debug]-[DjiProtocol_v1Pack:123) <0000>V1-Send: 0x0503->0x0801 0x0001 [0m
[37m[22.029][linker]-[Debug]-[DjiProtocol_v1Pack:123) <0x01>V1-Send: 0x0503->0x0801 0x0001 [0m
[37m[22.049][linker]-[Debug]-[DjiProtocol_v1Pack:123) <0x02>V1-Send: 0x0503->0x0801 0x0001 [0m
[37m[22.069][linker]-[Debug]-[DjiProtocol_v1Pack:123) <0x03>V1-Send: 0x0503->0x0801 0x0001 [0m
[37m[22.090][linker]-[Debug]-[DjiProtocol_v1Pack:123) <0x04>V1-Send: 0x0503->0x0801 0x0001 [0m
[37m[22.110][linker]-[Debug]-[DjiLinker_DeInit:171) deinit linker success, protocol:2, channelId:0 [0m
[37m[22.119][linker]-[Debug]-[DjiLinker_Init:129) init linker success, protocol:2, channelId:0 [0m
[37m[22.119][linker]-[Debug]-[DjiProtocol_v1Pack:123) <0000>V1-Send: 0x0503->0x0801 0x0001 [0m
[37m[22.125][linker]-[Debug]-[DjiProtocol_v1Unpack:170) protocol frame length error [0m
[37m[22.125][linker]-[Debug]-[DjiProtocol_v1Unpack:170) protocol frame length error [0m
[37m[22.139][linker]-[Debug]-[DjiProtocol_v1Pack:123) <0x01>V1-Send: 0x0503->0x0801 0x0001 [0m
[37m[22.140][linker]-[Debug]-[DjiProtocol_v1Unpack:170) protocol frame length error [0m
[37m[22.160][linker]-[Debug]-[DjiProtocol_v1Pack:123) <0x02>V1-Send: 0x0503->0x0801 0x0001 [0m
[37m[22.168][linker]-[Debug]-[DjiProtocol_v1Unpack:170) protocol frame length error [0m
[37m[22.180][linker]-[Debug]-[DjiProtocol_v1Pack:123) <0x03>V1-Send: 0x0503->0x0801 0x0001 [0m
[37m[22.186][linker]-[Debug]-[DjiProtocol_v1Unpack:170) protocol frame length error [0m
[37m[22.196][linker]-[Debug]-[DjiProtocol_v1Unpack:170) protocol frame length error [0m
[37m[22.200][linker]-[Debug]-[DjiProtocol_v1Pack:123) <0x04>V1-Send: 0x0503->0x0801 0x0001 [0m
[37m[22.201][linker]-[Debug]-[DjiProtocol_v1Unpack:170) protocol frame length error [0m
[37m[22.211][linker]-[Debug]-[DjiProtocol_v1Unpack:170) protocol frame length error [0m
[37m[22.215][linker]-[Debug]-[DjiProtocol_v1Unpack:170) protocol frame length error [0m
[37m[22.220][linker]-[Debug]-[DjiLinker_DeInit:171) deinit linker success, protocol:2, channelId:0 [0m
[37m[22.230][linker]-[Debug]-[DjiLinker_Init:129) init linker success, protocol:2, channelId:0 [0m
[37m[22.230][linker]-[Debug]-[DjiProtocol_v1Pack:123) <0000>V1-Send: 0x0503->0x0801 0x0001 [0m
[37m[22.250][linker]-[Debug]-[DjiProtocol_v1Pack:123) <0x01>V1-Send: 0x0503->0x0801 0x0001 [0m
[37m[22.270][linker]-[Debug]-[DjiProtocol_v1Pack:123) <0x02>V1-Send: 0x0503->0x0801 0x0001 [0m
[37m[22.290][linker]-[Debug]-[DjiProtocol_v1Pack:123) <0x03>V1-Send: 0x0503->0x0801 0x0001 [0m
[37m[22.311][linker]-[Debug]-[DjiProtocol_v1Pack:123) <0x04>V1-Send: 0x0503->0x0801 0x0001 [0m
[37m[22.331][linker]-[Debug]-[DjiLinker_DeInit:171) deinit linker success, protocol:2, channelId:0 [0m
[37m[22.340][linker]-[Debug]-[DjiLinker_Init:129) init linker success, protocol:2, channelId:0 [0m
[37m[22.340][linker]-[Debug]-[DjiProtocol_v1Pack:123) <0000>V1-Send: 0x0503->0x0801 0x0001 [0m
[37m[22.361][linker]-[Debug]-[DjiProtocol_v1Pack:123) <0x01>V1-Send: 0x0503->0x0801 0x0001 [0m
[37m[22.381][linker]-[Debug]-[DjiProtocol_v1Pack:123) <0x02>V1-Send: 0x0503->0x0801 0x0001 [0m
[37m[22.401][linker]-[Debug]-[DjiProtocol_v1Pack:123) <0x03>V1-Send: 0x0503->0x0801 0x0001 [0m
[37m[22.421][linker]-[Debug]-[DjiProtocol_v1Pack:123) <0x04>V1-Send: 0x0503->0x0801 0x0001 [0m
[37m[22.442][linker]-[Debug]-[DjiLinker_DeInit:171) deinit linker success, protocol:2, channelId:0 [0m
[37m[22.442][adapter]-[Debug]-[DjiAccessAdapter_IdentifyUart0InfoAndAircraftSeries:907) Try (p, s, r, c) = (2, 0x0503, 0x0701, 0x0001) [0m
[37m[22.451][linker]-[Debug]-[DjiLinker_Init:129) init linker success, protocol:2, channelId:0 [0m
[37m[22.451][linker]-[Debug]-[DjiProtocol_v1Pack:123) <0000>V1-Send: 0x0503->0x0701 0x0001 [0m
[37m[22.471][linker]-[Debug]-[DjiProtocol_v1Pack:123) <0x01>V1-Send: 0x0503->0x0701 0x0001 [0m
[37m[22.491][linker]-[Debug]-[DjiProtocol_v1Pack:123) <0x02>V1-Send: 0x0503->0x0701 0x0001 [0m
[37m[22.511][linker]-[Debug]-[DjiProtocol_v1Pack:123) <0x03>V1-Send: 0x0503->0x0701 0x0001 [0m
[37m[22.531][linker]-[Debug]-[DjiProtocol_v1Pack:123) <0x04>V1-Send: 0x0503->0x0701 0x0001 [0m
[37m[22.552][linker]-[Debug]-[DjiLinker_DeInit:171) deinit linker success, protocol:2, channelId:0 [0m
[37m[22.562][linker]-[Debug]-[DjiLinker_Init:129) init linker success, protocol:2, channelId:0 [0m
[37m[22.562][linker]-[Debug]-[DjiProtocol_v1Pack:123) <0000>V1-Send: 0x0503->0x0701 0x0001 [0m
[37m[22.582][linker]-[Debug]-[DjiProtocol_v1Pack:123) <0x01>V1-Send: 0x0503->0x0701 0x0001 [0m
[37m[22.602][linker]-[Debug]-[DjiProtocol_v1Pack:123) <0x02>V1-Send: 0x0503->0x0701 0x0001 [0m
[37m[22.622][linker]-[Debug]-[DjiProtocol_v1Pack:123) <0x03>V1-Send: 0x0503->0x0701 0x0001 [0m
[37m[22.642][linker]-[Debug]-[DjiProtocol_v1Pack:123) <0x04>V1-Send: 0x0503->0x0701 0x0001 [0m
[37m[22.663][linker]-[Debug]-[DjiLinker_DeInit:171) deinit linker success, protocol:2, channelId:0 [0m
[37m[22.672][linker]-[Debug]-[DjiLinker_Init:129) init linker success, protocol:2, channelId:0 [0m
[37m[22.672][linker]-[Debug]-[DjiProtocol_v1Pack:123) <0000>V1-Send: 0x0503->0x0701 0x0001 [0m
[37m[22.673][linker]-[Debug]-[DjiProtocol_v1Unpack:170) protocol frame length error [0m
[37m[22.678][linker]-[Debug]-[DjiProtocol_v1Unpack:170) protocol frame length error [0m
[37m[22.680][linker]-[Debug]-[DjiProtocol_v1Unpack:170) protocol frame length error [0m
[37m[22.688][linker]-[Debug]-[DjiProtocol_v1Unpack:170) protocol frame length error [0m
[37m[22.693][linker]-[Debug]-[DjiProtocol_v1Pack:123) <0x01>V1-Send: 0x0503->0x0701 0x0001 [0m
[37m[22.704][linker]-[Debug]-[DjiProtocol_v1Unpack:170) protocol frame length error [0m
[37m[22.710][linker]-[Debug]-[DjiProtocol_v1Unpack:170) protocol frame length error [0m
[37m[22.710][linker]-[Debug]-[DjiProtocol_v1Unpack:170) protocol frame length error [0m
[37m[22.713][linker]-[Debug]-[DjiProtocol_v1Pack:123) <0x02>V1-Send: 0x0503->0x0701 0x0001 [0m
[37m[22.716][linker]-[Debug]-[DjiProtocol_v1Unpack:170) protocol frame length error [0m
[37m[22.728][linker]-[Debug]-[DjiProtocol_v1Unpack:170) protocol frame length error [0m
[37m[22.733][linker]-[Debug]-[DjiProtocol_v1Pack:123) <0x03>V1-Send: 0x0503->0x0701 0x0001 [0m
[37m[22.751][linker]-[Debug]-[DjiProtocol_v1Unpack:170) protocol frame length error [0m
[37m[22.753][linker]-[Debug]-[DjiProtocol_v1Pack:123) <0x04>V1-Send: 0x0503->0x0701 0x0001 [0m
[37m[22.765][linker]-[Debug]-[DjiProtocol_v1Unpack:170) protocol frame length error [0m
[37m[22.774][linker]-[Debug]-[DjiLinker_DeInit:171) deinit linker success, protocol:2, channelId:0 [0m
[37m[22.783][linker]-[Debug]-[DjiLinker_Init:129) init linker success, protocol:2, channelId:0 [0m
[37m[22.783][linker]-[Debug]-[DjiProtocol_v1Pack:123) <0000>V1-Send: 0x0503->0x0701 0x0001 [0m
[37m[22.804][linker]-[Debug]-[DjiProtocol_v1Pack:123) <0x01>V1-Send: 0x0503->0x0701 0x0001 [0m
[37m[22.824][linker]-[Debug]-[DjiProtocol_v1Pack:123) <0x02>V1-Send: 0x0503->0x0701 0x0001 [0m
[37m[22.838][utils]-[Debug]-[DjiCore_RootTask:131) work execution time: [0m
[37m[22.838][utils]-[Debug]-[DjiCore_RootTask:132) name	                execution time (ms)	  max execution time (ms) [0m
[37m[22.838][utils]-[Debug]-[DjiCore_RootTask:134) recorderWork                    	1       	1        [0m
[37m[22.838][utils]-[Debug]-[DjiCore_RootTask:134) flowControllerTask              	0       	1        [0m
[37m[22.844][linker]-[Debug]-[DjiProtocol_v1Pack:123) <0x03>V1-Send: 0x0503->0x0701 0x0001 [0m
[37m[22.864][linker]-[Debug]-[DjiProtocol_v1Pack:123) <0x04>V1-Send: 0x0503->0x0701 0x0001 [0m
[37m[22.885][linker]-[Debug]-[DjiLinker_DeInit:171) deinit linker success, protocol:2, channelId:0 [0m
[37m[22.894][linker]-[Debug]-[DjiLinker_Init:129) init linker success, protocol:2, channelId:0 [0m
[37m[22.894][linker]-[Debug]-[DjiProtocol_v1Pack:123) <0000>V1-Send: 0x0503->0x0701 0x0001 [0m
[37m[22.915][linker]-[Debug]-[DjiProtocol_v1Pack:123) <0x01>V1-Send: 0x0503->0x0701 0x0001 [0m
[37m[22.935][linker]-[Debug]-[DjiProtocol_v1Pack:123) <0x02>V1-Send: 0x0503->0x0701 0x0001 [0m
[37m[22.955][linker]-[Debug]-[DjiProtocol_v1Pack:123) <0x03>V1-Send: 0x0503->0x0701 0x0001 [0m
[37m[22.975][linker]-[Debug]-[DjiProtocol_v1Pack:123) <0x04>V1-Send: 0x0503->0x0701 0x0001 [0m
[37m[22.996][linker]-[Debug]-[DjiLinker_DeInit:171) deinit linker success, protocol:2, channelId:0 [0m
[37m[22.996][adapter]-[Debug]-[DjiAccessAdapter_IdentifyUart0InfoAndAircraftSeries:974) Try (p, s, r, c) = (2, 0x0a07, 0x0300, 0x03fd) [0m
[37m[23.005][linker]-[Debug]-[DjiLinker_Init:129) init linker success, protocol:2, channelId:0 [0m
[37m[23.005][linker]-[Debug]-[DjiProtocol_v1Pack:123) <0000>V1-Send: 0x0A07->0x0300 0x03FD [0m
[37m[23.025][linker]-[Debug]-[DjiProtocol_v1Pack:123) <0x01>V1-Send: 0x0A07->0x0300 0x03FD [0m
[37m[23.045][linker]-[Debug]-[DjiProtocol_v1Pack:123) <0x02>V1-Send: 0x0A07->0x0300 0x03FD [0m
[37m[23.066][linker]-[Debug]-[DjiProtocol_v1Pack:123) <0x03>V1-Send: 0x0A07->0x0300 0x03FD [0m
[37m[23.086][linker]-[Debug]-[DjiProtocol_v1Pack:123) <0x04>V1-Send: 0x0A07->0x0300 0x03FD [0m
[37m[23.107][linker]-[Debug]-[DjiLinker_DeInit:171) deinit linker success, protocol:2, channelId:0 [0m
[37m[23.117][linker]-[Debug]-[DjiProtocol_v1Unpack:170) protocol frame length error [0m
[37m[23.117][linker]-[Debug]-[DjiLinker_Init:129) init linker success, protocol:2, channelId:0 [0m
[37m[23.117][linker]-[Debug]-[DjiProtocol_v1Pack:123) <0000>V1-Send: 0x0A07->0x0300 0x03FD [0m
[37m[23.137][linker]-[Debug]-[DjiProtocol_v1Pack:123) <0x01>V1-Send: 0x0A07->0x0300 0x03FD [0m
[37m[23.157][linker]-[Debug]-[DjiProtocol_v1Pack:123) <0x02>V1-Send: 0x0A07->0x0300 0x03FD [0m
[37m[23.177][linker]-[Debug]-[DjiProtocol_v1Pack:123) <0x03>V1-Send: 0x0A07->0x0300 0x03FD [0m
[37m[23.197][linker]-[Debug]-[DjiProtocol_v1Pack:123) <0x04>V1-Send: 0x0A07->0x0300 0x03FD [0m
[37m[23.218][linker]-[Debug]-[DjiLinker_DeInit:171) deinit linker success, protocol:2, channelId:0 [0m
[37m[23.228][linker]-[Debug]-[DjiLinker_Init:129) init linker success, protocol:2, channelId:0 [0m
[37m[23.228][linker]-[Debug]-[DjiProtocol_v1Pack:123) <0000>V1-Send: 0x0A07->0x0300 0x03FD [0m
[37m[23.238][linker]-[Debug]-[DjiProtocol_v1Unpack:170) protocol frame length error [0m
[37m[23.239][linker]-[Debug]-[DjiProtocol_v1Unpack:170) protocol frame length error [0m
[37m[23.248][linker]-[Debug]-[DjiProtocol_v1Pack:123) <0x01>V1-Send: 0x0A07->0x0300 0x03FD [0m
[37m[23.253][linker]-[Debug]-[DjiProtocol_v1Unpack:170) protocol frame length error [0m
[37m[23.253][linker]-[Debug]-[DjiProtocol_v1Unpack:170) protocol frame length error [0m
[37m[23.264][linker]-[Debug]-[DjiProtocol_v1Unpack:170) protocol frame length error [0m
[37m[23.268][linker]-[Debug]-[DjiProtocol_v1Pack:123) <0x02>V1-Send: 0x0A07->0x0300 0x03FD [0m
[37m[23.276][linker]-[Debug]-[DjiProtocol_v1Unpack:170) protocol frame length error [0m
[37m[23.279][linker]-[Debug]-[DjiProtocol_v1Unpack:170) protocol frame length error [0m
[37m[23.286][linker]-[Debug]-[DjiProtocol_v1Unpack:170) protocol frame length error [0m
[37m[23.289][linker]-[Debug]-[DjiProtocol_v1Pack:123) <0x03>V1-Send: 0x0A07->0x0300 0x03FD [0m
[37m[23.297][linker]-[Debug]-[DjiProtocol_v1Unpack:170) protocol frame length error [0m
[37m[23.302][linker]-[Debug]-[DjiProtocol_v1Unpack:170) protocol frame length error [0m
[37m[23.309][linker]-[Debug]-[DjiProtocol_v1Pack:123) <0x04>V1-Send: 0x0A07->0x0300 0x03FD [0m
[37m[23.328][linker]-[Debug]-[DjiProtocol_v1Unpack:170) protocol frame length error [0m
[37m[23.329][linker]-[Debug]-[DjiLinker_DeInit:171) deinit linker success, protocol:2, channelId:0 [0m
[37m[23.339][linker]-[Debug]-[DjiLinker_Init:129) init linker success, protocol:2, channelId:0 [0m
[37m[23.339][linker]-[Debug]-[DjiProtocol_v1Pack:123) <0000>V1-Send: 0x0A07->0x0300 0x03FD [0m
[37m[23.359][linker]-[Debug]-[DjiProtocol_v1Pack:123) <0x01>V1-Send: 0x0A07->0x0300 0x03FD [0m
[37m[23.379][linker]-[Debug]-[DjiProtocol_v1Pack:123) <0x02>V1-Send: 0x0A07->0x0300 0x03FD [0m
[37m[23.399][linker]-[Debug]-[DjiProtocol_v1Pack:123) <0x03>V1-Send: 0x0A07->0x0300 0x03FD [0m
[37m[23.420][linker]-[Debug]-[DjiProtocol_v1Pack:123) <0x04>V1-Send: 0x0A07->0x0300 0x03FD [0m
[37m[23.440][linker]-[Debug]-[DjiLinker_DeInit:171) deinit linker success, protocol:2, channelId:0 [0m
[37m[23.450][linker]-[Debug]-[DjiLinker_Init:129) init linker success, protocol:2, channelId:0 [0m
[37m[23.451][linker]-[Debug]-[DjiProtocol_v1Pack:123) <0000>V1-Send: 0x0A07->0x0300 0x03FD [0m
[37m[23.471][linker]-[Debug]-[DjiProtocol_v1Pack:123) <0x01>V1-Send: 0x0A07->0x0300 0x03FD [0m
[37m[23.491][linker]-[Debug]-[DjiProtocol_v1Pack:123) <0x02>V1-Send: 0x0A07->0x0300 0x03FD [0m
[37m[23.511][linker]-[Debug]-[DjiProtocol_v1Pack:123) <0x03>V1-Send: 0x0A07->0x0300 0x03FD [0m
[37m[23.531][linker]-[Debug]-[DjiProtocol_v1Pack:123) <0x04>V1-Send: 0x0A07->0x0300 0x03FD [0m
[37m[23.552][linker]-[Debug]-[DjiLinker_DeInit:171) deinit linker success, protocol:2, channelId:0 [0m
[37m[23.552][adapter]-[Debug]-[DjiAccessAdapter_IdentifyUart0InfoAndAircraftSeries:1046) Try (p, s, r, c) = (1, 0x0a00, 0x0300, 0x0000) [0m
[37m[23.561][linker]-[Debug]-[DjiLinker_Init:129) init linker success, protocol:1, channelId:0 [0m
[37m[23.561][linker]-[Debug]-[DjiProtocol_sdkPack:183) SDK-Send: 0x0A->0x03 0x0000 [0m
[37m[23.581][linker]-[Debug]-[DjiProtocol_sdkPack:183) SDK-Send: 0x0A->0x03 0x0000 [0m
[37m[23.602][linker]-[Debug]-[DjiProtocol_sdkPack:183) SDK-Send: 0x0A->0x03 0x0000 [0m
[37m[23.622][linker]-[Debug]-[DjiProtocol_sdkPack:183) SDK-Send: 0x0A->0x03 0x0000 [0m
[37m[23.642][linker]-[Debug]-[DjiProtocol_sdkPack:183) SDK-Send: 0x0A->0x03 0x0000 [0m
[37m[23.663][linker]-[Debug]-[DjiLinker_DeInit:171) deinit linker success, protocol:1, channelId:0 [0m
[37m[23.672][linker]-[Debug]-[DjiProtocol_sdkUnpack:219) protocol frame length error [0m
[37m[23.672][linker]-[Debug]-[DjiLinker_Init:129) init linker success, protocol:1, channelId:0 [0m
[37m[23.672][linker]-[Debug]-[DjiProtocol_sdkPack:183) SDK-Send: 0x0A->0x03 0x0000 [0m
[37m[23.678][linker]-[Debug]-[DjiProtocol_sdkUnpack:219) protocol frame length error [0m
[37m[23.693][linker]-[Debug]-[DjiProtocol_sdkPack:183) SDK-Send: 0x0A->0x03 0x0000 [0m
[37m[23.693][linker]-[Debug]-[DjiProtocol_sdkUnpack:219) protocol frame length error [0m
[37m[23.694][linker]-[Debug]-[DjiProtocol_sdkUnpack:219) protocol frame length error [0m
[37m[23.707][linker]-[Debug]-[DjiProtocol_sdkUnpack:219) protocol frame length error [0m
[37m[23.712][linker]-[Debug]-[DjiProtocol_sdkUnpack:219) protocol frame length error [0m
[37m[23.713][linker]-[Debug]-[DjiProtocol_sdkPack:183) SDK-Send: 0x0A->0x03 0x0000 [0m
[37m[23.733][linker]-[Debug]-[DjiProtocol_sdkPack:183) SDK-Send: 0x0A->0x03 0x0000 [0m
[37m[23.741][linker]-[Debug]-[DjiProtocol_sdkUnpack:219) protocol frame length error [0m
[37m[23.753][linker]-[Debug]-[DjiProtocol_sdkPack:183) SDK-Send: 0x0A->0x03 0x0000 [0m
[37m[23.769][linker]-[Debug]-[DjiProtocol_sdkUnpack:219) protocol frame length error [0m
[37m[23.773][linker]-[Debug]-[DjiProtocol_sdkUnpack:219) protocol frame length error [0m
[37m[23.774][linker]-[Debug]-[DjiLinker_DeInit:171) deinit linker success, protocol:1, channelId:0 [0m
[37m[23.783][linker]-[Debug]-[DjiProtocol_sdkUnpack:219) protocol frame length error [0m
[37m[23.783][linker]-[Debug]-[DjiLinker_Init:129) init linker success, protocol:1, channelId:0 [0m
[37m[23.783][linker]-[Debug]-[DjiProtocol_sdkUnpack:276) SDK-Recv: 0x03->0x0A 0x0205 [0m
[37m[23.783][linker]-[Debug]-[DjiProtocol_sdkPack:183) SDK-Send: 0x0A->0x03 0x0000 [0m
[37m[23.783][linker]-[Debug]-[DjiProtocol_sdkUnpack:276) SDK-Recv: 0x03->0x0A 0x0205 [0m
[37m[23.784][linker]-[Debug]-[DjiProtocol_sdkUnpack:276) SDK-Recv: 0x03->0x0A 0x0205 [0m
[37m[23.787][linker]-[Debug]-[DjiProtocol_sdkUnpack:276) SDK-Recv: 0x03->0x0A 0x0205 [0m
[37m[23.788][linker]-[Debug]-[DjiProtocol_sdkUnpack:276) SDK-Recv: 0x03->0x0A 0x0205 [0m
[37m[23.790][linker]-[Debug]-[DjiProtocol_sdkUnpack:276) SDK-Recv: 0x03->0x0A 0x0205 [0m
[37m[23.792][linker]-[Debug]-[DjiProtocol_sdkUnpack:276) SDK-Recv: 0x03->0x0A 0x0205 [0m
[37m[23.792][linker]-[Debug]-[DjiProtocol_sdkUnpack:276) SDK-Recv: 0x03->0x0A 0x0205 [0m
[37m[23.794][linker]-[Debug]-[DjiProtocol_sdkUnpack:276) SDK-Recv: 0x03->0x0A 0x0205 [0m
[37m[23.797][linker]-[Debug]-[DjiProtocol_sdkUnpack:276) SDK-Recv: 0x03->0x0A 0x0205 [0m
[37m[23.798][linker]-[Debug]-[DjiProtocol_sdkUnpack:276) SDK-Recv: 0x03->0x0A 0x0205 [0m
[37m[23.799][linker]-[Debug]-[DjiProtocol_sdkUnpack:276) SDK-Recv: 0x03->0x0A 0x0205 [0m
[31m[23.802][linker]-[Error]-[DjiProtocol_sdkUnpack:237) protocol frame crc32 error [0m
[37m[23.804][linker]-[Debug]-[DjiProtocol_sdkPack:183) SDK-Send: 0x0A->0x03 0x0000 [0m
[37m[23.805][linker]-[Debug]-[DjiProtocol_sdkUnpack:276) SDK-Recv: 0x03->0x0A 0x0205 [0m
[37m[23.806][linker]-[Debug]-[DjiProtocol_sdkUnpack:276) SDK-Recv: 0x03->0x0A 0x0205 [0m
[37m[23.808][linker]-[Debug]-[DjiProtocol_sdkUnpack:276) SDK-Recv: 0x03->0x0A 0x0205 [0m
[37m[23.809][linker]-[Debug]-[DjiProtocol_sdkUnpack:276) SDK-Recv: 0x03->0x0A 0x0205 [0m
[37m[23.811][linker]-[Debug]-[DjiProtocol_sdkUnpack:276) SDK-Recv: 0x03->0x0A 0x0205 [0m
[37m[23.813][linker]-[Debug]-[DjiProtocol_sdkUnpack:276) SDK-Recv: 0x03->0x0A 0x0205 [0m
[37m[23.814][linker]-[Debug]-[DjiProtocol_sdkUnpack:276) SDK-Recv: 0x03->0x0A 0x0205 [0m
[37m[23.817][linker]-[Debug]-[DjiProtocol_sdkUnpack:276) SDK-Recv: 0x03->0x0A 0x0205 [0m
[37m[23.817][linker]-[Debug]-[DjiProtocol_sdkUnpack:276) SDK-Recv: 0x03->0x0A 0x0205 [0m
[37m[23.818][linker]-[Debug]-[DjiProtocol_sdkUnpack:276) SDK-Recv: 0x03->0x0A 0x0205 [0m
[37m[23.822][linker]-[Debug]-[DjiProtocol_sdkUnpack:276) SDK-Recv: 0x03->0x0A 0x0205 [0m
[37m[23.823][linker]-[Debug]-[DjiProtocol_sdkUnpack:276) SDK-Recv: 0x03->0x0A 0x0205 [0m
[37m[23.824][linker]-[Debug]-[DjiProtocol_sdkPack:183) SDK-Send: 0x0A->0x03 0x0000 [0m
[37m[23.824][linker]-[Debug]-[DjiProtocol_sdkUnpack:276) SDK-Recv: 0x03->0x0A 0x0205 [0m
[37m[23.826][linker]-[Debug]-[DjiProtocol_sdkUnpack:276) SDK-Recv: 0x03->0x0A 0x0205 [0m
[37m[23.829][linker]-[Debug]-[DjiProtocol_sdkUnpack:276) SDK-Recv: 0x03->0x0A 0x0205 [0m
[37m[23.829][linker]-[Debug]-[DjiProtocol_sdkUnpack:276) SDK-Recv: 0x03->0x0A 0x0205 [0m
[37m[23.831][linker]-[Debug]-[DjiProtocol_sdkUnpack:276) SDK-Recv: 0x03->0x0A 0x0205 [0m
[37m[23.832][linker]-[Debug]-[DjiProtocol_sdkUnpack:276) SDK-Recv: 0x03->0x0A 0x0205 [0m
[37m[23.834][linker]-[Debug]-[DjiProtocol_sdkUnpack:276) SDK-Recv: 0x03->0x0A 0x0205 [0m
[37m[23.834][linker]-[Debug]-[DjiProtocol_sdkUnpack:276) SDK-Recv: 0x03->0x0A 0x0205 [0m
[37m[23.837][linker]-[Debug]-[DjiProtocol_sdkUnpack:276) SDK-Recv: 0x03->0x0A 0x0205 [0m
[37m[23.838][linker]-[Debug]-[DjiProtocol_sdkUnpack:276) SDK-Recv: 0x03->0x0A 0x0205 [0m
[37m[23.839][linker]-[Debug]-[DjiProtocol_sdkUnpack:276) SDK-Recv: 0x03->0x0A 0x0205 [0m
[37m[23.842][linker]-[Debug]-[DjiProtocol_sdkUnpack:276) SDK-Recv: 0x03->0x0A 0x0205 [0m
[37m[23.843][linker]-[Debug]-[DjiProtocol_sdkUnpack:276) SDK-Recv: 0x03->0x0A 0x0205 [0m
[37m[23.844][linker]-[Debug]-[DjiProtocol_sdkPack:183) SDK-Send: 0x0A->0x03 0x0000 [0m
[37m[23.845][linker]-[Debug]-[DjiProtocol_sdkUnpack:276) SDK-Recv: 0x03->0x0A 0x0205 [0m
[37m[23.847][linker]-[Debug]-[DjiProtocol_sdkUnpack:276) SDK-Recv: 0x03->0x0A 0x0205 [0m
[37m[23.848][linker]-[Debug]-[DjiProtocol_sdkUnpack:276) SDK-Recv: 0x03->0x0A 0x0205 [0m
[37m[23.849][linker]-[Debug]-[DjiProtocol_sdkUnpack:276) SDK-Recv: 0x03->0x0A 0x0205 [0m
[37m[23.852][linker]-[Debug]-[DjiProtocol_sdkUnpack:276) SDK-Recv: 0x03->0x0A 0x0205 [0m
[37m[23.854][linker]-[Debug]-[DjiProtocol_sdkUnpack:276) SDK-Recv: 0x03->0x0A 0x0205 [0m
[37m[23.855][linker]-[Debug]-[DjiProtocol_sdkUnpack:276) SDK-Recv: 0x03->0x0A 0x0205 [0m
[37m[23.857][linker]-[Debug]-[DjiProtocol_sdkUnpack:276) SDK-Recv: 0x03->0x0A 0x0205 [0m
[37m[23.857][linker]-[Debug]-[DjiProtocol_sdkUnpack:276) SDK-Recv: 0x03->0x0A 0x0205 [0m
[37m[23.859][linker]-[Debug]-[DjiProtocol_sdkUnpack:276) SDK-Recv: 0x03->0x0A 0x0205 [0m
[37m[23.862][linker]-[Debug]-[DjiProtocol_sdkUnpack:276) SDK-Recv: 0x03->0x0A 0x0205 [0m
[37m[23.863][linker]-[Debug]-[DjiProtocol_sdkUnpack:276) SDK-Recv: 0x03->0x0A 0x0205 [0m
[37m[23.864][linker]-[Debug]-[DjiProtocol_sdkUnpack:276) SDK-Recv: 0x03->0x0A 0x0205 [0m
[37m[23.864][linker]-[Debug]-[DjiProtocol_sdkPack:183) SDK-Send: 0x0A->0x03 0x0000 [0m
[31m[23.867][linker]-[Error]-[DjiProtocol_sdkUnpack:237) protocol frame crc32 error [0m
[31m[23.872][linker]-[Error]-[DjiProtocol_sdkUnpack:237) protocol frame crc32 error [0m
[31m[23.875][linker]-[Error]-[DjiProtocol_sdkUnpack:237) protocol frame crc32 error [0m
[31m[23.878][linker]-[Error]-[DjiProtocol_sdkUnpack:228) protocol frame crc16 error:0x0400 0x2162 [0m
[37m[23.879][linker]-[Debug]-[DjiProtocol_sdkUnpack:276) SDK-Recv: 0x03->0x0A 0x0205 [0m
[31m[23.880][linker]-[Error]-[DjiProtocol_sdkUnpack:228) protocol frame crc16 error:0x7800 0x99C3 [0m
[37m[23.883][linker]-[Debug]-[DjiProtocol_sdkUnpack:276) SDK-Recv: 0x03->0x0A 0x0205 [0m
[37m[23.884][linker]-[Debug]-[DjiProtocol_sdkUnpack:276) SDK-Recv: 0x03->0x0A 0x0205 [0m
[37m[23.885][linker]-[Debug]-[DjiLinker_DeInit:171) deinit linker success, protocol:1, channelId:0 [0m
[31m[23.897][linker]-[Error]-[DjiProtocol_sdkUnpack:237) protocol frame crc32 error [0m
[37m[23.897][linker]-[Debug]-[DjiLinker_Init:129) init linker success, protocol:1, channelId:0 [0m
[37m[23.897][linker]-[Debug]-[DjiProtocol_sdkPack:183) SDK-Send: 0x0A->0x03 0x0000 [0m
[37m[23.918][linker]-[Debug]-[DjiProtocol_sdkPack:183) SDK-Send: 0x0A->0x03 0x0000 [0m
[37m[23.938][linker]-[Debug]-[DjiProtocol_sdkPack:183) SDK-Send: 0x0A->0x03 0x0000 [0m
[37m[23.939][utils]-[Debug]-[DjiCore_RootTask:131) work execution time: [0m
[37m[23.940][utils]-[Debug]-[DjiCore_RootTask:132) name	                execution time (ms)	  max execution time (ms) [0m
[37m[23.940][utils]-[Debug]-[DjiCore_RootTask:134) recorderWork                    	0       	1        [0m
[37m[23.940][utils]-[Debug]-[DjiCore_RootTask:134) flowControllerTask              	0       	1        [0m
[37m[23.958][linker]-[Debug]-[DjiProtocol_sdkPack:183) SDK-Send: 0x0A->0x03 0x0000 [0m
[37m[23.978][linker]-[Debug]-[DjiProtocol_sdkPack:183) SDK-Send: 0x0A->0x03 0x0000 [0m
[37m[23.999][linker]-[Debug]-[DjiLinker_DeInit:171) deinit linker success, protocol:1, channelId:0 [0m
[37m[24.010][linker]-[Debug]-[DjiLinker_Init:129) init linker success, protocol:1, channelId:0 [0m
[37m[24.010][linker]-[Debug]-[DjiProtocol_sdkPack:183) SDK-Send: 0x0A->0x03 0x0000 [0m
[37m[24.031][linker]-[Debug]-[DjiProtocol_sdkPack:183) SDK-Send: 0x0A->0x03 0x0000 [0m
[37m[24.051][linker]-[Debug]-[DjiProtocol_sdkPack:183) SDK-Send: 0x0A->0x03 0x0000 [0m
[37m[24.071][linker]-[Debug]-[DjiProtocol_sdkPack:183) SDK-Send: 0x0A->0x03 0x0000 [0m
[37m[24.091][linker]-[Debug]-[DjiProtocol_sdkPack:183) SDK-Send: 0x0A->0x03 0x0000 [0m
[37m[24.112][linker]-[Debug]-[DjiLinker_DeInit:171) deinit linker success, protocol:1, channelId:0 [0m
[32m[24.112][adapter]-[Info]-[DjiAccessAdapter_Init:279) Try identify UART0 connection failed. Probably because SDK adapter or aircraft not finish init or UART connect error. [0m
[37m[24.162][adapter]-[Debug]-[DjiAccessAdapter_CheckUserUartBaudRateAndAircraftSeries:1546) Try (p, s, r, c) = (2, 0x0a06, 0x0300, 0x03fd) [0m
[37m[24.179][linker]-[Debug]-[DjiProtocol_v1Unpack:170) protocol frame length error [0m
[37m[24.179][linker]-[Debug]-[DjiProtocol_v1Unpack:170) protocol frame length error [0m
[37m[24.179][linker]-[Debug]-[DjiLinker_Init:129) init linker success, protocol:2, channelId:0 [0m
[37m[24.179][linker]-[Debug]-[DjiProtocol_v1Pack:123) <0000>V1-Send: 0x0A06->0x0300 0x03FD [0m
[37m[24.185][linker]-[Debug]-[DjiProtocol_v1Unpack:170) protocol frame length error [0m
[37m[24.186][linker]-[Debug]-[DjiProtocol_v1Unpack:170) protocol frame length error [0m
[37m[24.195][linker]-[Debug]-[DjiProtocol_v1Unpack:170) protocol frame length error [0m
[37m[24.195][linker]-[Debug]-[DjiProtocol_v1Unpack:170) protocol frame length error [0m
[37m[24.197][linker]-[Debug]-[DjiProtocol_v1Unpack:170) protocol frame length error [0m
[37m[24.199][linker]-[Debug]-[DjiProtocol_v1Pack:123) <0x01>V1-Send: 0x0A06->0x0300 0x03FD [0m
[37m[24.203][linker]-[Debug]-[DjiProtocol_v1Unpack:170) protocol frame length error [0m
[37m[24.219][linker]-[Debug]-[DjiProtocol_v1Pack:123) <0x02>V1-Send: 0x0A06->0x0300 0x03FD [0m
[37m[24.239][linker]-[Debug]-[DjiProtocol_v1Pack:123) <0x03>V1-Send: 0x0A06->0x0300 0x03FD [0m
[37m[24.240][linker]-[Debug]-[DjiProtocol_v1Unpack:170) protocol frame length error [0m
[37m[24.250][linker]-[Debug]-[DjiProtocol_v1Unpack:170) protocol frame length error [0m
[37m[24.260][linker]-[Debug]-[DjiProtocol_v1Pack:123) <0x04>V1-Send: 0x0A06->0x0300 0x03FD [0m
[37m[24.271][linker]-[Debug]-[DjiProtocol_v1Unpack:170) protocol frame length error [0m
[37m[24.280][linker]-[Debug]-[DjiLinker_DeInit:171) deinit linker success, protocol:2, channelId:0 [0m
[37m[24.280][adapter]-[Debug]-[DjiAccessAdapter_IdentifyUart0InfoAndAircraftSeries:713) Try (p, s, r, c) = (2, 0x0507, 0x0503, 0x03fd) [0m
[37m[24.288][linker]-[Debug]-[DjiLinker_Init:129) init linker success, protocol:2, channelId:0 [0m
[37m[24.288][linker]-[Debug]-[DjiProtocol_v1Pack:123) <0000>V1-Send: 0x0507->0x0503 0x03FD [0m
[37m[24.308][linker]-[Debug]-[DjiProtocol_v1Pack:123) <0x01>V1-Send: 0x0507->0x0503 0x03FD [0m
[37m[24.328][linker]-[Debug]-[DjiProtocol_v1Pack:123) <0x02>V1-Send: 0x0507->0x0503 0x03FD [0m
[37m[24.348][linker]-[Debug]-[DjiProtocol_v1Pack:123) <0x03>V1-Send: 0x0507->0x0503 0x03FD [0m
[37m[24.368][linker]-[Debug]-[DjiProtocol_v1Pack:123) <0x04>V1-Send: 0x0507->0x0503 0x03FD [0m
[37m[24.389][linker]-[Debug]-[DjiLinker_DeInit:171) deinit linker success, protocol:2, channelId:0 [0m
[37m[24.396][linker]-[Debug]-[DjiLinker_Init:129) init linker success, protocol:2, channelId:0 [0m
[37m[24.396][linker]-[Debug]-[DjiProtocol_v1Pack:123) <0000>V1-Send: 0x0507->0x0503 0x03FD [0m
[37m[24.416][linker]-[Debug]-[DjiProtocol_v1Pack:123) <0x01>V1-Send: 0x0507->0x0503 0x03FD [0m
[37m[24.436][linker]-[Debug]-[DjiProtocol_v1Pack:123) <0x02>V1-Send: 0x0507->0x0503 0x03FD [0m
[37m[24.456][linker]-[Debug]-[DjiProtocol_v1Pack:123) <0x03>V1-Send: 0x0507->0x0503 0x03FD [0m
[37m[24.476][linker]-[Debug]-[DjiProtocol_v1Pack:123) <0x04>V1-Send: 0x0507->0x0503 0x03FD [0m
[37m[24.497][linker]-[Debug]-[DjiLinker_DeInit:171) deinit linker success, protocol:2, channelId:0 [0m
[37m[24.504][linker]-[Debug]-[DjiLinker_Init:129) init linker success, protocol:2, channelId:0 [0m
[37m[24.504][linker]-[Debug]-[DjiProtocol_v1Pack:123) <0000>V1-Send: 0x0507->0x0503 0x03FD [0m
[37m[24.514][linker]-[Debug]-[DjiProtocol_v1Unpack:170) protocol frame length error [0m
[37m[24.524][linker]-[Debug]-[DjiProtocol_v1Pack:123) <0x01>V1-Send: 0x0507->0x0503 0x03FD [0m
[37m[24.541][linker]-[Debug]-[DjiProtocol_v1Unpack:170) protocol frame length error [0m
[37m[24.544][linker]-[Debug]-[DjiProtocol_v1Pack:123) <0x02>V1-Send: 0x0507->0x0503 0x03FD [0m
[37m[24.548][linker]-[Debug]-[DjiProtocol_v1Unpack:170) protocol frame length error [0m
[37m[24.564][linker]-[Debug]-[DjiProtocol_v1Pack:123) <0x03>V1-Send: 0x0507->0x0503 0x03FD [0m
[37m[24.585][linker]-[Debug]-[DjiProtocol_v1Pack:123) <0x04>V1-Send: 0x0507->0x0503 0x03FD [0m
[37m[24.605][linker]-[Debug]-[DjiLinker_DeInit:171) deinit linker success, protocol:2, channelId:0 [0m
[37m[24.612][linker]-[Debug]-[DjiLinker_Init:129) init linker success, protocol:2, channelId:0 [0m
[37m[24.612][linker]-[Debug]-[DjiProtocol_v1Pack:123) <0000>V1-Send: 0x0507->0x0503 0x03FD [0m
[37m[24.633][linker]-[Debug]-[DjiProtocol_v1Pack:123) <0x01>V1-Send: 0x0507->0x0503 0x03FD [0m
[37m[24.653][linker]-[Debug]-[DjiProtocol_v1Pack:123) <0x02>V1-Send: 0x0507->0x0503 0x03FD [0m
[37m[24.673][linker]-[Debug]-[DjiProtocol_v1Pack:123) <0x03>V1-Send: 0x0507->0x0503 0x03FD [0m
[37m[24.693][linker]-[Debug]-[DjiProtocol_v1Pack:123) <0x04>V1-Send: 0x0507->0x0503 0x03FD [0m
[37m[24.713][linker]-[Debug]-[DjiLinker_DeInit:171) deinit linker success, protocol:2, channelId:0 [0m
[37m[24.721][linker]-[Debug]-[DjiLinker_Init:129) init linker success, protocol:2, channelId:0 [0m
[37m[24.721][linker]-[Debug]-[DjiProtocol_v1Pack:123) <0000>V1-Send: 0x0507->0x0503 0x03FD [0m
[37m[24.741][linker]-[Debug]-[DjiProtocol_v1Pack:123) <0x01>V1-Send: 0x0507->0x0503 0x03FD [0m
[37m[24.761][linker]-[Debug]-[DjiProtocol_v1Pack:123) <0x02>V1-Send: 0x0507->0x0503 0x03FD [0m
[37m[24.781][linker]-[Debug]-[DjiProtocol_v1Pack:123) <0x03>V1-Send: 0x0507->0x0503 0x03FD [0m
[37m[24.801][linker]-[Debug]-[DjiProtocol_v1Pack:123) <0x04>V1-Send: 0x0507->0x0503 0x03FD [0m
[37m[24.822][linker]-[Debug]-[DjiLinker_DeInit:171) deinit linker success, protocol:2, channelId:0 [0m
[37m[24.822][adapter]-[Debug]-[DjiAccessAdapter_IdentifyUart0InfoAndAircraftSeries:776) Try (p, s, r, c) = (2, 0x0a06, 0x0300, 0x03fd) [0m
[37m[24.829][linker]-[Debug]-[DjiLinker_Init:129) init linker success, protocol:2, channelId:0 [0m
[37m[24.829][linker]-[Debug]-[DjiProtocol_v1Pack:123) <0000>V1-Send: 0x0A06->0x0300 0x03FD [0m
[37m[24.849][linker]-[Debug]-[DjiProtocol_v1Pack:123) <0x01>V1-Send: 0x0A06->0x0300 0x03FD [0m
[37m[24.869][linker]-[Debug]-[DjiProtocol_v1Pack:123) <0x02>V1-Send: 0x0A06->0x0300 0x03FD [0m
[37m[24.889][linker]-[Debug]-[DjiProtocol_v1Pack:123) <0x03>V1-Send: 0x0A06->0x0300 0x03FD [0m
[37m[24.909][linker]-[Debug]-[DjiProtocol_v1Pack:123) <0x04>V1-Send: 0x0A06->0x0300 0x03FD [0m
[37m[24.930][linker]-[Debug]-[DjiLinker_DeInit:171) deinit linker success, protocol:2, channelId:0 [0m
[37m[24.937][linker]-[Debug]-[DjiLinker_Init:129) init linker success, protocol:2, channelId:0 [0m
[37m[24.937][linker]-[Debug]-[DjiProtocol_v1Pack:123) <0000>V1-Send: 0x0A06->0x0300 0x03FD [0m
[37m[24.957][linker]-[Debug]-[DjiProtocol_v1Pack:123) <0x01>V1-Send: 0x0A06->0x0300 0x03FD [0m
[37m[24.977][linker]-[Debug]-[DjiProtocol_v1Pack:123) <0x02>V1-Send: 0x0A06->0x0300 0x03FD [0m
[37m[24.997][linker]-[Debug]-[DjiProtocol_v1Pack:123) <0x03>V1-Send: 0x0A06->0x0300 0x03FD [0m
[37m[25.017][linker]-[Debug]-[DjiProtocol_v1Pack:123) <0x04>V1-Send: 0x0A06->0x0300 0x03FD [0m
[37m[25.027][utils]-[Debug]-[DjiCore_RootTask:131) work execution time: [0m
[37m[25.027][utils]-[Debug]-[DjiCore_RootTask:132) name	                execution time (ms)	  max execution time (ms) [0m
[37m[25.027][utils]-[Debug]-[DjiCore_RootTask:134) recorderWork                    	1       	1        [0m
[37m[25.027][utils]-[Debug]-[DjiCore_RootTask:134) flowControllerTask              	0       	1        [0m
[37m[25.038][linker]-[Debug]-[DjiLinker_DeInit:171) deinit linker success, protocol:2, channelId:0 [0m
[37m[25.046][linker]-[Debug]-[DjiProtocol_v1Unpack:170) protocol frame length error [0m
[37m[25.046][linker]-[Debug]-[DjiLinker_Init:129) init linker success, protocol:2, channelId:0 [0m
[37m[25.046][linker]-[Debug]-[DjiProtocol_v1Pack:123) <0000>V1-Send: 0x0A06->0x0300 0x03FD [0m
[37m[25.048][linker]-[Debug]-[DjiProtocol_v1Unpack:170) protocol frame length error [0m
[37m[25.057][linker]-[Debug]-[DjiProtocol_v1Unpack:170) protocol frame length error [0m
[37m[25.062][linker]-[Debug]-[DjiProtocol_v1Unpack:170) protocol frame length error [0m
[37m[25.066][linker]-[Debug]-[DjiProtocol_v1Pack:123) <0x01>V1-Send: 0x0A06->0x0300 0x03FD [0m
[37m[25.075][linker]-[Debug]-[DjiProtocol_v1Unpack:170) protocol frame length error [0m
[37m[25.076][linker]-[Debug]-[DjiProtocol_v1Unpack:170) protocol frame length error [0m
[37m[25.086][linker]-[Debug]-[DjiProtocol_v1Pack:123) <0x02>V1-Send: 0x0A06->0x0300 0x03FD [0m
[37m[25.097][linker]-[Debug]-[DjiProtocol_v1Unpack:170) protocol frame length error [0m
[37m[25.107][linker]-[Debug]-[DjiProtocol_v1Pack:123) <0x03>V1-Send: 0x0A06->0x0300 0x03FD [0m
[37m[25.122][linker]-[Debug]-[DjiProtocol_v1Unpack:170) protocol frame length error [0m
[37m[25.125][linker]-[Debug]-[DjiProtocol_v1Unpack:170) protocol frame length error [0m
[37m[25.127][linker]-[Debug]-[DjiProtocol_v1Pack:123) <0x04>V1-Send: 0x0A06->0x0300 0x03FD [0m
[37m[25.127][linker]-[Debug]-[DjiProtocol_v1Unpack:170) protocol frame length error [0m
[33m[25.130][linker]-[Warn]-[DjiProtocol_v1Unpack:178) protocol frame crc8 error [0m
[37m[25.139][linker]-[Debug]-[DjiProtocol_v1Unpack:170) protocol frame length error [0m
[37m[25.148][linker]-[Debug]-[DjiLinker_DeInit:171) deinit linker success, protocol:2, channelId:0 [0m
[37m[25.161][linker]-[Debug]-[DjiLinker_Init:129) init linker success, protocol:2, channelId:0 [0m
[37m[25.161][linker]-[Debug]-[DjiProtocol_v1Pack:123) <0000>V1-Send: 0x0A06->0x0300 0x03FD [0m
[37m[25.181][linker]-[Debug]-[DjiProtocol_v1Pack:123) <0x01>V1-Send: 0x0A06->0x0300 0x03FD [0m
[37m[25.202][linker]-[Debug]-[DjiProtocol_v1Pack:123) <0x02>V1-Send: 0x0A06->0x0300 0x03FD [0m
[37m[25.222][linker]-[Debug]-[DjiProtocol_v1Pack:123) <0x03>V1-Send: 0x0A06->0x0300 0x03FD [0m
[37m[25.242][linker]-[Debug]-[DjiProtocol_v1Pack:123) <0x04>V1-Send: 0x0A06->0x0300 0x03FD [0m
[37m[25.263][linker]-[Debug]-[DjiLinker_DeInit:171) deinit linker success, protocol:2, channelId:0 [0m
[37m[25.270][linker]-[Debug]-[DjiLinker_Init:129) init linker success, protocol:2, channelId:0 [0m
[37m[25.270][linker]-[Debug]-[DjiProtocol_v1Pack:123) <0000>V1-Send: 0x0A06->0x0300 0x03FD [0m
[37m[25.290][linker]-[Debug]-[DjiProtocol_v1Pack:123) <0x01>V1-Send: 0x0A06->0x0300 0x03FD [0m
[37m[25.310][linker]-[Debug]-[DjiProtocol_v1Pack:123) <0x02>V1-Send: 0x0A06->0x0300 0x03FD [0m
[37m[25.331][linker]-[Debug]-[DjiProtocol_v1Pack:123) <0x03>V1-Send: 0x0A06->0x0300 0x03FD [0m
[37m[25.351][linker]-[Debug]-[DjiProtocol_v1Pack:123) <0x04>V1-Send: 0x0A06->0x0300 0x03FD [0m
[37m[25.371][linker]-[Debug]-[DjiLinker_DeInit:171) deinit linker success, protocol:2, channelId:0 [0m
[37m[25.371][adapter]-[Debug]-[DjiAccessAdapter_IdentifyUart0InfoAndAircraftSeries:840) Try (p, s, r, c) = (2, 0x0503, 0x0801, 0x0001) [0m
[37m[25.378][linker]-[Debug]-[DjiLinker_Init:129) init linker success, protocol:2, channelId:0 [0m
[37m[25.378][linker]-[Debug]-[DjiProtocol_v1Pack:123) <0000>V1-Send: 0x0503->0x0801 0x0001 [0m
[37m[25.398][linker]-[Debug]-[DjiProtocol_v1Pack:123) <0x01>V1-Send: 0x0503->0x0801 0x0001 [0m
[37m[25.418][linker]-[Debug]-[DjiProtocol_v1Pack:123) <0x02>V1-Send: 0x0503->0x0801 0x0001 [0m
[37m[25.439][linker]-[Debug]-[DjiProtocol_v1Pack:123) <0x03>V1-Send: 0x0503->0x0801 0x0001 [0m
[37m[25.459][linker]-[Debug]-[DjiProtocol_v1Pack:123) <0x04>V1-Send: 0x0503->0x0801 0x0001 [0m
[37m[25.479][linker]-[Debug]-[DjiLinker_DeInit:171) deinit linker success, protocol:2, channelId:0 [0m
[37m[25.486][linker]-[Debug]-[DjiLinker_Init:129) init linker success, protocol:2, channelId:0 [0m
[37m[25.486][linker]-[Debug]-[DjiProtocol_v1Pack:123) <0000>V1-Send: 0x0503->0x0801 0x0001 [0m
[37m[25.506][linker]-[Debug]-[DjiProtocol_v1Pack:123) <0x01>V1-Send: 0x0503->0x0801 0x0001 [0m
[37m[25.527][linker]-[Debug]-[DjiProtocol_v1Pack:123) <0x02>V1-Send: 0x0503->0x0801 0x0001 [0m
[37m[25.547][linker]-[Debug]-[DjiProtocol_v1Pack:123) <0x03>V1-Send: 0x0503->0x0801 0x0001 [0m
[37m[25.567][linker]-[Debug]-[DjiProtocol_v1Pack:123) <0x04>V1-Send: 0x0503->0x0801 0x0001 [0m
[37m[25.587][linker]-[Debug]-[DjiLinker_DeInit:171) deinit linker success, protocol:2, channelId:0 [0m
[37m[25.594][linker]-[Debug]-[DjiLinker_Init:129) init linker success, protocol:2, channelId:0 [0m
[37m[25.594][linker]-[Debug]-[DjiProtocol_v1Pack:123) <0000>V1-Send: 0x0503->0x0801 0x0001 [0m
[37m[25.603][linker]-[Debug]-[DjiProtocol_v1Unpack:170) protocol frame length error [0m
[37m[25.615][linker]-[Debug]-[DjiProtocol_v1Pack:123) <0x01>V1-Send: 0x0503->0x0801 0x0001 [0m
[37m[25.617][linker]-[Debug]-[DjiProtocol_v1Unpack:170) protocol frame length error [0m
[37m[25.626][linker]-[Debug]-[DjiProtocol_v1Unpack:170) protocol frame length error [0m
[37m[25.635][linker]-[Debug]-[DjiProtocol_v1Pack:123) <0x02>V1-Send: 0x0503->0x0801 0x0001 [0m
[37m[25.641][linker]-[Debug]-[DjiProtocol_v1Unpack:170) protocol frame length error [0m
[37m[25.643][linker]-[Debug]-[DjiProtocol_v1Unpack:170) protocol frame length error [0m
[37m[25.646][linker]-[Debug]-[DjiProtocol_v1Unpack:170) protocol frame length error [0m
[37m[25.649][linker]-[Debug]-[DjiProtocol_v1Unpack:170) protocol frame length error [0m
[37m[25.655][linker]-[Debug]-[DjiProtocol_v1Pack:123) <0x03>V1-Send: 0x0503->0x0801 0x0001 [0m
[37m[25.662][linker]-[Debug]-[DjiProtocol_v1Unpack:170) protocol frame length error [0m
[37m[25.665][linker]-[Debug]-[DjiProtocol_v1Unpack:170) protocol frame length error [0m
[33m[25.670][linker]-[Warn]-[DjiProtocol_v1Unpack:178) protocol frame crc8 error [0m
[37m[25.671][linker]-[Debug]-[DjiProtocol_v1Unpack:170) protocol frame length error [0m
[37m[25.675][linker]-[Debug]-[DjiProtocol_v1Pack:123) <0x04>V1-Send: 0x0503->0x0801 0x0001 [0m
[37m[25.676][linker]-[Debug]-[DjiProtocol_v1Unpack:170) protocol frame length error [0m
[37m[25.677][linker]-[Debug]-[DjiProtocol_v1Unpack:170) protocol frame length error [0m
[37m[25.678][linker]-[Debug]-[DjiProtocol_v1Unpack:170) protocol frame length error [0m
[37m[25.693][linker]-[Debug]-[DjiProtocol_v1Unpack:170) protocol frame length error [0m
[37m[25.696][linker]-[Debug]-[DjiLinker_DeInit:171) deinit linker success, protocol:2, channelId:0 [0m
[37m[25.710][linker]-[Debug]-[DjiLinker_Init:129) init linker success, protocol:2, channelId:0 [0m
[37m[25.710][linker]-[Debug]-[DjiProtocol_v1Pack:123) <0000>V1-Send: 0x0503->0x0801 0x0001 [0m
[37m[25.730][linker]-[Debug]-[DjiProtocol_v1Pack:123) <0x01>V1-Send: 0x0503->0x0801 0x0001 [0m
[37m[25.750][linker]-[Debug]-[DjiProtocol_v1Pack:123) <0x02>V1-Send: 0x0503->0x0801 0x0001 [0m
[37m[25.771][linker]-[Debug]-[DjiProtocol_v1Pack:123) <0x03>V1-Send: 0x0503->0x0801 0x0001 [0m
[37m[25.791][linker]-[Debug]-[DjiProtocol_v1Pack:123) <0x04>V1-Send: 0x0503->0x0801 0x0001 [0m
[37m[25.812][linker]-[Debug]-[DjiLinker_DeInit:171) deinit linker success, protocol:2, channelId:0 [0m
[37m[25.819][linker]-[Debug]-[DjiLinker_Init:129) init linker success, protocol:2, channelId:0 [0m
[37m[25.819][linker]-[Debug]-[DjiProtocol_v1Pack:123) <0000>V1-Send: 0x0503->0x0801 0x0001 [0m
[37m[25.839][linker]-[Debug]-[DjiProtocol_v1Pack:123) <0x01>V1-Send: 0x0503->0x0801 0x0001 [0m
[37m[25.859][linker]-[Debug]-[DjiProtocol_v1Pack:123) <0x02>V1-Send: 0x0503->0x0801 0x0001 [0m
[37m[25.879][linker]-[Debug]-[DjiProtocol_v1Pack:123) <0x03>V1-Send: 0x0503->0x0801 0x0001 [0m
[37m[25.899][linker]-[Debug]-[DjiProtocol_v1Pack:123) <0x04>V1-Send: 0x0503->0x0801 0x0001 [0m
[37m[25.920][linker]-[Debug]-[DjiLinker_DeInit:171) deinit linker success, protocol:2, channelId:0 [0m
[37m[25.920][adapter]-[Debug]-[DjiAccessAdapter_IdentifyUart0InfoAndAircraftSeries:907) Try (p, s, r, c) = (2, 0x0503, 0x0701, 0x0001) [0m
[37m[25.927][linker]-[Debug]-[DjiLinker_Init:129) init linker success, protocol:2, channelId:0 [0m
[37m[25.927][linker]-[Debug]-[DjiProtocol_v1Pack:123) <0000>V1-Send: 0x0503->0x0701 0x0001 [0m
[37m[25.947][linker]-[Debug]-[DjiProtocol_v1Pack:123) <0x01>V1-Send: 0x0503->0x0701 0x0001 [0m
[37m[25.967][linker]-[Debug]-[DjiProtocol_v1Pack:123) <0x02>V1-Send: 0x0503->0x0701 0x0001 [0m
[37m[25.987][linker]-[Debug]-[DjiProtocol_v1Pack:123) <0x03>V1-Send: 0x0503->0x0701 0x0001 [0m
[37m[26.007][linker]-[Debug]-[DjiProtocol_v1Pack:123) <0x04>V1-Send: 0x0503->0x0701 0x0001 [0m
[37m[26.028][linker]-[Debug]-[DjiLinker_DeInit:171) deinit linker success, protocol:2, channelId:0 [0m
[37m[26.035][linker]-[Debug]-[DjiLinker_Init:129) init linker success, protocol:2, channelId:0 [0m
[37m[26.035][linker]-[Debug]-[DjiProtocol_v1Pack:123) <0000>V1-Send: 0x0503->0x0701 0x0001 [0m
[37m[26.055][linker]-[Debug]-[DjiProtocol_v1Pack:123) <0x01>V1-Send: 0x0503->0x0701 0x0001 [0m
[37m[26.075][linker]-[Debug]-[DjiProtocol_v1Pack:123) <0x02>V1-Send: 0x0503->0x0701 0x0001 [0m
[37m[26.095][linker]-[Debug]-[DjiProtocol_v1Pack:123) <0x03>V1-Send: 0x0503->0x0701 0x0001 [0m
[37m[26.113][utils]-[Debug]-[DjiCore_RootTask:131) work execution time: [0m
[37m[26.113][utils]-[Debug]-[DjiCore_RootTask:132) name	                execution time (ms)	  max execution time (ms) [0m
[37m[26.113][utils]-[Debug]-[DjiCore_RootTask:134) recorderWork                    	1       	1        [0m
[37m[26.113][utils]-[Debug]-[DjiCore_RootTask:134) flowControllerTask              	0       	1        [0m
[37m[26.115][linker]-[Debug]-[DjiProtocol_v1Pack:123) <0x04>V1-Send: 0x0503->0x0701 0x0001 [0m
[37m[26.136][linker]-[Debug]-[DjiLinker_DeInit:171) deinit linker success, protocol:2, channelId:0 [0m
[37m[26.143][linker]-[Debug]-[DjiLinker_Init:129) init linker success, protocol:2, channelId:0 [0m
[37m[26.143][linker]-[Debug]-[DjiProtocol_v1Pack:123) <0000>V1-Send: 0x0503->0x0701 0x0001 [0m
[37m[26.163][linker]-[Debug]-[DjiProtocol_v1Pack:123) <0x01>V1-Send: 0x0503->0x0701 0x0001 [0m
[37m[26.183][linker]-[Debug]-[DjiProtocol_v1Pack:123) <0x02>V1-Send: 0x0503->0x0701 0x0001 [0m
[37m[26.188][linker]-[Debug]-[DjiProtocol_v1Unpack:170) protocol frame length error [0m
[37m[26.196][linker]-[Debug]-[DjiProtocol_v1Unpack:170) protocol frame length error [0m
[37m[26.203][linker]-[Debug]-[DjiProtocol_v1Pack:123) <0x03>V1-Send: 0x0503->0x0701 0x0001 [0m
[37m[26.223][linker]-[Debug]-[DjiProtocol_v1Pack:123) <0x04>V1-Send: 0x0503->0x0701 0x0001 [0m
[37m[26.230][linker]-[Debug]-[DjiProtocol_v1Unpack:170) protocol frame length error [0m
[37m[26.235][linker]-[Debug]-[DjiProtocol_v1Unpack:170) protocol frame length error [0m
[37m[26.244][linker]-[Debug]-[DjiLinker_DeInit:171) deinit linker success, protocol:2, channelId:0 [0m
[37m[26.251][linker]-[Debug]-[DjiLinker_Init:129) init linker success, protocol:2, channelId:0 [0m
[37m[26.251][linker]-[Debug]-[DjiProtocol_v1Pack:123) <0000>V1-Send: 0x0503->0x0701 0x0001 [0m
[37m[26.271][linker]-[Debug]-[DjiProtocol_v1Pack:123) <0x01>V1-Send: 0x0503->0x0701 0x0001 [0m
[37m[26.291][linker]-[Debug]-[DjiProtocol_v1Pack:123) <0x02>V1-Send: 0x0503->0x0701 0x0001 [0m
[37m[26.312][linker]-[Debug]-[DjiProtocol_v1Pack:123) <0x03>V1-Send: 0x0503->0x0701 0x0001 [0m
[37m[26.332][linker]-[Debug]-[DjiProtocol_v1Pack:123) <0x04>V1-Send: 0x0503->0x0701 0x0001 [0m
[37m[26.352][linker]-[Debug]-[DjiLinker_DeInit:171) deinit linker success, protocol:2, channelId:0 [0m
[37m[26.360][linker]-[Debug]-[DjiLinker_Init:129) init linker success, protocol:2, channelId:0 [0m
[37m[26.360][linker]-[Debug]-[DjiProtocol_v1Pack:123) <0000>V1-Send: 0x0503->0x0701 0x0001 [0m
[37m[26.380][linker]-[Debug]-[DjiProtocol_v1Pack:123) <0x01>V1-Send: 0x0503->0x0701 0x0001 [0m
[37m[26.400][linker]-[Debug]-[DjiProtocol_v1Pack:123) <0x02>V1-Send: 0x0503->0x0701 0x0001 [0m
[37m[26.420][linker]-[Debug]-[DjiProtocol_v1Pack:123) <0x03>V1-Send: 0x0503->0x0701 0x0001 [0m
[37m[26.440][linker]-[Debug]-[DjiProtocol_v1Pack:123) <0x04>V1-Send: 0x0503->0x0701 0x0001 [0m
[37m[26.461][linker]-[Debug]-[DjiLinker_DeInit:171) deinit linker success, protocol:2, channelId:0 [0m
[37m[26.461][adapter]-[Debug]-[DjiAccessAdapter_IdentifyUart0InfoAndAircraftSeries:974) Try (p, s, r, c) = (2, 0x0a07, 0x0300, 0x03fd) [0m
[37m[26.469][linker]-[Debug]-[DjiLinker_Init:129) init linker success, protocol:2, channelId:0 [0m
[37m[26.469][linker]-[Debug]-[DjiProtocol_v1Pack:123) <0000>V1-Send: 0x0A07->0x0300 0x03FD [0m
[37m[26.489][linker]-[Debug]-[DjiProtocol_v1Pack:123) <0x01>V1-Send: 0x0A07->0x0300 0x03FD [0m
[37m[26.509][linker]-[Debug]-[DjiProtocol_v1Pack:123) <0x02>V1-Send: 0x0A07->0x0300 0x03FD [0m
[37m[26.529][linker]-[Debug]-[DjiProtocol_v1Pack:123) <0x03>V1-Send: 0x0A07->0x0300 0x03FD [0m
[37m[26.549][linker]-[Debug]-[DjiProtocol_v1Pack:123) <0x04>V1-Send: 0x0A07->0x0300 0x03FD [0m
[37m[26.570][linker]-[Debug]-[DjiLinker_DeInit:171) deinit linker success, protocol:2, channelId:0 [0m
[37m[26.577][linker]-[Debug]-[DjiLinker_Init:129) init linker success, protocol:2, channelId:0 [0m
[37m[26.577][linker]-[Debug]-[DjiProtocol_v1Pack:123) <0000>V1-Send: 0x0A07->0x0300 0x03FD [0m
[37m[26.597][linker]-[Debug]-[DjiProtocol_v1Pack:123) <0x01>V1-Send: 0x0A07->0x0300 0x03FD [0m
[37m[26.617][linker]-[Debug]-[DjiProtocol_v1Pack:123) <0x02>V1-Send: 0x0A07->0x0300 0x03FD [0m
[37m[26.637][linker]-[Debug]-[DjiProtocol_v1Pack:123) <0x03>V1-Send: 0x0A07->0x0300 0x03FD [0m
[37m[26.657][linker]-[Debug]-[DjiProtocol_v1Pack:123) <0x04>V1-Send: 0x0A07->0x0300 0x03FD [0m
[37m[26.678][linker]-[Debug]-[DjiLinker_DeInit:171) deinit linker success, protocol:2, channelId:0 [0m
[37m[26.685][linker]-[Debug]-[DjiLinker_Init:129) init linker success, protocol:2, channelId:0 [0m
[37m[26.685][linker]-[Debug]-[DjiProtocol_v1Pack:123) <0000>V1-Send: 0x0A07->0x0300 0x03FD [0m
[37m[26.705][linker]-[Debug]-[DjiProtocol_v1Pack:123) <0x01>V1-Send: 0x0A07->0x0300 0x03FD [0m
[37m[26.711][linker]-[Debug]-[DjiProtocol_v1Unpack:170) protocol frame length error [0m
[37m[26.725][linker]-[Debug]-[DjiProtocol_v1Pack:123) <0x02>V1-Send: 0x0A07->0x0300 0x03FD [0m
[37m[26.745][linker]-[Debug]-[DjiProtocol_v1Pack:123) <0x03>V1-Send: 0x0A07->0x0300 0x03FD [0m
[37m[26.756][linker]-[Debug]-[DjiProtocol_v1Unpack:170) protocol frame length error [0m
[37m[26.766][linker]-[Debug]-[DjiProtocol_v1Pack:123) <0x04>V1-Send: 0x0A07->0x0300 0x03FD [0m
[37m[26.786][linker]-[Debug]-[DjiLinker_DeInit:171) deinit linker success, protocol:2, channelId:0 [0m
[37m[26.793][linker]-[Debug]-[DjiLinker_Init:129) init linker success, protocol:2, channelId:0 [0m
[37m[26.793][linker]-[Debug]-[DjiProtocol_v1Pack:123) <0000>V1-Send: 0x0A07->0x0300 0x03FD [0m
[37m[26.813][linker]-[Debug]-[DjiProtocol_v1Pack:123) <0x01>V1-Send: 0x0A07->0x0300 0x03FD [0m
[37m[26.833][linker]-[Debug]-[DjiProtocol_v1Pack:123) <0x02>V1-Send: 0x0A07->0x0300 0x03FD [0m
[37m[26.854][linker]-[Debug]-[DjiProtocol_v1Pack:123) <0x03>V1-Send: 0x0A07->0x0300 0x03FD [0m
[37m[26.874][linker]-[Debug]-[DjiProtocol_v1Pack:123) <0x04>V1-Send: 0x0A07->0x0300 0x03FD [0m
[37m[26.894][linker]-[Debug]-[DjiLinker_DeInit:171) deinit linker success, protocol:2, channelId:0 [0m
[37m[26.901][linker]-[Debug]-[DjiLinker_Init:129) init linker success, protocol:2, channelId:0 [0m
[37m[26.901][linker]-[Debug]-[DjiProtocol_v1Pack:123) <0000>V1-Send: 0x0A07->0x0300 0x03FD [0m
[37m[26.922][linker]-[Debug]-[DjiProtocol_v1Pack:123) <0x01>V1-Send: 0x0A07->0x0300 0x03FD [0m
[37m[26.942][linker]-[Debug]-[DjiProtocol_v1Pack:123) <0x02>V1-Send: 0x0A07->0x0300 0x03FD [0m
[37m[26.962][linker]-[Debug]-[DjiProtocol_v1Pack:123) <0x03>V1-Send: 0x0A07->0x0300 0x03FD [0m
[37m[26.982][linker]-[Debug]-[DjiProtocol_v1Pack:123) <0x04>V1-Send: 0x0A07->0x0300 0x03FD [0m
[37m[27.002][linker]-[Debug]-[DjiLinker_DeInit:171) deinit linker success, protocol:2, channelId:0 [0m
[37m[27.002][adapter]-[Debug]-[DjiAccessAdapter_IdentifyUart0InfoAndAircraftSeries:1046) Try (p, s, r, c) = (1, 0x0a00, 0x0300, 0x0000) [0m
[37m[27.009][linker]-[Debug]-[DjiLinker_Init:129) init linker success, protocol:1, channelId:0 [0m
[37m[27.010][linker]-[Debug]-[DjiProtocol_sdkPack:183) SDK-Send: 0x0A->0x03 0x0000 [0m
[37m[27.030][linker]-[Debug]-[DjiProtocol_sdkPack:183) SDK-Send: 0x0A->0x03 0x0000 [0m
[37m[27.050][linker]-[Debug]-[DjiProtocol_sdkPack:183) SDK-Send: 0x0A->0x03 0x0000 [0m
[37m[27.070][linker]-[Debug]-[DjiProtocol_sdkPack:183) SDK-Send: 0x0A->0x03 0x0000 [0m
[37m[27.090][linker]-[Debug]-[DjiProtocol_sdkPack:183) SDK-Send: 0x0A->0x03 0x0000 [0m
[37m[27.110][linker]-[Debug]-[DjiLinker_DeInit:171) deinit linker success, protocol:1, channelId:0 [0m
[37m[27.117][linker]-[Debug]-[DjiLinker_Init:129) init linker success, protocol:1, channelId:0 [0m
[37m[27.117][linker]-[Debug]-[DjiProtocol_sdkPack:183) SDK-Send: 0x0A->0x03 0x0000 [0m
[37m[27.138][linker]-[Debug]-[DjiProtocol_sdkPack:183) SDK-Send: 0x0A->0x03 0x0000 [0m
[37m[27.156][linker]-[Debug]-[DjiProtocol_sdkUnpack:219) protocol frame length error [0m
[37m[27.158][linker]-[Debug]-[DjiProtocol_sdkPack:183) SDK-Send: 0x0A->0x03 0x0000 [0m
[37m[27.164][linker]-[Debug]-[DjiProtocol_sdkUnpack:219) protocol frame length error [0m
[37m[27.178][linker]-[Debug]-[DjiProtocol_sdkPack:183) SDK-Send: 0x0A->0x03 0x0000 [0m
[37m[27.188][utils]-[Debug]-[DjiCore_RootTask:131) work execution time: [0m
[37m[27.188][utils]-[Debug]-[DjiCore_RootTask:132) name	                execution time (ms)	  max execution time (ms) [0m
[37m[27.188][utils]-[Debug]-[DjiCore_RootTask:134) recorderWork                    	1       	1        [0m
[37m[27.188][utils]-[Debug]-[DjiCore_RootTask:134) flowControllerTask              	0       	1        [0m
[37m[27.191][linker]-[Debug]-[DjiProtocol_sdkUnpack:219) protocol frame length error [0m
[37m[27.193][linker]-[Debug]-[DjiProtocol_sdkUnpack:219) protocol frame length error [0m
[37m[27.195][linker]-[Debug]-[DjiProtocol_sdkUnpack:219) protocol frame length error [0m
[37m[27.198][linker]-[Debug]-[DjiProtocol_sdkPack:183) SDK-Send: 0x0A->0x03 0x0000 [0m
[37m[27.218][linker]-[Debug]-[DjiLinker_DeInit:171) deinit linker success, protocol:1, channelId:0 [0m
[37m[27.225][linker]-[Debug]-[DjiProtocol_sdkUnpack:276) SDK-Recv: 0x03->0x0A 0x0205 [0m
[37m[27.225][linker]-[Debug]-[DjiLinker_Init:129) init linker success, protocol:1, channelId:0 [0m
[37m[27.225][linker]-[Debug]-[DjiProtocol_sdkPack:183) SDK-Send: 0x0A->0x03 0x0000 [0m
[37m[27.227][linker]-[Debug]-[DjiProtocol_sdkUnpack:276) SDK-Recv: 0x03->0x0A 0x0205 [0m
[37m[27.229][linker]-[Debug]-[DjiProtocol_sdkUnpack:276) SDK-Recv: 0x03->0x0A 0x0205 [0m
[37m[27.229][linker]-[Debug]-[DjiProtocol_sdkUnpack:276) SDK-Recv: 0x03->0x0A 0x0205 [0m
[31m[27.233][linker]-[Error]-[DjiProtocol_sdkUnpack:237) protocol frame crc32 error [0m
[37m[27.234][linker]-[Debug]-[DjiProtocol_sdkUnpack:276) SDK-Recv: 0x03->0x0A 0x0205 [0m
[37m[27.236][linker]-[Debug]-[DjiProtocol_sdkUnpack:276) SDK-Recv: 0x03->0x0A 0x0205 [0m
[37m[27.238][linker]-[Debug]-[DjiProtocol_sdkUnpack:276) SDK-Recv: 0x03->0x0A 0x0205 [0m
[37m[27.240][linker]-[Debug]-[DjiProtocol_sdkUnpack:276) SDK-Recv: 0x03->0x0A 0x0205 [0m
[37m[27.242][linker]-[Debug]-[DjiProtocol_sdkUnpack:276) SDK-Recv: 0x03->0x0A 0x0205 [0m
[37m[27.242][linker]-[Debug]-[DjiProtocol_sdkUnpack:276) SDK-Recv: 0x03->0x0A 0x0205 [0m
[37m[27.243][linker]-[Debug]-[DjiProtocol_sdkUnpack:276) SDK-Recv: 0x03->0x0A 0x0205 [0m
[37m[27.245][linker]-[Debug]-[DjiProtocol_sdkPack:183) SDK-Send: 0x0A->0x03 0x0000 [0m
[37m[27.247][linker]-[Debug]-[DjiProtocol_sdkUnpack:276) SDK-Recv: 0x03->0x0A 0x0205 [0m
[37m[27.248][linker]-[Debug]-[DjiProtocol_sdkUnpack:276) SDK-Recv: 0x03->0x0A 0x0205 [0m
[37m[27.249][linker]-[Debug]-[DjiProtocol_sdkUnpack:276) SDK-Recv: 0x03->0x0A 0x0205 [0m
[37m[27.251][linker]-[Debug]-[DjiProtocol_sdkUnpack:276) SDK-Recv: 0x03->0x0A 0x0205 [0m
[37m[27.253][linker]-[Debug]-[DjiProtocol_sdkUnpack:276) SDK-Recv: 0x03->0x0A 0x0205 [0m
[37m[27.254][linker]-[Debug]-[DjiProtocol_sdkUnpack:276) SDK-Recv: 0x03->0x0A 0x0205 [0m
[37m[27.255][linker]-[Debug]-[DjiProtocol_sdkUnpack:276) SDK-Recv: 0x03->0x0A 0x0205 [0m
[37m[27.258][linker]-[Debug]-[DjiProtocol_sdkUnpack:276) SDK-Recv: 0x03->0x0A 0x0205 [0m
[37m[27.259][linker]-[Debug]-[DjiProtocol_sdkUnpack:276) SDK-Recv: 0x03->0x0A 0x0205 [0m
[37m[27.259][linker]-[Debug]-[DjiProtocol_sdkUnpack:276) SDK-Recv: 0x03->0x0A 0x0205 [0m
[37m[27.261][linker]-[Debug]-[DjiProtocol_sdkUnpack:276) SDK-Recv: 0x03->0x0A 0x0205 [0m
[37m[27.264][linker]-[Debug]-[DjiProtocol_sdkUnpack:276) SDK-Recv: 0x03->0x0A 0x0205 [0m
[37m[27.265][linker]-[Debug]-[DjiProtocol_sdkUnpack:276) SDK-Recv: 0x03->0x0A 0x0205 [0m
[37m[27.266][linker]-[Debug]-[DjiProtocol_sdkPack:183) SDK-Send: 0x0A->0x03 0x0000 [0m
[37m[27.267][linker]-[Debug]-[DjiProtocol_sdkUnpack:276) SDK-Recv: 0x03->0x0A 0x0205 [0m
[37m[27.268][linker]-[Debug]-[DjiProtocol_sdkUnpack:276) SDK-Recv: 0x03->0x0A 0x0205 [0m
[37m[27.270][linker]-[Debug]-[DjiProtocol_sdkUnpack:276) SDK-Recv: 0x03->0x0A 0x0205 [0m
[37m[27.273][linker]-[Debug]-[DjiProtocol_sdkUnpack:276) SDK-Recv: 0x03->0x0A 0x0205 [0m
[37m[27.273][linker]-[Debug]-[DjiProtocol_sdkUnpack:276) SDK-Recv: 0x03->0x0A 0x0205 [0m
[37m[27.274][linker]-[Debug]-[DjiProtocol_sdkUnpack:276) SDK-Recv: 0x03->0x0A 0x0205 [0m
[37m[27.277][linker]-[Debug]-[DjiProtocol_sdkUnpack:276) SDK-Recv: 0x03->0x0A 0x0205 [0m
[37m[27.279][linker]-[Debug]-[DjiProtocol_sdkUnpack:276) SDK-Recv: 0x03->0x0A 0x0205 [0m
[37m[27.280][linker]-[Debug]-[DjiProtocol_sdkUnpack:276) SDK-Recv: 0x03->0x0A 0x0205 [0m
[37m[27.282][linker]-[Debug]-[DjiProtocol_sdkUnpack:276) SDK-Recv: 0x03->0x0A 0x0205 [0m
[37m[27.282][linker]-[Debug]-[DjiProtocol_sdkUnpack:276) SDK-Recv: 0x03->0x0A 0x0205 [0m
[37m[27.284][linker]-[Debug]-[DjiProtocol_sdkUnpack:276) SDK-Recv: 0x03->0x0A 0x0205 [0m
[37m[27.286][linker]-[Debug]-[DjiProtocol_sdkPack:183) SDK-Send: 0x0A->0x03 0x0000 [0m
[31m[27.288][linker]-[Error]-[DjiProtocol_sdkUnpack:237) protocol frame crc32 error [0m
[37m[27.290][linker]-[Debug]-[DjiProtocol_sdkUnpack:219) protocol frame length error [0m
[31m[27.292][linker]-[Error]-[DjiProtocol_sdkUnpack:237) protocol frame crc32 error [0m
[37m[27.293][linker]-[Debug]-[DjiProtocol_sdkUnpack:219) protocol frame length error [0m
[37m[27.297][linker]-[Debug]-[DjiProtocol_sdkUnpack:276) SDK-Recv: 0x03->0x0A 0x0205 [0m
[31m[27.298][linker]-[Error]-[DjiProtocol_sdkUnpack:237) protocol frame crc32 error [0m
[37m[27.302][linker]-[Debug]-[DjiProtocol_sdkUnpack:276) SDK-Recv: 0x03->0x0A 0x0205 [0m
[37m[27.302][linker]-[Debug]-[DjiProtocol_sdkUnpack:276) SDK-Recv: 0x03->0x0A 0x0205 [0m
[37m[27.303][linker]-[Debug]-[DjiProtocol_sdkUnpack:276) SDK-Recv: 0x03->0x0A 0x0205 [0m
[37m[27.306][linker]-[Debug]-[DjiProtocol_sdkPack:183) SDK-Send: 0x0A->0x03 0x0000 [0m
[31m[27.308][linker]-[Error]-[DjiProtocol_sdkUnpack:237) protocol frame crc32 error [0m
[37m[27.309][linker]-[Debug]-[DjiProtocol_sdkUnpack:276) SDK-Recv: 0x03->0x0A 0x0205 [0m
[31m[27.312][linker]-[Error]-[DjiProtocol_sdkUnpack:237) protocol frame crc32 error [0m
[37m[27.313][linker]-[Debug]-[DjiProtocol_sdkUnpack:276) SDK-Recv: 0x03->0x0A 0x0205 [0m
[37m[27.314][linker]-[Debug]-[DjiProtocol_sdkUnpack:276) SDK-Recv: 0x03->0x0A 0x0205 [0m
[37m[27.318][linker]-[Debug]-[DjiProtocol_sdkUnpack:276) SDK-Recv: 0x03->0x0A 0x0205 [0m
[37m[27.319][linker]-[Debug]-[DjiProtocol_sdkUnpack:276) SDK-Recv: 0x03->0x0A 0x0205 [0m
[37m[27.319][linker]-[Debug]-[DjiProtocol_sdkUnpack:276) SDK-Recv: 0x03->0x0A 0x0205 [0m
[37m[27.322][linker]-[Debug]-[DjiProtocol_sdkUnpack:276) SDK-Recv: 0x03->0x0A 0x0205 [0m
[37m[27.323][linker]-[Debug]-[DjiProtocol_sdkUnpack:276) SDK-Recv: 0x03->0x0A 0x0205 [0m
[37m[27.324][linker]-[Debug]-[DjiProtocol_sdkUnpack:276) SDK-Recv: 0x03->0x0A 0x0205 [0m
[37m[27.327][linker]-[Debug]-[DjiLinker_DeInit:171) deinit linker success, protocol:1, channelId:0 [0m
[31m[27.336][linker]-[Error]-[DjiProtocol_sdkUnpack:237) protocol frame crc32 error [0m
[37m[27.336][linker]-[Debug]-[DjiLinker_Init:129) init linker success, protocol:1, channelId:0 [0m
[37m[27.336][linker]-[Debug]-[DjiProtocol_sdkPack:183) SDK-Send: 0x0A->0x03 0x0000 [0m
[37m[27.356][linker]-[Debug]-[DjiProtocol_sdkPack:183) SDK-Send: 0x0A->0x03 0x0000 [0m
[37m[27.377][linker]-[Debug]-[DjiProtocol_sdkPack:183) SDK-Send: 0x0A->0x03 0x0000 [0m
[37m[27.397][linker]-[Debug]-[DjiProtocol_sdkPack:183) SDK-Send: 0x0A->0x03 0x0000 [0m
[37m[27.417][linker]-[Debug]-[DjiProtocol_sdkPack:183) SDK-Send: 0x0A->0x03 0x0000 [0m
[37m[27.438][linker]-[Debug]-[DjiLinker_DeInit:171) deinit linker success, protocol:1, channelId:0 [0m
[37m[27.450][linker]-[Debug]-[DjiLinker_Init:129) init linker success, protocol:1, channelId:0 [0m
[37m[27.450][linker]-[Debug]-[DjiProtocol_sdkPack:183) SDK-Send: 0x0A->0x03 0x0000 [0m
[37m[27.471][linker]-[Debug]-[DjiProtocol_sdkPack:183) SDK-Send: 0x0A->0x03 0x0000 [0m
[37m[27.492][linker]-[Debug]-[DjiProtocol_sdkPack:183) SDK-Send: 0x0A->0x03 0x0000 [0m
[37m[27.512][linker]-[Debug]-[DjiProtocol_sdkPack:183) SDK-Send: 0x0A->0x03 0x0000 [0m
[37m[27.532][linker]-[Debug]-[DjiProtocol_sdkPack:183) SDK-Send: 0x0A->0x03 0x0000 [0m
[37m[27.553][linker]-[Debug]-[DjiLinker_DeInit:171) deinit linker success, protocol:1, channelId:0 [0m
[32m[27.553][adapter]-[Info]-[DjiAccessAdapter_Init:279) Try identify UART0 connection failed. Probably because SDK adapter or aircraft not finish init or UART connect error. [0m
[37m[27.603][adapter]-[Debug]-[DjiAccessAdapter_CheckUserUartBaudRateAndAircraftSeries:1546) Try (p, s, r, c) = (2, 0x0a06, 0x0300, 0x03fd) [0m
[37m[27.617][linker]-[Debug]-[DjiLinker_Init:129) init linker success, protocol:2, channelId:0 [0m
[37m[27.617][linker]-[Debug]-[DjiProtocol_v1Pack:123) <0000>V1-Send: 0x0A06->0x0300 0x03FD [0m
[37m[27.628][linker]-[Debug]-[DjiProtocol_v1Unpack:170) protocol frame length error [0m
[37m[27.637][linker]-[Debug]-[DjiProtocol_v1Pack:123) <0x01>V1-Send: 0x0A06->0x0300 0x03FD [0m
[37m[27.637][linker]-[Debug]-[DjiProtocol_v1Unpack:170) protocol frame length error [0m
[37m[27.637][linker]-[Debug]-[DjiProtocol_v1Unpack:170) protocol frame length error [0m
[37m[27.638][linker]-[Debug]-[DjiProtocol_v1Unpack:170) protocol frame length error [0m
[37m[27.645][linker]-[Debug]-[DjiProtocol_v1Unpack:170) protocol frame length error [0m
[37m[27.647][linker]-[Debug]-[DjiProtocol_v1Unpack:170) protocol frame length error [0m
[37m[27.657][linker]-[Debug]-[DjiProtocol_v1Unpack:170) protocol frame length error [0m
[37m[27.657][linker]-[Debug]-[DjiProtocol_v1Pack:123) <0x02>V1-Send: 0x0A06->0x0300 0x03FD [0m
[37m[27.662][linker]-[Debug]-[DjiProtocol_v1Unpack:170) protocol frame length error [0m
[37m[27.667][linker]-[Debug]-[DjiProtocol_v1Unpack:170) protocol frame length error [0m
[37m[27.672][linker]-[Debug]-[DjiProtocol_v1Unpack:170) protocol frame length error [0m
[37m[27.677][linker]-[Debug]-[DjiProtocol_v1Pack:123) <0x03>V1-Send: 0x0A06->0x0300 0x03FD [0m
[37m[27.681][linker]-[Debug]-[DjiProtocol_v1Unpack:170) protocol frame length error [0m
[37m[27.685][linker]-[Debug]-[DjiProtocol_v1Unpack:170) protocol frame length error [0m
[37m[27.687][linker]-[Debug]-[DjiProtocol_v1Unpack:170) protocol frame length error [0m
[37m[27.698][linker]-[Debug]-[DjiProtocol_v1Pack:123) <0x04>V1-Send: 0x0A06->0x0300 0x03FD [0m
[37m[27.718][linker]-[Debug]-[DjiLinker_DeInit:171) deinit linker success, protocol:2, channelId:0 [0m
[37m[27.718][adapter]-[Debug]-[DjiAccessAdapter_IdentifyUart0InfoAndAircraftSeries:713) Try (p, s, r, c) = (2, 0x0507, 0x0503, 0x03fd) [0m
[37m[27.726][linker]-[Debug]-[DjiLinker_Init:129) init linker success, protocol:2, channelId:0 [0m
[37m[27.726][linker]-[Debug]-[DjiProtocol_v1Pack:123) <0000>V1-Send: 0x0507->0x0503 0x03FD [0m
[37m[27.746][linker]-[Debug]-[DjiProtocol_v1Pack:123) <0x01>V1-Send: 0x0507->0x0503 0x03FD [0m
[37m[27.766][linker]-[Debug]-[DjiProtocol_v1Pack:123) <0x02>V1-Send: 0x0507->0x0503 0x03FD [0m
[37m[27.787][linker]-[Debug]-[DjiProtocol_v1Pack:123) <0x03>V1-Send: 0x0507->0x0503 0x03FD [0m
[37m[27.807][linker]-[Debug]-[DjiProtocol_v1Pack:123) <0x04>V1-Send: 0x0507->0x0503 0x03FD [0m
[37m[27.827][linker]-[Debug]-[DjiLinker_DeInit:171) deinit linker success, protocol:2, channelId:0 [0m
[37m[27.835][linker]-[Debug]-[DjiLinker_Init:129) init linker success, protocol:2, channelId:0 [0m
[37m[27.835][linker]-[Debug]-[DjiProtocol_v1Pack:123) <0000>V1-Send: 0x0507->0x0503 0x03FD [0m
[37m[27.855][linker]-[Debug]-[DjiProtocol_v1Pack:123) <0x01>V1-Send: 0x0507->0x0503 0x03FD [0m
[37m[27.875][linker]-[Debug]-[DjiProtocol_v1Pack:123) <0x02>V1-Send: 0x0507->0x0503 0x03FD [0m
[37m[27.895][linker]-[Debug]-[DjiProtocol_v1Pack:123) <0x03>V1-Send: 0x0507->0x0503 0x03FD [0m
[37m[27.915][linker]-[Debug]-[DjiProtocol_v1Pack:123) <0x04>V1-Send: 0x0507->0x0503 0x03FD [0m
[37m[27.936][linker]-[Debug]-[DjiLinker_DeInit:171) deinit linker success, protocol:2, channelId:0 [0m
[37m[27.943][linker]-[Debug]-[DjiLinker_Init:129) init linker success, protocol:2, channelId:0 [0m
[37m[27.943][linker]-[Debug]-[DjiProtocol_v1Pack:123) <0000>V1-Send: 0x0507->0x0503 0x03FD [0m
[37m[27.949][linker]-[Debug]-[DjiProtocol_v1Unpack:170) protocol frame length error [0m
[37m[27.959][linker]-[Debug]-[DjiProtocol_v1Unpack:170) protocol frame length error [0m
[37m[27.962][linker]-[Debug]-[DjiProtocol_v1Unpack:170) protocol frame length error [0m
[37m[27.962][linker]-[Debug]-[DjiProtocol_v1Unpack:170) protocol frame length error [0m
[37m[27.963][linker]-[Debug]-[DjiProtocol_v1Pack:123) <0x01>V1-Send: 0x0507->0x0503 0x03FD [0m
[37m[27.969][linker]-[Debug]-[DjiProtocol_v1Unpack:170) protocol frame length error [0m
[37m[27.982][linker]-[Debug]-[DjiProtocol_v1Unpack:170) protocol frame length error [0m
[37m[27.983][linker]-[Debug]-[DjiProtocol_v1Pack:123) <0x02>V1-Send: 0x0507->0x0503 0x03FD [0m
[37m[27.989][linker]-[Debug]-[DjiProtocol_v1Unpack:170) protocol frame length error [0m
[37m[28.003][linker]-[Debug]-[DjiProtocol_v1Pack:123) <0x03>V1-Send: 0x0507->0x0503 0x03FD [0m
[37m[28.017][linker]-[Debug]-[DjiProtocol_v1Unpack:170) protocol frame length error [0m
[37m[28.020][linker]-[Debug]-[DjiProtocol_v1Unpack:170) protocol frame length error [0m
[37m[28.023][linker]-[Debug]-[DjiProtocol_v1Pack:123) <0x04>V1-Send: 0x0507->0x0503 0x03FD [0m
[37m[28.044][linker]-[Debug]-[DjiLinker_DeInit:171) deinit linker success, protocol:2, channelId:0 [0m
[37m[28.054][linker]-[Debug]-[DjiLinker_Init:129) init linker success, protocol:2, channelId:0 [0m
[37m[28.054][linker]-[Debug]-[DjiProtocol_v1Pack:123) <0000>V1-Send: 0x0507->0x0503 0x03FD [0m
[37m[28.075][linker]-[Debug]-[DjiProtocol_v1Pack:123) <0x01>V1-Send: 0x0507->0x0503 0x03FD [0m
[37m[28.095][linker]-[Debug]-[DjiProtocol_v1Pack:123) <0x02>V1-Send: 0x0507->0x0503 0x03FD [0m
[37m[28.115][linker]-[Debug]-[DjiProtocol_v1Pack:123) <0x03>V1-Send: 0x0507->0x0503 0x03FD [0m
[37m[28.135][linker]-[Debug]-[DjiProtocol_v1Pack:123) <0x04>V1-Send: 0x0507->0x0503 0x03FD [0m
[37m[28.156][linker]-[Debug]-[DjiLinker_DeInit:171) deinit linker success, protocol:2, channelId:0 [0m
[37m[28.163][linker]-[Debug]-[DjiLinker_Init:129) init linker success, protocol:2, channelId:0 [0m
[37m[28.163][linker]-[Debug]-[DjiProtocol_v1Pack:123) <0000>V1-Send: 0x0507->0x0503 0x03FD [0m
[37m[28.183][linker]-[Debug]-[DjiProtocol_v1Pack:123) <0x01>V1-Send: 0x0507->0x0503 0x03FD [0m
[37m[28.203][linker]-[Debug]-[DjiProtocol_v1Pack:123) <0x02>V1-Send: 0x0507->0x0503 0x03FD [0m
[37m[28.223][linker]-[Debug]-[DjiProtocol_v1Pack:123) <0x03>V1-Send: 0x0507->0x0503 0x03FD [0m
[37m[28.243][linker]-[Debug]-[DjiProtocol_v1Pack:123) <0x04>V1-Send: 0x0507->0x0503 0x03FD [0m
[37m[28.264][linker]-[Debug]-[DjiLinker_DeInit:171) deinit linker success, protocol:2, channelId:0 [0m
[37m[28.264][adapter]-[Debug]-[DjiAccessAdapter_IdentifyUart0InfoAndAircraftSeries:776) Try (p, s, r, c) = (2, 0x0a06, 0x0300, 0x03fd) [0m
[37m[28.271][linker]-[Debug]-[DjiLinker_Init:129) init linker success, protocol:2, channelId:0 [0m
[37m[28.271][linker]-[Debug]-[DjiProtocol_v1Pack:123) <0000>V1-Send: 0x0A06->0x0300 0x03FD [0m
[37m[28.279][utils]-[Debug]-[DjiCore_RootTask:131) work execution time: [0m
[37m[28.279][utils]-[Debug]-[DjiCore_RootTask:132) name	                execution time (ms)	  max execution time (ms) [0m
[37m[28.279][utils]-[Debug]-[DjiCore_RootTask:134) recorderWork                    	1       	1        [0m
[37m[28.279][utils]-[Debug]-[DjiCore_RootTask:134) flowControllerTask              	0       	1        [0m
[37m[28.291][linker]-[Debug]-[DjiProtocol_v1Pack:123) <0x01>V1-Send: 0x0A06->0x0300 0x03FD [0m
[37m[28.311][linker]-[Debug]-[DjiProtocol_v1Pack:123) <0x02>V1-Send: 0x0A06->0x0300 0x03FD [0m
[37m[28.331][linker]-[Debug]-[DjiProtocol_v1Pack:123) <0x03>V1-Send: 0x0A06->0x0300 0x03FD [0m
[37m[28.351][linker]-[Debug]-[DjiProtocol_v1Pack:123) <0x04>V1-Send: 0x0A06->0x0300 0x03FD [0m
[37m[28.372][linker]-[Debug]-[DjiLinker_DeInit:171) deinit linker success, protocol:2, channelId:0 [0m
[37m[28.379][linker]-[Debug]-[DjiLinker_Init:129) init linker success, protocol:2, channelId:0 [0m
[37m[28.379][linker]-[Debug]-[DjiProtocol_v1Pack:123) <0000>V1-Send: 0x0A06->0x0300 0x03FD [0m
[37m[28.399][linker]-[Debug]-[DjiProtocol_v1Pack:123) <0x01>V1-Send: 0x0A06->0x0300 0x03FD [0m
[37m[28.419][linker]-[Debug]-[DjiProtocol_v1Pack:123) <0x02>V1-Send: 0x0A06->0x0300 0x03FD [0m
[37m[28.440][linker]-[Debug]-[DjiProtocol_v1Pack:123) <0x03>V1-Send: 0x0A06->0x0300 0x03FD [0m
[37m[28.460][linker]-[Debug]-[DjiProtocol_v1Pack:123) <0x04>V1-Send: 0x0A06->0x0300 0x03FD [0m
[37m[28.480][linker]-[Debug]-[DjiLinker_DeInit:171) deinit linker success, protocol:2, channelId:0 [0m
[37m[28.488][linker]-[Debug]-[DjiLinker_Init:129) init linker success, protocol:2, channelId:0 [0m
[37m[28.488][linker]-[Debug]-[DjiProtocol_v1Pack:123) <0000>V1-Send: 0x0A06->0x0300 0x03FD [0m
[37m[28.493][linker]-[Debug]-[DjiProtocol_v1Unpack:170) protocol frame length error [0m
[37m[28.504][linker]-[Debug]-[DjiProtocol_v1Unpack:170) protocol frame length error [0m
[37m[28.508][linker]-[Debug]-[DjiProtocol_v1Pack:123) <0x01>V1-Send: 0x0A06->0x0300 0x03FD [0m
[37m[28.514][linker]-[Debug]-[DjiProtocol_v1Unpack:170) protocol frame length error [0m
[37m[28.528][linker]-[Debug]-[DjiProtocol_v1Pack:123) <0x02>V1-Send: 0x0A06->0x0300 0x03FD [0m
[37m[28.538][linker]-[Debug]-[DjiProtocol_v1Unpack:170) protocol frame length error [0m
[37m[28.548][linker]-[Debug]-[DjiProtocol_v1Pack:123) <0x03>V1-Send: 0x0A06->0x0300 0x03FD [0m
[37m[28.553][linker]-[Debug]-[DjiProtocol_v1Unpack:170) protocol frame length error [0m
[37m[28.562][linker]-[Debug]-[DjiProtocol_v1Unpack:170) protocol frame length error [0m
[37m[28.568][linker]-[Debug]-[DjiProtocol_v1Pack:123) <0x04>V1-Send: 0x0A06->0x0300 0x03FD [0m
[37m[28.587][linker]-[Debug]-[DjiProtocol_v1Unpack:170) protocol frame length error [0m
[37m[28.587][linker]-[Debug]-[DjiProtocol_v1Unpack:170) protocol frame length error [0m
[37m[28.589][linker]-[Debug]-[DjiLinker_DeInit:171) deinit linker success, protocol:2, channelId:0 [0m
[37m[28.596][linker]-[Debug]-[DjiLinker_Init:129) init linker success, protocol:2, channelId:0 [0m
[37m[28.596][linker]-[Debug]-[DjiProtocol_v1Pack:123) <0000>V1-Send: 0x0A06->0x0300 0x03FD [0m
[37m[28.616][linker]-[Debug]-[DjiProtocol_v1Pack:123) <0x01>V1-Send: 0x0A06->0x0300 0x03FD [0m
[37m[28.636][linker]-[Debug]-[DjiProtocol_v1Pack:123) <0x02>V1-Send: 0x0A06->0x0300 0x03FD [0m
[37m[28.656][linker]-[Debug]-[DjiProtocol_v1Pack:123) <0x03>V1-Send: 0x0A06->0x0300 0x03FD [0m
[37m[28.676][linker]-[Debug]-[DjiProtocol_v1Pack:123) <0x04>V1-Send: 0x0A06->0x0300 0x03FD [0m
[37m[28.697][linker]-[Debug]-[DjiLinker_DeInit:171) deinit linker success, protocol:2, channelId:0 [0m
[37m[28.704][linker]-[Debug]-[DjiLinker_Init:129) init linker success, protocol:2, channelId:0 [0m
[37m[28.704][linker]-[Debug]-[DjiProtocol_v1Pack:123) <0000>V1-Send: 0x0A06->0x0300 0x03FD [0m
[37m[28.724][linker]-[Debug]-[DjiProtocol_v1Pack:123) <0x01>V1-Send: 0x0A06->0x0300 0x03FD [0m
[37m[28.744][linker]-[Debug]-[DjiProtocol_v1Pack:123) <0x02>V1-Send: 0x0A06->0x0300 0x03FD [0m
[37m[28.764][linker]-[Debug]-[DjiProtocol_v1Pack:123) <0x03>V1-Send: 0x0A06->0x0300 0x03FD [0m
[37m[28.785][linker]-[Debug]-[DjiProtocol_v1Pack:123) <0x04>V1-Send: 0x0A06->0x0300 0x03FD [0m
[37m[28.805][linker]-[Debug]-[DjiLinker_DeInit:171) deinit linker success, protocol:2, channelId:0 [0m
[37m[28.805][adapter]-[Debug]-[DjiAccessAdapter_IdentifyUart0InfoAndAircraftSeries:840) Try (p, s, r, c) = (2, 0x0503, 0x0801, 0x0001) [0m
[37m[28.812][linker]-[Debug]-[DjiLinker_Init:129) init linker success, protocol:2, channelId:0 [0m
[37m[28.812][linker]-[Debug]-[DjiProtocol_v1Pack:123) <0000>V1-Send: 0x0503->0x0801 0x0001 [0m
[37m[28.832][linker]-[Debug]-[DjiProtocol_v1Pack:123) <0x01>V1-Send: 0x0503->0x0801 0x0001 [0m
[37m[28.852][linker]-[Debug]-[DjiProtocol_v1Pack:123) <0x02>V1-Send: 0x0503->0x0801 0x0001 [0m
[37m[28.863][linker]-[Debug]-[DjiProtocol_v1Unpack:170) protocol frame length error [0m
[37m[28.873][linker]-[Debug]-[DjiProtocol_v1Pack:123) <0x03>V1-Send: 0x0503->0x0801 0x0001 [0m
[37m[28.893][linker]-[Debug]-[DjiProtocol_v1Pack:123) <0x04>V1-Send: 0x0503->0x0801 0x0001 [0m
[37m[28.913][linker]-[Debug]-[DjiLinker_DeInit:171) deinit linker success, protocol:2, channelId:0 [0m
[37m[28.920][linker]-[Debug]-[DjiLinker_Init:129) init linker success, protocol:2, channelId:0 [0m
[37m[28.920][linker]-[Debug]-[DjiProtocol_v1Pack:123) <0000>V1-Send: 0x0503->0x0801 0x0001 [0m
[37m[28.940][linker]-[Debug]-[DjiProtocol_v1Pack:123) <0x01>V1-Send: 0x0503->0x0801 0x0001 [0m
[37m[28.961][linker]-[Debug]-[DjiProtocol_v1Pack:123) <0x02>V1-Send: 0x0503->0x0801 0x0001 [0m
[37m[28.981][linker]-[Debug]-[DjiProtocol_v1Pack:123) <0x03>V1-Send: 0x0503->0x0801 0x0001 [0m
[37m[29.001][linker]-[Debug]-[DjiProtocol_v1Pack:123) <0x04>V1-Send: 0x0503->0x0801 0x0001 [0m
[37m[29.022][linker]-[Debug]-[DjiLinker_DeInit:171) deinit linker success, protocol:2, channelId:0 [0m
[37m[29.031][linker]-[Debug]-[DjiLinker_Init:129) init linker success, protocol:2, channelId:0 [0m
[37m[29.031][linker]-[Debug]-[DjiProtocol_v1Pack:123) <0000>V1-Send: 0x0503->0x0801 0x0001 [0m
[37m[29.052][linker]-[Debug]-[DjiProtocol_v1Pack:123) <0x01>V1-Send: 0x0503->0x0801 0x0001 [0m
[37m[29.072][linker]-[Debug]-[DjiProtocol_v1Pack:123) <0x02>V1-Send: 0x0503->0x0801 0x0001 [0m
[37m[29.086][linker]-[Debug]-[DjiProtocol_v1Unpack:170) protocol frame length error [0m
[37m[29.087][linker]-[Debug]-[DjiProtocol_v1Unpack:170) protocol frame length error [0m
[37m[29.092][linker]-[Debug]-[DjiProtocol_v1Pack:123) <0x03>V1-Send: 0x0503->0x0801 0x0001 [0m
[37m[29.096][linker]-[Debug]-[DjiProtocol_v1Unpack:170) protocol frame length error [0m
[37m[29.112][linker]-[Debug]-[DjiProtocol_v1Pack:123) <0x04>V1-Send: 0x0503->0x0801 0x0001 [0m
[37m[29.113][linker]-[Debug]-[DjiProtocol_v1Unpack:170) protocol frame length error [0m
[37m[29.133][linker]-[Debug]-[DjiLinker_DeInit:171) deinit linker success, protocol:2, channelId:0 [0m
[37m[29.142][linker]-[Debug]-[DjiLinker_Init:129) init linker success, protocol:2, channelId:0 [0m
[37m[29.142][linker]-[Debug]-[DjiProtocol_v1Pack:123) <0000>V1-Send: 0x0503->0x0801 0x0001 [0m
[37m[29.163][linker]-[Debug]-[DjiProtocol_v1Pack:123) <0x01>V1-Send: 0x0503->0x0801 0x0001 [0m
[37m[29.183][linker]-[Debug]-[DjiProtocol_v1Pack:123) <0x02>V1-Send: 0x0503->0x0801 0x0001 [0m
[37m[29.203][linker]-[Debug]-[DjiProtocol_v1Pack:123) <0x03>V1-Send: 0x0503->0x0801 0x0001 [0m
[37m[29.223][linker]-[Debug]-[DjiProtocol_v1Pack:123) <0x04>V1-Send: 0x0503->0x0801 0x0001 [0m
[37m[29.244][linker]-[Debug]-[DjiLinker_DeInit:171) deinit linker success, protocol:2, channelId:0 [0m
[37m[29.254][linker]-[Debug]-[DjiLinker_Init:129) init linker success, protocol:2, channelId:0 [0m
[37m[29.254][linker]-[Debug]-[DjiProtocol_v1Pack:123) <0000>V1-Send: 0x0503->0x0801 0x0001 [0m
[37m[29.275][linker]-[Debug]-[DjiProtocol_v1Pack:123) <0x01>V1-Send: 0x0503->0x0801 0x0001 [0m
[37m[29.295][linker]-[Debug]-[DjiProtocol_v1Pack:123) <0x02>V1-Send: 0x0503->0x0801 0x0001 [0m
[37m[29.315][linker]-[Debug]-[DjiProtocol_v1Pack:123) <0x03>V1-Send: 0x0503->0x0801 0x0001 [0m
[37m[29.335][linker]-[Debug]-[DjiProtocol_v1Pack:123) <0x04>V1-Send: 0x0503->0x0801 0x0001 [0m
[37m[29.356][linker]-[Debug]-[DjiLinker_DeInit:171) deinit linker success, protocol:2, channelId:0 [0m
[37m[29.356][adapter]-[Debug]-[DjiAccessAdapter_IdentifyUart0InfoAndAircraftSeries:907) Try (p, s, r, c) = (2, 0x0503, 0x0701, 0x0001) [0m
[37m[29.361][utils]-[Debug]-[DjiCore_RootTask:131) work execution time: [0m
[37m[29.361][utils]-[Debug]-[DjiCore_RootTask:132) name	                execution time (ms)	  max execution time (ms) [0m
[37m[29.361][utils]-[Debug]-[DjiCore_RootTask:134) recorderWork                    	0       	1        [0m
[37m[29.361][utils]-[Debug]-[DjiCore_RootTask:134) flowControllerTask              	1       	1        [0m
[37m[29.365][linker]-[Debug]-[DjiLinker_Init:129) init linker success, protocol:2, channelId:0 [0m
[37m[29.365][linker]-[Debug]-[DjiProtocol_v1Pack:123) <0000>V1-Send: 0x0503->0x0701 0x0001 [0m
[37m[29.386][linker]-[Debug]-[DjiProtocol_v1Pack:123) <0x01>V1-Send: 0x0503->0x0701 0x0001 [0m
[37m[29.406][linker]-[Debug]-[DjiProtocol_v1Pack:123) <0x02>V1-Send: 0x0503->0x0701 0x0001 [0m
[37m[29.426][linker]-[Debug]-[DjiProtocol_v1Pack:123) <0x03>V1-Send: 0x0503->0x0701 0x0001 [0m
[37m[29.446][linker]-[Debug]-[DjiProtocol_v1Pack:123) <0x04>V1-Send: 0x0503->0x0701 0x0001 [0m
[37m[29.467][linker]-[Debug]-[DjiLinker_DeInit:171) deinit linker success, protocol:2, channelId:0 [0m
[37m[29.476][linker]-[Debug]-[DjiLinker_Init:129) init linker success, protocol:2, channelId:0 [0m
[37m[29.476][linker]-[Debug]-[DjiProtocol_v1Pack:123) <0000>V1-Send: 0x0503->0x0701 0x0001 [0m
[37m[29.496][linker]-[Debug]-[DjiProtocol_v1Pack:123) <0x01>V1-Send: 0x0503->0x0701 0x0001 [0m
[37m[29.517][linker]-[Debug]-[DjiProtocol_v1Pack:123) <0x02>V1-Send: 0x0503->0x0701 0x0001 [0m
[37m[29.537][linker]-[Debug]-[DjiProtocol_v1Pack:123) <0x03>V1-Send: 0x0503->0x0701 0x0001 [0m
[37m[29.557][linker]-[Debug]-[DjiProtocol_v1Pack:123) <0x04>V1-Send: 0x0503->0x0701 0x0001 [0m
[37m[29.577][linker]-[Debug]-[DjiLinker_DeInit:171) deinit linker success, protocol:2, channelId:0 [0m
[37m[29.588][linker]-[Debug]-[DjiLinker_Init:129) init linker success, protocol:2, channelId:0 [0m
[37m[29.588][linker]-[Debug]-[DjiProtocol_v1Pack:123) <0000>V1-Send: 0x0503->0x0701 0x0001 [0m
[37m[29.596][linker]-[Debug]-[DjiProtocol_v1Unpack:170) protocol frame length error [0m
[37m[29.608][linker]-[Debug]-[DjiProtocol_v1Pack:123) <0x01>V1-Send: 0x0503->0x0701 0x0001 [0m
[37m[29.628][linker]-[Debug]-[DjiProtocol_v1Pack:123) <0x02>V1-Send: 0x0503->0x0701 0x0001 [0m
[37m[29.645][linker]-[Debug]-[DjiProtocol_v1Unpack:170) protocol frame length error [0m
[37m[29.648][linker]-[Debug]-[DjiProtocol_v1Pack:123) <0x03>V1-Send: 0x0503->0x0701 0x0001 [0m
[37m[29.654][linker]-[Debug]-[DjiProtocol_v1Unpack:170) protocol frame length error [0m
[37m[29.668][linker]-[Debug]-[DjiProtocol_v1Pack:123) <0x04>V1-Send: 0x0503->0x0701 0x0001 [0m
[37m[29.689][linker]-[Debug]-[DjiLinker_DeInit:171) deinit linker success, protocol:2, channelId:0 [0m
[37m[29.698][linker]-[Debug]-[DjiLinker_Init:129) init linker success, protocol:2, channelId:0 [0m
[37m[29.698][linker]-[Debug]-[DjiProtocol_v1Pack:123) <0000>V1-Send: 0x0503->0x0701 0x0001 [0m
[37m[29.719][linker]-[Debug]-[DjiProtocol_v1Pack:123) <0x01>V1-Send: 0x0503->0x0701 0x0001 [0m
[37m[29.739][linker]-[Debug]-[DjiProtocol_v1Pack:123) <0x02>V1-Send: 0x0503->0x0701 0x0001 [0m
[37m[29.759][linker]-[Debug]-[DjiProtocol_v1Pack:123) <0x03>V1-Send: 0x0503->0x0701 0x0001 [0m
[37m[29.779][linker]-[Debug]-[DjiProtocol_v1Pack:123) <0x04>V1-Send: 0x0503->0x0701 0x0001 [0m
[37m[29.800][linker]-[Debug]-[DjiLinker_DeInit:171) deinit linker success, protocol:2, channelId:0 [0m
[37m[29.809][linker]-[Debug]-[DjiLinker_Init:129) init linker success, protocol:2, channelId:0 [0m
[37m[29.809][linker]-[Debug]-[DjiProtocol_v1Pack:123) <0000>V1-Send: 0x0503->0x0701 0x0001 [0m
[37m[29.829][linker]-[Debug]-[DjiProtocol_v1Pack:123) <0x01>V1-Send: 0x0503->0x0701 0x0001 [0m
[37m[29.849][linker]-[Debug]-[DjiProtocol_v1Pack:123) <0x02>V1-Send: 0x0503->0x0701 0x0001 [0m
[37m[29.869][linker]-[Debug]-[DjiProtocol_v1Pack:123) <0x03>V1-Send: 0x0503->0x0701 0x0001 [0m
[37m[29.890][linker]-[Debug]-[DjiProtocol_v1Pack:123) <0x04>V1-Send: 0x0503->0x0701 0x0001 [0m
[37m[29.910][linker]-[Debug]-[DjiLinker_DeInit:171) deinit linker success, protocol:2, channelId:0 [0m
[37m[29.910][adapter]-[Debug]-[DjiAccessAdapter_IdentifyUart0InfoAndAircraftSeries:974) Try (p, s, r, c) = (2, 0x0a07, 0x0300, 0x03fd) [0m
[37m[29.920][linker]-[Debug]-[DjiLinker_Init:129) init linker success, protocol:2, channelId:0 [0m
[37m[29.920][linker]-[Debug]-[DjiProtocol_v1Pack:123) <0000>V1-Send: 0x0A07->0x0300 0x03FD [0m
[37m[29.940][linker]-[Debug]-[DjiProtocol_v1Pack:123) <0x01>V1-Send: 0x0A07->0x0300 0x03FD [0m
[37m[29.960][linker]-[Debug]-[DjiProtocol_v1Pack:123) <0x02>V1-Send: 0x0A07->0x0300 0x03FD [0m
[37m[29.980][linker]-[Debug]-[DjiProtocol_v1Pack:123) <0x03>V1-Send: 0x0A07->0x0300 0x03FD [0m
[37m[30.000][linker]-[Debug]-[DjiProtocol_v1Pack:123) <0x04>V1-Send: 0x0A07->0x0300 0x03FD [0m
[37m[30.021][linker]-[Debug]-[DjiLinker_DeInit:171) deinit linker success, protocol:2, channelId:0 [0m
[37m[30.031][linker]-[Debug]-[DjiLinker_Init:129) init linker success, protocol:2, channelId:0 [0m
[37m[30.031][linker]-[Debug]-[DjiProtocol_v1Pack:123) <0000>V1-Send: 0x0A07->0x0300 0x03FD [0m
[37m[30.051][linker]-[Debug]-[DjiProtocol_v1Pack:123) <0x01>V1-Send: 0x0A07->0x0300 0x03FD [0m
[37m[30.071][linker]-[Debug]-[DjiProtocol_v1Pack:123) <0x02>V1-Send: 0x0A07->0x0300 0x03FD [0m
[37m[30.091][linker]-[Debug]-[DjiProtocol_v1Pack:123) <0x03>V1-Send: 0x0A07->0x0300 0x03FD [0m
[37m[30.111][linker]-[Debug]-[DjiProtocol_v1Pack:123) <0x04>V1-Send: 0x0A07->0x0300 0x03FD [0m
[37m[30.132][linker]-[Debug]-[DjiLinker_DeInit:171) deinit linker success, protocol:2, channelId:0 [0m
[37m[30.141][linker]-[Debug]-[DjiLinker_Init:129) init linker success, protocol:2, channelId:0 [0m
[37m[30.141][linker]-[Debug]-[DjiProtocol_v1Unpack:170) protocol frame length error [0m
[37m[30.141][linker]-[Debug]-[DjiProtocol_v1Pack:123) <0000>V1-Send: 0x0A07->0x0300 0x03FD [0m
[37m[30.141][linker]-[Debug]-[DjiProtocol_v1Unpack:170) protocol frame length error [0m
[37m[30.145][linker]-[Debug]-[DjiProtocol_v1Unpack:170) protocol frame length error [0m
[37m[30.146][linker]-[Debug]-[DjiProtocol_v1Unpack:170) protocol frame length error [0m
[37m[30.157][linker]-[Debug]-[DjiProtocol_v1Unpack:170) protocol frame length error [0m
[37m[30.161][linker]-[Debug]-[DjiProtocol_v1Pack:123) <0x01>V1-Send: 0x0A07->0x0300 0x03FD [0m
[37m[30.182][linker]-[Debug]-[DjiProtocol_v1Pack:123) <0x02>V1-Send: 0x0A07->0x0300 0x03FD [0m
[37m[30.196][linker]-[Debug]-[DjiProtocol_v1Unpack:170) protocol frame length error [0m
[37m[30.202][linker]-[Debug]-[DjiProtocol_v1Pack:123) <0x03>V1-Send: 0x0A07->0x0300 0x03FD [0m
[37m[30.217][linker]-[Debug]-[DjiProtocol_v1Unpack:170) protocol frame length error [0m
[37m[30.221][linker]-[Debug]-[DjiProtocol_v1Unpack:170) protocol frame length error [0m
[37m[30.222][linker]-[Debug]-[DjiProtocol_v1Pack:123) <0x04>V1-Send: 0x0A07->0x0300 0x03FD [0m
[37m[30.223][linker]-[Debug]-[DjiProtocol_v1Unpack:170) protocol frame length error [0m
[37m[30.232][linker]-[Debug]-[DjiProtocol_v1Unpack:170) protocol frame length error [0m
[37m[30.234][linker]-[Debug]-[DjiProtocol_v1Unpack:170) protocol frame length error [0m
[37m[30.242][linker]-[Debug]-[DjiLinker_DeInit:171) deinit linker success, protocol:2, channelId:0 [0m
[37m[30.253][linker]-[Debug]-[DjiLinker_Init:129) init linker success, protocol:2, channelId:0 [0m
[37m[30.253][linker]-[Debug]-[DjiProtocol_v1Pack:123) <0000>V1-Send: 0x0A07->0x0300 0x03FD [0m
[37m[30.273][linker]-[Debug]-[DjiProtocol_v1Pack:123) <0x01>V1-Send: 0x0A07->0x0300 0x03FD [0m
[37m[30.293][linker]-[Debug]-[DjiProtocol_v1Pack:123) <0x02>V1-Send: 0x0A07->0x0300 0x03FD [0m
[37m[30.313][linker]-[Debug]-[DjiProtocol_v1Pack:123) <0x03>V1-Send: 0x0A07->0x0300 0x03FD [0m
[37m[30.333][linker]-[Debug]-[DjiProtocol_v1Pack:123) <0x04>V1-Send: 0x0A07->0x0300 0x03FD [0m
[37m[30.354][linker]-[Debug]-[DjiLinker_DeInit:171) deinit linker success, protocol:2, channelId:0 [0m
[37m[30.363][linker]-[Debug]-[DjiLinker_Init:129) init linker success, protocol:2, channelId:0 [0m
[37m[30.363][linker]-[Debug]-[DjiProtocol_v1Pack:123) <0000>V1-Send: 0x0A07->0x0300 0x03FD [0m
[37m[30.383][linker]-[Debug]-[DjiProtocol_v1Pack:123) <0x01>V1-Send: 0x0A07->0x0300 0x03FD [0m
[37m[30.403][linker]-[Debug]-[DjiProtocol_v1Pack:123) <0x02>V1-Send: 0x0A07->0x0300 0x03FD [0m
[37m[30.424][linker]-[Debug]-[DjiProtocol_v1Pack:123) <0x03>V1-Send: 0x0A07->0x0300 0x03FD [0m
[37m[30.444][linker]-[Debug]-[DjiProtocol_v1Pack:123) <0x04>V1-Send: 0x0A07->0x0300 0x03FD [0m
[37m[30.457][utils]-[Debug]-[DjiCore_RootTask:131) work execution time: [0m
[37m[30.457][utils]-[Debug]-[DjiCore_RootTask:132) name	                execution time (ms)	  max execution time (ms) [0m
[37m[30.457][utils]-[Debug]-[DjiCore_RootTask:134) recorderWork                    	0       	1        [0m
[37m[30.457][utils]-[Debug]-[DjiCore_RootTask:134) flowControllerTask              	0       	1        [0m
[37m[30.464][linker]-[Debug]-[DjiLinker_DeInit:171) deinit linker success, protocol:2, channelId:0 [0m
[37m[30.464][adapter]-[Debug]-[DjiAccessAdapter_IdentifyUart0InfoAndAircraftSeries:1046) Try (p, s, r, c) = (1, 0x0a00, 0x0300, 0x0000) [0m
[37m[30.473][linker]-[Debug]-[DjiLinker_Init:129) init linker success, protocol:1, channelId:0 [0m
[37m[30.473][linker]-[Debug]-[DjiProtocol_sdkPack:183) SDK-Send: 0x0A->0x03 0x0000 [0m
[37m[30.494][linker]-[Debug]-[DjiProtocol_sdkPack:183) SDK-Send: 0x0A->0x03 0x0000 [0m
[37m[30.514][linker]-[Debug]-[DjiProtocol_sdkPack:183) SDK-Send: 0x0A->0x03 0x0000 [0m
[37m[30.534][linker]-[Debug]-[DjiProtocol_sdkPack:183) SDK-Send: 0x0A->0x03 0x0000 [0m
[37m[30.554][linker]-[Debug]-[DjiProtocol_sdkPack:183) SDK-Send: 0x0A->0x03 0x0000 [0m
[37m[30.575][linker]-[Debug]-[DjiLinker_DeInit:171) deinit linker success, protocol:1, channelId:0 [0m
[31m[30.584][linker]-[Error]-[DjiProtocol_sdkUnpack:228) protocol frame crc16 error:0x4D8C 0x1DA1 [0m
[37m[30.584][linker]-[Debug]-[DjiLinker_Init:129) init linker success, protocol:1, channelId:0 [0m
[37m[30.584][linker]-[Debug]-[DjiProtocol_sdkPack:183) SDK-Send: 0x0A->0x03 0x0000 [0m
[37m[30.604][linker]-[Debug]-[DjiProtocol_sdkUnpack:219) protocol frame length error [0m
[37m[30.604][linker]-[Debug]-[DjiProtocol_sdkPack:183) SDK-Send: 0x0A->0x03 0x0000 [0m
[37m[30.614][linker]-[Debug]-[DjiProtocol_sdkUnpack:219) protocol frame length error [0m
[37m[30.622][linker]-[Debug]-[DjiProtocol_sdkUnpack:219) protocol frame length error [0m
[37m[30.624][linker]-[Debug]-[DjiProtocol_sdkPack:183) SDK-Send: 0x0A->0x03 0x0000 [0m
[37m[30.633][linker]-[Debug]-[DjiProtocol_sdkUnpack:219) protocol frame length error [0m
[37m[30.645][linker]-[Debug]-[DjiProtocol_sdkPack:183) SDK-Send: 0x0A->0x03 0x0000 [0m
[37m[30.648][linker]-[Debug]-[DjiProtocol_sdkUnpack:219) protocol frame length error [0m
[37m[30.661][linker]-[Debug]-[DjiProtocol_sdkUnpack:219) protocol frame length error [0m
[37m[30.665][linker]-[Debug]-[DjiProtocol_sdkPack:183) SDK-Send: 0x0A->0x03 0x0000 [0m
[37m[30.668][linker]-[Debug]-[DjiProtocol_sdkUnpack:219) protocol frame length error [0m
[37m[30.673][linker]-[Debug]-[DjiProtocol_sdkUnpack:219) protocol frame length error [0m
[37m[30.679][linker]-[Debug]-[DjiProtocol_sdkUnpack:219) protocol frame length error [0m
[31m[30.684][linker]-[Error]-[DjiProtocol_sdkUnpack:228) protocol frame crc16 error:0x187B 0xCFBF [0m
[37m[30.685][linker]-[Debug]-[DjiProtocol_sdkUnpack:219) protocol frame length error [0m
[37m[30.687][linker]-[Debug]-[DjiLinker_DeInit:171) deinit linker success, protocol:1, channelId:0 [0m
[37m[30.696][linker]-[Debug]-[DjiProtocol_sdkUnpack:276) SDK-Recv: 0x03->0x0A 0x0205 [0m
[37m[30.696][linker]-[Debug]-[DjiLinker_Init:129) init linker success, protocol:1, channelId:0 [0m
[37m[30.696][linker]-[Debug]-[DjiProtocol_sdkPack:183) SDK-Send: 0x0A->0x03 0x0000 [0m
[37m[30.697][linker]-[Debug]-[DjiProtocol_sdkUnpack:276) SDK-Recv: 0x03->0x0A 0x0205 [0m
[37m[30.698][linker]-[Debug]-[DjiProtocol_sdkUnpack:276) SDK-Recv: 0x03->0x0A 0x0205 [0m
[37m[30.703][linker]-[Debug]-[DjiProtocol_sdkUnpack:276) SDK-Recv: 0x03->0x0A 0x0205 [0m
[31m[30.703][linker]-[Error]-[DjiProtocol_sdkUnpack:237) protocol frame crc32 error [0m
[37m[30.704][linker]-[Debug]-[DjiProtocol_sdkUnpack:276) SDK-Recv: 0x03->0x0A 0x0205 [0m
[37m[30.705][linker]-[Debug]-[DjiProtocol_sdkUnpack:276) SDK-Recv: 0x03->0x0A 0x0205 [0m
[31m[30.709][linker]-[Error]-[DjiProtocol_sdkUnpack:237) protocol frame crc32 error [0m
[37m[30.710][linker]-[Debug]-[DjiProtocol_sdkUnpack:276) SDK-Recv: 0x03->0x0A 0x0205 [0m
[37m[30.712][linker]-[Debug]-[DjiProtocol_sdkUnpack:276) SDK-Recv: 0x03->0x0A 0x0205 [0m
[37m[30.712][linker]-[Debug]-[DjiProtocol_sdkUnpack:276) SDK-Recv: 0x03->0x0A 0x0205 [0m
[37m[30.714][linker]-[Debug]-[DjiProtocol_sdkUnpack:276) SDK-Recv: 0x03->0x0A 0x0205 [0m
[37m[30.716][linker]-[Debug]-[DjiProtocol_sdkPack:183) SDK-Send: 0x0A->0x03 0x0000 [0m
[37m[30.717][linker]-[Debug]-[DjiProtocol_sdkUnpack:276) SDK-Recv: 0x03->0x0A 0x0205 [0m
[37m[30.718][linker]-[Debug]-[DjiProtocol_sdkUnpack:276) SDK-Recv: 0x03->0x0A 0x0205 [0m
[37m[30.720][linker]-[Debug]-[DjiProtocol_sdkUnpack:276) SDK-Recv: 0x03->0x0A 0x0205 [0m
[37m[30.722][linker]-[Debug]-[DjiProtocol_sdkUnpack:276) SDK-Recv: 0x03->0x0A 0x0205 [0m
[37m[30.724][linker]-[Debug]-[DjiProtocol_sdkUnpack:276) SDK-Recv: 0x03->0x0A 0x0205 [0m
[37m[30.724][linker]-[Debug]-[DjiProtocol_sdkUnpack:276) SDK-Recv: 0x03->0x0A 0x0205 [0m
[37m[30.727][linker]-[Debug]-[DjiProtocol_sdkUnpack:276) SDK-Recv: 0x03->0x0A 0x0205 [0m
[37m[30.728][linker]-[Debug]-[DjiProtocol_sdkUnpack:276) SDK-Recv: 0x03->0x0A 0x0205 [0m
[37m[30.729][linker]-[Debug]-[DjiProtocol_sdkUnpack:276) SDK-Recv: 0x03->0x0A 0x0205 [0m
[37m[30.732][linker]-[Debug]-[DjiProtocol_sdkUnpack:276) SDK-Recv: 0x03->0x0A 0x0205 [0m
[37m[30.733][linker]-[Debug]-[DjiProtocol_sdkUnpack:276) SDK-Recv: 0x03->0x0A 0x0205 [0m
[37m[30.734][linker]-[Debug]-[DjiProtocol_sdkUnpack:276) SDK-Recv: 0x03->0x0A 0x0205 [0m
[37m[30.737][linker]-[Debug]-[DjiProtocol_sdkPack:183) SDK-Send: 0x0A->0x03 0x0000 [0m
[37m[30.738][linker]-[Debug]-[DjiProtocol_sdkUnpack:276) SDK-Recv: 0x03->0x0A 0x0205 [0m
[37m[30.738][linker]-[Debug]-[DjiProtocol_sdkUnpack:276) SDK-Recv: 0x03->0x0A 0x0205 [0m
[37m[30.740][linker]-[Debug]-[DjiProtocol_sdkUnpack:276) SDK-Recv: 0x03->0x0A 0x0205 [0m
[37m[30.743][linker]-[Debug]-[DjiProtocol_sdkUnpack:276) SDK-Recv: 0x03->0x0A 0x0205 [0m
[31m[30.745][linker]-[Error]-[DjiProtocol_sdkUnpack:237) protocol frame crc32 error [0m
[31m[30.745][linker]-[Error]-[DjiProtocol_sdkUnpack:228) protocol frame crc16 error:0x00BC 0x1E0E [0m
[31m[30.746][linker]-[Error]-[DjiProtocol_sdkUnpack:228) protocol frame crc16 error:0x5734 0x9B63 [0m
[37m[30.747][linker]-[Debug]-[DjiProtocol_sdkUnpack:219) protocol frame length error [0m
[31m[30.749][linker]-[Error]-[DjiProtocol_sdkUnpack:237) protocol frame crc32 error [0m
[31m[30.749][linker]-[Error]-[DjiProtocol_sdkUnpack:228) protocol frame crc16 error:0x80BC 0xC90C [0m
[31m[30.751][linker]-[Error]-[DjiProtocol_sdkUnpack:228) protocol frame crc16 error:0x9F3F 0x724A [0m
[37m[30.753][linker]-[Debug]-[DjiProtocol_sdkUnpack:276) SDK-Recv: 0x03->0x0A 0x0205 [0m
[37m[30.754][linker]-[Debug]-[DjiProtocol_sdkUnpack:276) SDK-Recv: 0x03->0x0A 0x0205 [0m
[37m[30.757][linker]-[Debug]-[DjiProtocol_sdkPack:183) SDK-Send: 0x0A->0x03 0x0000 [0m
[37m[30.757][linker]-[Debug]-[DjiProtocol_sdkUnpack:276) SDK-Recv: 0x03->0x0A 0x0205 [0m
[37m[30.757][linker]-[Debug]-[DjiProtocol_sdkUnpack:276) SDK-Recv: 0x03->0x0A 0x0205 [0m
[37m[30.759][linker]-[Debug]-[DjiProtocol_sdkUnpack:276) SDK-Recv: 0x03->0x0A 0x0205 [0m
[37m[30.762][linker]-[Debug]-[DjiProtocol_sdkUnpack:276) SDK-Recv: 0x03->0x0A 0x0205 [0m
[37m[30.763][linker]-[Debug]-[DjiProtocol_sdkUnpack:276) SDK-Recv: 0x03->0x0A 0x0205 [0m
[37m[30.764][linker]-[Debug]-[DjiProtocol_sdkUnpack:276) SDK-Recv: 0x03->0x0A 0x0205 [0m
[37m[30.764][linker]-[Debug]-[DjiProtocol_sdkUnpack:276) SDK-Recv: 0x03->0x0A 0x0205 [0m
[37m[30.766][linker]-[Debug]-[DjiProtocol_sdkUnpack:276) SDK-Recv: 0x03->0x0A 0x0205 [0m
[37m[30.769][linker]-[Debug]-[DjiProtocol_sdkUnpack:276) SDK-Recv: 0x03->0x0A 0x0205 [0m
[37m[30.770][linker]-[Debug]-[DjiProtocol_sdkUnpack:276) SDK-Recv: 0x03->0x0A 0x0205 [0m
[37m[30.772][linker]-[Debug]-[DjiProtocol_sdkUnpack:276) SDK-Recv: 0x03->0x0A 0x0205 [0m
[37m[30.773][linker]-[Debug]-[DjiProtocol_sdkUnpack:276) SDK-Recv: 0x03->0x0A 0x0205 [0m
[37m[30.775][linker]-[Debug]-[DjiProtocol_sdkUnpack:276) SDK-Recv: 0x03->0x0A 0x0205 [0m
[37m[30.777][linker]-[Debug]-[DjiProtocol_sdkPack:183) SDK-Send: 0x0A->0x03 0x0000 [0m
[31m[30.777][linker]-[Error]-[DjiProtocol_sdkUnpack:237) protocol frame crc32 error [0m
[31m[30.778][linker]-[Error]-[DjiProtocol_sdkUnpack:228) protocol frame crc16 error:0x20BC 0x1467 [0m
[37m[30.779][linker]-[Debug]-[DjiProtocol_sdkUnpack:276) SDK-Recv: 0x03->0x0A 0x0205 [0m
[37m[30.782][linker]-[Debug]-[DjiProtocol_sdkUnpack:276) SDK-Recv: 0x03->0x0A 0x0205 [0m
[37m[30.784][linker]-[Debug]-[DjiProtocol_sdkUnpack:276) SDK-Recv: 0x03->0x0A 0x0205 [0m
[37m[30.786][linker]-[Debug]-[DjiProtocol_sdkUnpack:276) SDK-Recv: 0x03->0x0A 0x0205 [0m
[37m[30.786][linker]-[Debug]-[DjiProtocol_sdkUnpack:276) SDK-Recv: 0x03->0x0A 0x0205 [0m
[37m[30.788][linker]-[Debug]-[DjiProtocol_sdkUnpack:276) SDK-Recv: 0x03->0x0A 0x0205 [0m
[37m[30.789][linker]-[Debug]-[DjiProtocol_sdkUnpack:276) SDK-Recv: 0x03->0x0A 0x0205 [0m
[31m[30.792][linker]-[Error]-[DjiProtocol_sdkUnpack:237) protocol frame crc32 error [0m
[31m[30.792][linker]-[Error]-[DjiProtocol_sdkUnpack:228) protocol frame crc16 error:0x36BC 0x3458 [0m
[37m[30.795][linker]-[Debug]-[DjiProtocol_sdkUnpack:276) SDK-Recv: 0x03->0x0A 0x0205 [0m
[37m[30.798][linker]-[Debug]-[DjiLinker_DeInit:171) deinit linker success, protocol:1, channelId:0 [0m
[31m[30.810][linker]-[Error]-[DjiProtocol_sdkUnpack:228) protocol frame crc16 error:0x80BC 0xDC48 [0m
[37m[30.810][linker]-[Debug]-[DjiProtocol_sdkUnpack:219) protocol frame length error [0m
[31m[30.810][linker]-[Error]-[DjiProtocol_sdkUnpack:237) protocol frame crc32 error [0m
[37m[30.810][linker]-[Debug]-[DjiLinker_Init:129) init linker success, protocol:1, channelId:0 [0m
[37m[30.810][linker]-[Debug]-[DjiProtocol_sdkPack:183) SDK-Send: 0x0A->0x03 0x0000 [0m
[37m[30.831][linker]-[Debug]-[DjiProtocol_sdkPack:183) SDK-Send: 0x0A->0x03 0x0000 [0m
[37m[30.851][linker]-[Debug]-[DjiProtocol_sdkPack:183) SDK-Send: 0x0A->0x03 0x0000 [0m
[37m[30.871][linker]-[Debug]-[DjiProtocol_sdkPack:183) SDK-Send: 0x0A->0x03 0x0000 [0m
[37m[30.891][linker]-[Debug]-[DjiProtocol_sdkPack:183) SDK-Send: 0x0A->0x03 0x0000 [0m
[37m[30.912][linker]-[Debug]-[DjiLinker_DeInit:171) deinit linker success, protocol:1, channelId:0 [0m
[37m[30.926][linker]-[Debug]-[DjiLinker_Init:129) init linker success, protocol:1, channelId:0 [0m
[37m[30.926][linker]-[Debug]-[DjiProtocol_sdkPack:183) SDK-Send: 0x0A->0x03 0x0000 [0m
[37m[30.946][linker]-[Debug]-[DjiProtocol_sdkPack:183) SDK-Send: 0x0A->0x03 0x0000 [0m
[37m[30.966][linker]-[Debug]-[DjiProtocol_sdkPack:183) SDK-Send: 0x0A->0x03 0x0000 [0m
[37m[30.987][linker]-[Debug]-[DjiProtocol_sdkPack:183) SDK-Send: 0x0A->0x03 0x0000 [0m
[37m[31.007][linker]-[Debug]-[DjiProtocol_sdkPack:183) SDK-Send: 0x0A->0x03 0x0000 [0m
[37m[31.028][linker]-[Debug]-[DjiLinker_DeInit:171) deinit linker success, protocol:1, channelId:0 [0m
[32m[31.028][adapter]-[Info]-[DjiAccessAdapter_Init:279) Try identify UART0 connection failed. Probably because SDK adapter or aircraft not finish init or UART connect error. [0m
[37m[31.078][adapter]-[Debug]-[DjiAccessAdapter_CheckUserUartBaudRateAndAircraftSeries:1546) Try (p, s, r, c) = (2, 0x0a06, 0x0300, 0x03fd) [0m
[37m[31.093][linker]-[Debug]-[DjiLinker_Init:129) init linker success, protocol:2, channelId:0 [0m
[37m[31.093][linker]-[Debug]-[DjiProtocol_v1Pack:123) <0000>V1-Send: 0x0A06->0x0300 0x03FD [0m
[37m[31.113][linker]-[Debug]-[DjiProtocol_v1Pack:123) <0x01>V1-Send: 0x0A06->0x0300 0x03FD [0m
[37m[31.114][linker]-[Debug]-[DjiProtocol_v1Unpack:170) protocol frame length error [0m
[37m[31.122][linker]-[Debug]-[DjiProtocol_v1Unpack:170) protocol frame length error [0m
[33m[31.125][linker]-[Warn]-[DjiProtocol_v1Unpack:178) protocol frame crc8 error [0m
[37m[31.133][linker]-[Debug]-[DjiProtocol_v1Pack:123) <0x02>V1-Send: 0x0A06->0x0300 0x03FD [0m
[37m[31.145][linker]-[Debug]-[DjiProtocol_v1Unpack:170) protocol frame length error [0m
[37m[31.147][linker]-[Debug]-[DjiProtocol_v1Unpack:170) protocol frame length error [0m
[37m[31.150][linker]-[Debug]-[DjiProtocol_v1Unpack:170) protocol frame length error [0m
[37m[31.151][linker]-[Debug]-[DjiProtocol_v1Unpack:170) protocol frame length error [0m
[37m[31.154][linker]-[Debug]-[DjiProtocol_v1Pack:123) <0x03>V1-Send: 0x0A06->0x0300 0x03FD [0m
[37m[31.156][linker]-[Debug]-[DjiProtocol_v1Unpack:170) protocol frame length error [0m
[37m[31.157][linker]-[Debug]-[DjiProtocol_v1Unpack:170) protocol frame length error [0m
[37m[31.171][linker]-[Debug]-[DjiProtocol_v1Unpack:170) protocol frame length error [0m
[37m[31.171][linker]-[Debug]-[DjiProtocol_v1Unpack:170) protocol frame length error [0m
[37m[31.174][linker]-[Debug]-[DjiProtocol_v1Pack:123) <0x04>V1-Send: 0x0A06->0x0300 0x03FD [0m
[37m[31.195][linker]-[Debug]-[DjiLinker_DeInit:171) deinit linker success, protocol:2, channelId:0 [0m
[37m[31.195][adapter]-[Debug]-[DjiAccessAdapter_IdentifyUart0InfoAndAircraftSeries:713) Try (p, s, r, c) = (2, 0x0507, 0x0503, 0x03fd) [0m
[37m[31.204][linker]-[Debug]-[DjiLinker_Init:129) init linker success, protocol:2, channelId:0 [0m
[37m[31.204][linker]-[Debug]-[DjiProtocol_v1Pack:123) <0000>V1-Send: 0x0507->0x0503 0x03FD [0m
[37m[31.224][linker]-[Debug]-[DjiProtocol_v1Pack:123) <0x01>V1-Send: 0x0507->0x0503 0x03FD [0m
